종목,종목명,섹터,섹터강도,섹터순위,그날섹터수
005930,삼성전자,반도체,1.86,6.0,7.0
005930,삼성전자,반도체,13.25,2.0,7.0
005930,삼성전자,반도체,2.52,5.0,7.0
005930,삼성전자,반도체,3.78,4.0,7.0
005930,삼성전자,반도체,22.56,1.0,7.0
005930,삼성전자,반도체,23.45,2.0,7.0
005930,삼성전자,반도체,7.86,1.0,7.0
005930,삼성전자,반도체,3.57,2.0,7.0
005930,삼성전자,반도체,8.13,4.0,7.0
005930,삼성전자,반도체,8.81,4.0,7.0
005930,삼성전자,반도체,0.88,2.0,7.0
005930,삼성전자,반도체,-0.61,3.0,7.0
005930,삼성전자,반도체,-0.69,4.0,7.0
005930,삼성전자,반도체,17.93,1.0,7.0
005930,삼성전자,반도체,1.73,4.0,7.0
005930,삼성전자,반도체,7.8,1.0,7.0
005930,삼성전자,반도체,13.4,2.0,7.0
000660,SK하이닉스,반도체,5.16,4.0,7.0
000660,SK하이닉스,반도체,1.86,6.0,7.0
000660,SK하이닉스,반도체,13.91,2.0,7.0
000660,SK하이닉스,반도체,1.77,2.0,7.0
000660,SK하이닉스,반도체,22.56,1.0,7.0
000660,SK하이닉스,반도체,1.34,5.0,7.0
000660,SK하이닉스,반도체,-0.52,3.0,7.0
000660,SK하이닉스,반도체,1.89,5.0,7.0
000660,SK하이닉스,반도체,23.45,2.0,7.0
000660,SK하이닉스,반도체,7.06,1.0,7.0
000660,SK하이닉스,반도체,7.17,1.0,7.0
000660,SK하이닉스,반도체,16.3,2.0,7.0
000660,SK하이닉스,반도체,21.55,1.0,7.0
000660,SK하이닉스,반도체,2.68,4.0,7.0
000660,SK하이닉스,반도체,8.81,4.0,7.0
000660,SK하이닉스,반도체,17.86,2.0,7.0
042700,한미반도체,반도체,10.24,3.0,7.0
042700,한미반도체,반도체,11.92,3.0,7.0
042700,한미반도체,반도체,4.97,3.0,7.0
042700,한미반도체,반도체,10.35,1.0,7.0
042700,한미반도체,반도체,11.16,2.0,7.0
042700,한미반도체,반도체,10.3,2.0,7.0
042700,한미반도체,반도체,11.67,2.0,7.0
042700,한미반도체,반도체,-3.13,5.0,7.0
042700,한미반도체,반도체,-0.98,3.0,7.0
042700,한미반도체,반도체,-2.08,4.0,7.0
042700,한미반도체,반도체,1.77,2.0,7.0
042700,한미반도체,반도체,5.93,1.0,7.0
042700,한미반도체,반도체,4.3,3.0,7.0
042700,한미반도체,반도체,5.04,2.0,7.0
042700,한미반도체,반도체,10.96,2.0,7.0
042700,한미반도체,반도체,12.07,1.0,7.0
042700,한미반도체,반도체,1.38,4.0,7.0
042700,한미반도체,반도체,7.17,1.0,7.0
042700,한미반도체,반도체,12.79,1.0,7.0
042700,한미반도체,반도체,13.74,1.0,7.0
042700,한미반도체,반도체,0.0,5.0,7.0
042700,한미반도체,반도체,0.79,4.0,7.0
042700,한미반도체,반도체,3.75,3.0,7.0
042700,한미반도체,반도체,4.07,3.0,7.0
042700,한미반도체,반도체,4.43,3.0,7.0
042700,한미반도체,반도체,-5.63,7.0,7.0
042700,한미반도체,반도체,8.77,2.0,7.0
042700,한미반도체,반도체,22.56,1.0,7.0
042700,한미반도체,반도체,18.86,1.0,7.0
042700,한미반도체,반도체,7.74,3.0,7.0
042700,한미반도체,반도체,2.62,5.0,7.0
042700,한미반도체,반도체,3.35,4.0,7.0
042700,한미반도체,반도체,-4.61,5.0,7.0
042700,한미반도체,반도체,3.3,2.0,7.0
042700,한미반도체,반도체,-0.85,5.0,7.0
042700,한미반도체,반도체,-4.15,6.0,7.0
042700,한미반도체,반도체,2.34,2.0,7.0
042700,한미반도체,반도체,1.89,5.0,7.0
042700,한미반도체,반도체,3.1,2.0,7.0
042700,한미반도체,반도체,0.22,5.0,7.0
042700,한미반도체,반도체,0.66,5.0,7.0
042700,한미반도체,반도체,15.65,3.0,7.0
042700,한미반도체,반도체,17.95,3.0,7.0
042700,한미반도체,반도체,19.56,2.0,7.0
042700,한미반도체,반도체,8.16,1.0,7.0
042700,한미반도체,반도체,7.06,1.0,7.0
042700,한미반도체,반도체,18.71,1.0,7.0
042700,한미반도체,반도체,7.35,3.0,7.0
042700,한미반도체,반도체,12.35,2.0,7.0
042700,한미반도체,반도체,8.15,2.0,7.0
042700,한미반도체,반도체,6.7,2.0,7.0
042700,한미반도체,반도체,11.14,1.0,7.0
042700,한미반도체,반도체,-0.61,5.0,7.0
042700,한미반도체,반도체,1.69,3.0,7.0
042700,한미반도체,반도체,6.75,2.0,7.0
042700,한미반도체,반도체,-3.91,6.0,7.0
042700,한미반도체,반도체,10.66,2.0,7.0
042700,한미반도체,반도체,7.7,3.0,7.0
042700,한미반도체,반도체,8.12,2.0,7.0
042700,한미반도체,반도체,0.62,3.0,7.0
042700,한미반도체,반도체,2.75,2.0,7.0
042700,한미반도체,반도체,-0.57,6.0,7.0
042700,한미반도체,반도체,14.17,2.0,7.0
042700,한미반도체,반도체,-2.9,3.0,7.0
042700,한미반도체,반도체,0.47,3.0,7.0
042700,한미반도체,반도체,15.36,2.0,7.0
042700,한미반도체,반도체,15.39,3.0,7.0
042700,한미반도체,반도체,-11.14,7.0,7.0
042700,한미반도체,반도체,-7.35,7.0,7.0
042700,한미반도체,반도체,1.8,4.0,7.0
042700,한미반도체,반도체,1.02,3.0,7.0
042700,한미반도체,반도체,6.55,3.0,7.0
042700,한미반도체,반도체,-3.06,5.0,7.0
042700,한미반도체,반도체,1.22,4.0,7.0
042700,한미반도체,반도체,-1.11,4.0,7.0
042700,한미반도체,반도체,14.17,2.0,7.0
042700,한미반도체,반도체,17.93,1.0,7.0
042700,한미반도체,반도체,22.83,1.0,7.0
042700,한미반도체,반도체,24.77,1.0,7.0
042700,한미반도체,반도체,2.02,3.0,7.0
042700,한미반도체,반도체,2.68,2.0,7.0
042700,한미반도체,반도체,5.77,1.0,7.0
042700,한미반도체,반도체,7.8,1.0,7.0
042700,한미반도체,반도체,12.81,1.0,7.0
042700,한미반도체,반도체,21.19,2.0,7.0
042700,한미반도체,반도체,18.41,1.0,7.0
042700,한미반도체,반도체,14.26,1.0,7.0
042700,한미반도체,반도체,12.88,1.0,7.0
042700,한미반도체,반도체,17.29,1.0,7.0
042700,한미반도체,반도체,16.93,2.0,7.0
042700,한미반도체,반도체,13.79,1.0,7.0
042700,한미반도체,반도체,1.52,3.0,7.0
000990,DB하이텍,반도체,11.92,3.0,7.0
000990,DB하이텍,반도체,11.83,2.0,7.0
000990,DB하이텍,반도체,13.25,2.0,7.0
000990,DB하이텍,반도체,13.91,2.0,7.0
000990,DB하이텍,반도체,-0.09,5.0,7.0
000990,DB하이텍,반도체,-1.81,5.0,7.0
000990,DB하이텍,반도체,0.56,2.0,7.0
000990,DB하이텍,반도체,2.35,2.0,7.0
000990,DB하이텍,반도체,5.04,2.0,7.0
000990,DB하이텍,반도체,5.55,3.0,7.0
000990,DB하이텍,반도체,6.76,3.0,7.0
000990,DB하이텍,반도체,7.06,3.0,7.0
000990,DB하이텍,반도체,9.29,2.0,7.0
000990,DB하이텍,반도체,10.85,2.0,7.0
000990,DB하이텍,반도체,6.39,2.0,7.0
000990,DB하이텍,반도체,7.74,3.0,7.0
000990,DB하이텍,반도체,0.0,5.0,7.0
000990,DB하이텍,반도체,-1.53,5.0,7.0
000990,DB하이텍,반도체,3.68,2.0,7.0
000990,DB하이텍,반도체,8.77,2.0,7.0
000990,DB하이텍,반도체,17.88,2.0,7.0
000990,DB하이텍,반도체,22.56,1.0,7.0
000990,DB하이텍,반도체,4.31,4.0,7.0
000990,DB하이텍,반도체,4.31,3.0,7.0
000990,DB하이텍,반도체,2.66,5.0,7.0
000990,DB하이텍,반도체,1.05,3.0,7.0
000990,DB하이텍,반도체,-4.25,7.0,7.0
000990,DB하이텍,반도체,1.09,4.0,7.0
000990,DB하이텍,반도체,3.71,2.0,7.0
000990,DB하이텍,반도체,-0.85,5.0,7.0
000990,DB하이텍,반도체,15.65,3.0,7.0
000990,DB하이텍,반도체,19.11,3.0,7.0
000990,DB하이텍,반도체,21.82,2.0,7.0
000990,DB하이텍,반도체,7.17,1.0,7.0
000990,DB하이텍,반도체,4.88,3.0,7.0
000990,DB하이텍,반도체,7.72,2.0,7.0
000990,DB하이텍,반도체,7.06,3.0,7.0
000990,DB하이텍,반도체,8.47,4.0,7.0
000990,DB하이텍,반도체,4.15,3.0,7.0
000990,DB하이텍,반도체,4.06,2.0,7.0
000990,DB하이텍,반도체,2.3,3.0,7.0
000990,DB하이텍,반도체,-7.0,7.0,7.0
000990,DB하이텍,반도체,-2.9,3.0,7.0
000990,DB하이텍,반도체,-0.9,5.0,7.0
000990,DB하이텍,반도체,3.89,5.0,7.0
000990,DB하이텍,반도체,1.58,4.0,7.0
000990,DB하이텍,반도체,1.33,3.0,7.0
000990,DB하이텍,반도체,3.65,4.0,7.0
000990,DB하이텍,반도체,1.22,4.0,7.0
000990,DB하이텍,반도체,4.71,3.0,7.0
000990,DB하이텍,반도체,22.83,1.0,7.0
000990,DB하이텍,반도체,-5.88,5.0,7.0
000990,DB하이텍,반도체,-1.68,5.0,7.0
000990,DB하이텍,반도체,9.84,2.0,7.0
000990,DB하이텍,반도체,0.25,4.0,7.0
240810,원익IPS,반도체,3.62,6.0,7.0
240810,원익IPS,반도체,-5.66,5.0,7.0
240810,원익IPS,반도체,-1.05,4.0,7.0
240810,원익IPS,반도체,13.25,2.0,7.0
240810,원익IPS,반도체,0.02,6.0,7.0
240810,원익IPS,반도체,0.56,2.0,7.0
240810,원익IPS,반도체,1.77,2.0,7.0
240810,원익IPS,반도체,3.79,3.0,7.0
240810,원익IPS,반도체,7.91,3.0,7.0
240810,원익IPS,반도체,10.96,2.0,7.0
240810,원익IPS,반도체,13.44,1.0,7.0
240810,원익IPS,반도체,8.24,1.0,7.0
240810,원익IPS,반도체,12.79,1.0,7.0
240810,원익IPS,반도체,4.43,3.0,7.0
240810,원익IPS,반도체,3.35,2.0,7.0
240810,원익IPS,반도체,1.62,4.0,7.0
240810,원익IPS,반도체,22.56,1.0,7.0
240810,원익IPS,반도체,18.86,1.0,7.0
240810,원익IPS,반도체,0.29,5.0,7.0
240810,원익IPS,반도체,2.06,2.0,7.0
240810,원익IPS,반도체,1.89,5.0,7.0
240810,원익IPS,반도체,3.71,2.0,7.0
240810,원익IPS,반도체,-4.15,7.0,7.0
240810,원익IPS,반도체,0.66,5.0,7.0
240810,원익IPS,반도체,8.16,1.0,7.0
240810,원익IPS,반도체,21.55,1.0,7.0
240810,원익IPS,반도체,4.21,3.0,7.0
240810,원익IPS,반도체,9.22,1.0,7.0
240810,원익IPS,반도체,6.02,3.0,7.0
240810,원익IPS,반도체,4.03,4.0,7.0
240810,원익IPS,반도체,15.71,3.0,7.0
240810,원익IPS,반도체,8.13,4.0,7.0
240810,원익IPS,반도체,10.72,2.0,7.0
240810,원익IPS,반도체,0.88,2.0,7.0
240810,원익IPS,반도체,0.8,5.0,7.0
240810,원익IPS,반도체,5.42,4.0,7.0
240810,원익IPS,반도체,1.78,4.0,7.0
240810,원익IPS,반도체,5.11,2.0,7.0
240810,원익IPS,반도체,-3.1,5.0,7.0
240810,원익IPS,반도체,-2.79,6.0,7.0
240810,원익IPS,반도체,-0.45,6.0,7.0
240810,원익IPS,반도체,0.55,6.0,7.0
240810,원익IPS,반도체,2.91,2.0,7.0
240810,원익IPS,반도체,1.22,4.0,7.0
240810,원익IPS,반도체,17.93,1.0,7.0
240810,원익IPS,반도체,2.68,2.0,7.0
240810,원익IPS,반도체,5.77,1.0,7.0
240810,원익IPS,반도체,21.19,2.0,7.0
240810,원익IPS,반도체,20.48,1.0,7.0
240810,원익IPS,반도체,13.4,2.0,7.0
240810,원익IPS,반도체,-3.19,3.0,7.0
240810,원익IPS,반도체,8.56,1.0,7.0
240810,원익IPS,반도체,13.79,1.0,7.0
039030,이오테크닉스,반도체,-5.66,5.0,7.0
039030,이오테크닉스,반도체,-1.05,4.0,7.0
039030,이오테크닉스,반도체,-1.11,3.0,7.0
039030,이오테크닉스,반도체,2.8,3.0,7.0
039030,이오테크닉스,반도체,13.25,2.0,7.0
039030,이오테크닉스,반도체,1.77,2.0,7.0
039030,이오테크닉스,반도체,1.61,2.0,7.0
039030,이오테크닉스,반도체,4.2,1.0,7.0
039030,이오테크닉스,반도체,2.49,1.0,7.0
039030,이오테크닉스,반도체,7.17,1.0,7.0
039030,이오테크닉스,반도체,0.0,5.0,7.0
039030,이오테크닉스,반도체,-2.76,6.0,7.0
039030,이오테크닉스,반도체,4.02,3.0,7.0
039030,이오테크닉스,반도체,-3.63,5.0,7.0
039030,이오테크닉스,반도체,1.62,4.0,7.0
039030,이오테크닉스,반도체,8.77,2.0,7.0
039030,이오테크닉스,반도체,6.41,2.0,7.0
039030,이오테크닉스,반도체,-0.6,4.0,7.0
039030,이오테크닉스,반도체,0.29,5.0,7.0
039030,이오테크닉스,반도체,-2.19,7.0,7.0
039030,이오테크닉스,반도체,-2.91,5.0,7.0
039030,이오테크닉스,반도체,-2.64,5.0,7.0
039030,이오테크닉스,반도체,0.66,5.0,7.0
039030,이오테크닉스,반도체,15.65,3.0,7.0
039030,이오테크닉스,반도체,19.56,2.0,7.0
039030,이오테크닉스,반도체,21.13,2.0,7.0
039030,이오테크닉스,반도체,19.73,2.0,7.0
039030,이오테크닉스,반도체,23.45,2.0,7.0
039030,이오테크닉스,반도체,7.06,1.0,7.0
039030,이오테크닉스,반도체,7.35,3.0,7.0
039030,이오테크닉스,반도체,12.35,2.0,7.0
039030,이오테크닉스,반도체,16.3,2.0,7.0
039030,이오테크닉스,반도체,21.55,1.0,7.0
039030,이오테크닉스,반도체,22.42,1.0,7.0
039030,이오테크닉스,반도체,6.7,2.0,7.0
039030,이오테크닉스,반도체,-0.71,5.0,7.0
039030,이오테크닉스,반도체,6.02,3.0,7.0
039030,이오테크닉스,반도체,9.57,2.0,7.0
039030,이오테크닉스,반도체,4.7,4.0,7.0
039030,이오테크닉스,반도체,10.72,2.0,7.0
039030,이오테크닉스,반도체,11.57,2.0,7.0
039030,이오테크닉스,반도체,0.88,2.0,7.0
039030,이오테크닉스,반도체,-7.65,5.0,7.0
039030,이오테크닉스,반도체,8.93,1.0,7.0
039030,이오테크닉스,반도체,15.95,2.0,7.0
039030,이오테크닉스,반도체,5.42,4.0,7.0
039030,이오테크닉스,반도체,-2.98,3.0,7.0
039030,이오테크닉스,반도체,5.11,2.0,7.0
039030,이오테크닉스,반도체,-1.91,4.0,7.0
039030,이오테크닉스,반도체,1.33,4.0,7.0
039030,이오테크닉스,반도체,1.11,5.0,7.0
039030,이오테크닉스,반도체,9.9,2.0,7.0
039030,이오테크닉스,반도체,4.77,4.0,7.0
039030,이오테크닉스,반도체,-0.55,3.0,7.0
039030,이오테크닉스,반도체,7.8,1.0,7.0
039030,이오테크닉스,반도체,8.56,1.0,7.0
039030,이오테크닉스,반도체,13.79,1.0,7.0
403870,HPSP,반도체,-0.79,4.0,7.0
403870,HPSP,반도체,-3.46,5.0,7.0
403870,HPSP,반도체,0.48,4.0,7.0
403870,HPSP,반도체,1.4,4.0,7.0
403870,HPSP,반도체,-0.19,5.0,7.0
403870,HPSP,반도체,1.05,4.0,7.0
403870,HPSP,반도체,-6.27,7.0,7.0
403870,HPSP,반도체,0.66,5.0,7.0
403870,HPSP,반도체,4.63,4.0,7.0
403870,HPSP,반도체,5.64,3.0,7.0
403870,HPSP,반도체,15.65,3.0,7.0
403870,HPSP,반도체,8.16,1.0,7.0
403870,HPSP,반도체,7.17,1.0,7.0
403870,HPSP,반도체,7.35,3.0,7.0
403870,HPSP,반도체,12.35,2.0,7.0
403870,HPSP,반도체,19.11,1.0,7.0
403870,HPSP,반도체,2.95,2.0,7.0
403870,HPSP,반도체,6.7,2.0,7.0
403870,HPSP,반도체,14.17,1.0,7.0
403870,HPSP,반도체,12.8,2.0,7.0
403870,HPSP,반도체,10.72,3.0,7.0
403870,HPSP,반도체,7.06,3.0,7.0
403870,HPSP,반도체,2.68,4.0,7.0
403870,HPSP,반도체,6.02,3.0,7.0
403870,HPSP,반도체,7.95,1.0,7.0
403870,HPSP,반도체,1.69,3.0,7.0
403870,HPSP,반도체,6.75,2.0,7.0
403870,HPSP,반도체,9.59,1.0,7.0
403870,HPSP,반도체,-7.32,7.0,7.0
403870,HPSP,반도체,2.75,2.0,7.0
403870,HPSP,반도체,0.85,4.0,7.0
403870,HPSP,반도체,-13.03,7.0,7.0
403870,HPSP,반도체,11.17,3.0,7.0
403870,HPSP,반도체,1.11,4.0,7.0
403870,HPSP,반도체,0.47,5.0,7.0
403870,HPSP,반도체,8.94,4.0,7.0
403870,HPSP,반도체,8.54,4.0,7.0
403870,HPSP,반도체,10.04,4.0,7.0
403870,HPSP,반도체,1.78,4.0,7.0
403870,HPSP,반도체,-0.29,4.0,7.0
403870,HPSP,반도체,-0.96,5.0,7.0
403870,HPSP,반도체,2.84,4.0,7.0
403870,HPSP,반도체,-0.69,4.0,7.0
403870,HPSP,반도체,2.81,2.0,7.0
403870,HPSP,반도체,9.9,2.0,7.0
403870,HPSP,반도체,13.72,2.0,7.0
403870,HPSP,반도체,-0.55,3.0,7.0
403870,HPSP,반도체,5.77,1.0,7.0
403870,HPSP,반도체,12.81,1.0,7.0
403870,HPSP,반도체,10.63,2.0,7.0
403870,HPSP,반도체,19.21,2.0,7.0
403870,HPSP,반도체,9.08,1.0,7.0
403870,HPSP,반도체,7.92,1.0,7.0
403870,HPSP,반도체,11.23,2.0,7.0
403870,HPSP,반도체,8.37,1.0,7.0
403870,HPSP,반도체,-3.3,1.0,7.0
403870,HPSP,반도체,8.56,1.0,7.0
403870,HPSP,반도체,13.79,1.0,7.0
403870,HPSP,반도체,8.47,1.0,7.0
058470,리노공업,반도체,13.5,1.0,7.0
058470,리노공업,반도체,12.45,2.0,7.0
058470,리노공업,반도체,1.38,4.0,7.0
058470,리노공업,반도체,6.39,2.0,7.0
058470,리노공업,반도체,1.84,4.0,7.0
058470,리노공업,반도체,2.73,3.0,7.0
058470,리노공업,반도체,2.95,4.0,7.0
058470,리노공업,반도체,8.77,2.0,7.0
058470,리노공업,반도체,17.88,2.0,7.0
058470,리노공업,반도체,-5.21,7.0,7.0
058470,리노공업,반도체,-2.91,5.0,7.0
058470,리노공업,반도체,1.09,4.0,7.0
058470,리노공업,반도체,4.81,3.0,7.0
058470,리노공업,반도체,7.86,1.0,7.0
058470,리노공업,반도체,7.91,3.0,7.0
058470,리노공업,반도체,7.42,3.0,7.0
058470,리노공업,반도체,6.8,3.0,7.0
058470,리노공업,반도체,7.72,2.0,7.0
058470,리노공업,반도체,-5.32,6.0,7.0
058470,리노공업,반도체,9.57,2.0,7.0
058470,리노공업,반도체,6.75,2.0,7.0
058470,리노공업,반도체,13.03,3.0,7.0
058470,리노공업,반도체,15.6,3.0,7.0
058470,리노공업,반도체,2.75,4.0,7.0
058470,리노공업,반도체,-4.42,7.0,7.0
058470,리노공업,반도체,-4.11,6.0,7.0
058470,리노공업,반도체,0.47,3.0,7.0
058470,리노공업,반도체,6.03,1.0,7.0
058470,리노공업,반도체,-5.09,7.0,7.0
058470,리노공업,반도체,-0.38,5.0,7.0
058470,리노공업,반도체,0.71,4.0,7.0
058470,리노공업,반도체,2.06,4.0,7.0
058470,리노공업,반도체,1.11,5.0,7.0
058470,리노공업,반도체,2.91,2.0,7.0
058470,리노공업,반도체,13.72,2.0,7.0
058470,리노공업,반도체,0.7,5.0,7.0
058470,리노공업,반도체,0.03,4.0,7.0
058470,리노공업,반도체,12.81,1.0,7.0
058470,리노공업,반도체,9.23,3.0,7.0
058470,리노공업,반도체,10.81,3.0,7.0
058470,리노공업,반도체,19.21,2.0,7.0
058470,리노공업,반도체,21.19,2.0,7.0
058470,리노공업,반도체,19.34,2.0,7.0
058470,리노공업,반도체,14.11,2.0,7.0
058470,리노공업,반도체,9.63,1.0,7.0
058470,리노공업,반도체,16.93,2.0,7.0
058470,리노공업,반도체,13.79,1.0,7.0
036930,주성엔지니어링,반도체,10.92,2.0,7.0
036930,주성엔지니어링,반도체,2.8,3.0,7.0
036930,주성엔지니어링,반도체,3.32,3.0,7.0
036930,주성엔지니어링,반도체,11.83,2.0,7.0
036930,주성엔지니어링,반도체,1.96,5.0,7.0
036930,주성엔지니어링,반도체,-6.07,7.0,7.0
036930,주성엔지니어링,반도체,-0.1,6.0,7.0
036930,주성엔지니어링,반도체,-1.14,4.0,7.0
036930,주성엔지니어링,반도체,-5.23,5.0,7.0
036930,주성엔지니어링,반도체,-2.67,6.0,7.0
036930,주성엔지니어링,반도체,1.23,4.0,7.0
036930,주성엔지니어링,반도체,7.08,3.0,7.0
036930,주성엔지니어링,반도체,8.25,2.0,7.0
036930,주성엔지니어링,반도체,10.96,2.0,7.0
036930,주성엔지니어링,반도체,8.07,2.0,7.0
036930,주성엔지니어링,반도체,5.15,3.0,7.0
036930,주성엔지니어링,반도체,3.78,4.0,7.0
036930,주성엔지니어링,반도체,6.39,2.0,7.0
036930,주성엔지니어링,반도체,-1.8,6.0,7.0
036930,주성엔지니어링,반도체,-0.46,4.0,7.0
036930,주성엔지니어링,반도체,4.43,3.0,7.0
036930,주성엔지니어링,반도체,2.77,3.0,7.0
036930,주성엔지니어링,반도체,-5.51,7.0,7.0
036930,주성엔지니어링,반도체,8.77,2.0,7.0
036930,주성엔지니어링,반도체,12.16,1.0,7.0
036930,주성엔지니어링,반도체,14.02,1.0,7.0
036930,주성엔지니어링,반도체,22.56,1.0,7.0
036930,주성엔지니어링,반도체,21.15,1.0,7.0
036930,주성엔지니어링,반도체,18.86,1.0,7.0
036930,주성엔지니어링,반도체,0.58,4.0,7.0
036930,주성엔지니어링,반도체,-0.7,5.0,7.0
036930,주성엔지니어링,반도체,2.28,4.0,7.0
036930,주성엔지니어링,반도체,2.21,4.0,7.0
036930,주성엔지니어링,반도체,-1.96,6.0,7.0
036930,주성엔지니어링,반도체,0.66,5.0,7.0
036930,주성엔지니어링,반도체,2.93,4.0,7.0
036930,주성엔지니어링,반도체,7.62,3.0,7.0
036930,주성엔지니어링,반도체,15.65,3.0,7.0
036930,주성엔지니어링,반도체,17.95,3.0,7.0
036930,주성엔지니어링,반도체,22.88,2.0,7.0
036930,주성엔지니어링,반도체,27.59,2.0,7.0
036930,주성엔지니어링,반도체,8.16,1.0,7.0
036930,주성엔지니어링,반도체,9.48,3.0,7.0
036930,주성엔지니어링,반도체,10.74,2.0,7.0
036930,주성엔지니어링,반도체,15.94,1.0,7.0
036930,주성엔지니어링,반도체,16.3,2.0,7.0
036930,주성엔지니어링,반도체,21.55,1.0,7.0
036930,주성엔지니어링,반도체,4.21,3.0,7.0
036930,주성엔지니어링,반도체,7.4,1.0,7.0
036930,주성엔지니어링,반도체,5.27,3.0,7.0
036930,주성엔지니어링,반도체,7.67,2.0,7.0
036930,주성엔지니어링,반도체,-0.75,6.0,7.0
036930,주성엔지니어링,반도체,4.7,4.0,7.0
036930,주성엔지니어링,반도체,9.67,3.0,7.0
036930,주성엔지니어링,반도체,0.15,4.0,7.0
036930,주성엔지니어링,반도체,-0.22,5.0,7.0
036930,주성엔지니어링,반도체,-1.38,3.0,7.0
036930,주성엔지니어링,반도체,4.14,3.0,7.0
036930,주성엔지니어링,반도체,2.99,5.0,7.0
036930,주성엔지니어링,반도체,5.42,4.0,7.0
036930,주성엔지니어링,반도체,-0.58,3.0,7.0
036930,주성엔지니어링,반도체,-2.26,4.0,7.0
036930,주성엔지니어링,반도체,0.11,2.0,7.0
036930,주성엔지니어링,반도체,2.81,2.0,7.0
036930,주성엔지니어링,반도체,9.9,2.0,7.0
036930,주성엔지니어링,반도체,4.97,4.0,7.0
036930,주성엔지니어링,반도체,5.77,1.0,7.0
036930,주성엔지니어링,반도체,7.8,1.0,7.0
036930,주성엔지니어링,반도체,12.81,1.0,7.0
036930,주성엔지니어링,반도체,11.16,1.0,7.0
036930,주성엔지니어링,반도체,10.81,3.0,7.0
036930,주성엔지니어링,반도체,9.63,1.0,7.0
036930,주성엔지니어링,반도체,12.12,1.0,7.0
036930,주성엔지니어링,반도체,12.76,1.0,7.0
036930,주성엔지니어링,반도체,14.69,1.0,7.0
036930,주성엔지니어링,반도체,20.48,1.0,7.0
036930,주성엔지니어링,반도체,0.25,4.0,7.0
036930,주성엔지니어링,반도체,1.63,2.0,7.0
036930,주성엔지니어링,반도체,5.44,1.0,7.0
036930,주성엔지니어링,반도체,-7.61,1.0,7.0
036930,주성엔지니어링,반도체,8.56,1.0,7.0
036930,주성엔지니어링,반도체,13.25,1.0,7.0
373220,LG에너지솔루션,2차전지,2.23,6.0,7.0
373220,LG에너지솔루션,2차전지,5.98,2.0,7.0
373220,LG에너지솔루션,2차전지,-2.27,6.0,7.0
373220,LG에너지솔루션,2차전지,7.48,1.0,7.0
373220,LG에너지솔루션,2차전지,3.23,3.0,7.0
373220,LG에너지솔루션,2차전지,-2.07,5.0,7.0
373220,LG에너지솔루션,2차전지,17.03,1.0,7.0
373220,LG에너지솔루션,2차전지,23.76,1.0,7.0
373220,LG에너지솔루션,2차전지,25.14,3.0,7.0
373220,LG에너지솔루션,2차전지,-5.86,7.0,7.0
373220,LG에너지솔루션,2차전지,21.41,1.0,7.0
373220,LG에너지솔루션,2차전지,-11.6,6.0,7.0
373220,LG에너지솔루션,2차전지,6.03,2.0,7.0
373220,LG에너지솔루션,2차전지,-6.07,5.0,7.0
373220,LG에너지솔루션,2차전지,-11.89,7.0,7.0
373220,LG에너지솔루션,2차전지,-0.95,3.0,7.0
373220,LG에너지솔루션,2차전지,5.29,3.0,7.0
373220,LG에너지솔루션,2차전지,6.57,3.0,7.0
373220,LG에너지솔루션,2차전지,9.36,2.0,7.0
373220,LG에너지솔루션,2차전지,-10.49,7.0,7.0
373220,LG에너지솔루션,2차전지,-6.9,7.0,7.0
373220,LG에너지솔루션,2차전지,-9.0,6.0,7.0
373220,LG에너지솔루션,2차전지,-6.06,6.0,7.0
373220,LG에너지솔루션,2차전지,-2.21,5.0,7.0
373220,LG에너지솔루션,2차전지,13.76,1.0,7.0
373220,LG에너지솔루션,2차전지,-7.86,4.0,7.0
373220,LG에너지솔루션,2차전지,-0.49,3.0,7.0
373220,LG에너지솔루션,2차전지,8.48,3.0,7.0
373220,LG에너지솔루션,2차전지,19.71,2.0,7.0
373220,LG에너지솔루션,2차전지,29.37,1.0,7.0
373220,LG에너지솔루션,2차전지,9.76,3.0,7.0
373220,LG에너지솔루션,2차전지,20.52,1.0,7.0
373220,LG에너지솔루션,2차전지,-30.73,4.0,7.0
373220,LG에너지솔루션,2차전지,-37.18,4.0,7.0
006400,삼성SDI,2차전지,17.94,1.0,7.0
006400,삼성SDI,2차전지,7.56,3.0,7.0
006400,삼성SDI,2차전지,19.76,1.0,7.0
006400,삼성SDI,2차전지,4.38,4.0,7.0
006400,삼성SDI,2차전지,8.32,3.0,7.0
006400,삼성SDI,2차전지,7.6,2.0,7.0
006400,삼성SDI,2차전지,12.14,3.0,7.0
006400,삼성SDI,2차전지,0.18,4.0,7.0
006400,삼성SDI,2차전지,1.02,1.0,7.0
006400,삼성SDI,2차전지,3.14,1.0,7.0
006400,삼성SDI,2차전지,6.85,3.0,7.0
006400,삼성SDI,2차전지,7.31,2.0,7.0
006400,삼성SDI,2차전지,-8.12,7.0,7.0
006400,삼성SDI,2차전지,0.09,6.0,7.0
006400,삼성SDI,2차전지,4.27,4.0,7.0
006400,삼성SDI,2차전지,2.65,2.0,7.0
006400,삼성SDI,2차전지,6.67,1.0,7.0
006400,삼성SDI,2차전지,9.18,1.0,7.0
006400,삼성SDI,2차전지,17.03,1.0,7.0
006400,삼성SDI,2차전지,22.81,1.0,7.0
006400,삼성SDI,2차전지,25.67,1.0,7.0
006400,삼성SDI,2차전지,6.03,2.0,7.0
006400,삼성SDI,2차전지,8.84,5.0,7.0
006400,삼성SDI,2차전지,8.5,5.0,7.0
006400,삼성SDI,2차전지,8.38,5.0,7.0
006400,삼성SDI,2차전지,-17.51,7.0,7.0
006400,삼성SDI,2차전지,13.81,1.0,7.0
006400,삼성SDI,2차전지,17.06,1.0,7.0
006400,삼성SDI,2차전지,-0.49,3.0,7.0
006400,삼성SDI,2차전지,8.48,3.0,7.0
006400,삼성SDI,2차전지,19.71,2.0,7.0
006400,삼성SDI,2차전지,29.37,1.0,7.0
006400,삼성SDI,2차전지,32.76,1.0,7.0
006400,삼성SDI,2차전지,34.03,1.0,7.0
006400,삼성SDI,2차전지,-21.02,7.0,7.0
006400,삼성SDI,2차전지,-22.81,7.0,7.0
006400,삼성SDI,2차전지,-15.31,6.0,7.0
006400,삼성SDI,2차전지,-6.43,6.0,7.0
006400,삼성SDI,2차전지,-6.83,3.0,7.0
006400,삼성SDI,2차전지,7.84,1.0,7.0
006400,삼성SDI,2차전지,20.52,1.0,7.0
051910,LG화학,2차전지,17.94,1.0,7.0
051910,LG화학,2차전지,21.09,1.0,7.0
051910,LG화학,2차전지,3.97,5.0,7.0
051910,LG화학,2차전지,8.32,3.0,7.0
051910,LG화학,2차전지,12.14,3.0,7.0
051910,LG화학,2차전지,3.14,1.0,7.0
051910,LG화학,2차전지,10.46,2.0,7.0
051910,LG화학,2차전지,13.76,2.0,7.0
051910,LG화학,2차전지,7.42,2.0,7.0
051910,LG화학,2차전지,18.0,1.0,7.0
051910,LG화학,2차전지,1.81,3.0,7.0
051910,LG화학,2차전지,-6.53,7.0,7.0
051910,LG화학,2차전지,2.91,5.0,7.0
051910,LG화학,2차전지,5.98,2.0,7.0
051910,LG화학,2차전지,2.7,3.0,7.0
051910,LG화학,2차전지,7.48,1.0,7.0
051910,LG화학,2차전지,19.86,1.0,7.0
051910,LG화학,2차전지,22.81,1.0,7.0
051910,LG화학,2차전지,25.67,1.0,7.0
051910,LG화학,2차전지,25.14,3.0,7.0
051910,LG화학,2차전지,21.41,1.0,7.0
051910,LG화학,2차전지,7.38,2.0,7.0
051910,LG화학,2차전지,-8.47,6.0,7.0
051910,LG화학,2차전지,11.79,2.0,7.0
051910,LG화학,2차전지,2.3,2.0,7.0
051910,LG화학,2차전지,-11.14,6.0,7.0
051910,LG화학,2차전지,-2.21,5.0,7.0
051910,LG화학,2차전지,-13.27,7.0,7.0
051910,LG화학,2차전지,8.48,3.0,7.0
051910,LG화학,2차전지,19.71,2.0,7.0
051910,LG화학,2차전지,22.94,2.0,7.0
051910,LG화학,2차전지,-6.43,6.0,7.0
051910,LG화학,2차전지,-3.05,3.0,7.0
051910,LG화학,2차전지,-10.76,4.0,7.0
051910,LG화학,2차전지,5.77,1.0,7.0
005490,POSCO홀딩스,2차전지,14.38,1.0,7.0
005490,POSCO홀딩스,2차전지,5.24,3.0,7.0
005490,POSCO홀딩스,2차전지,-7.03,6.0,7.0
005490,POSCO홀딩스,2차전지,11.07,2.0,7.0
005490,POSCO홀딩스,2차전지,2.89,3.0,7.0
005490,POSCO홀딩스,2차전지,1.04,4.0,7.0
005490,POSCO홀딩스,2차전지,17.2,1.0,7.0
005490,POSCO홀딩스,2차전지,-4.83,7.0,7.0
005490,POSCO홀딩스,2차전지,-3.19,6.0,7.0
005490,POSCO홀딩스,2차전지,0.09,6.0,7.0
005490,POSCO홀딩스,2차전지,-1.52,5.0,7.0
005490,POSCO홀딩스,2차전지,17.03,1.0,7.0
005490,POSCO홀딩스,2차전지,13.47,3.0,7.0
005490,POSCO홀딩스,2차전지,15.4,3.0,7.0
005490,POSCO홀딩스,2차전지,23.64,1.0,7.0
005490,POSCO홀딩스,2차전지,13.19,4.0,7.0
005490,POSCO홀딩스,2차전지,2.62,5.0,7.0
005490,POSCO홀딩스,2차전지,2.12,5.0,7.0
005490,POSCO홀딩스,2차전지,0.85,5.0,7.0
005490,POSCO홀딩스,2차전지,1.39,5.0,7.0
005490,POSCO홀딩스,2차전지,9.38,2.0,7.0
005490,POSCO홀딩스,2차전지,15.31,1.0,7.0
005490,POSCO홀딩스,2차전지,21.41,1.0,7.0
005490,POSCO홀딩스,2차전지,26.56,1.0,7.0
005490,POSCO홀딩스,2차전지,6.03,2.0,7.0
005490,POSCO홀딩스,2차전지,3.85,2.0,7.0
005490,POSCO홀딩스,2차전지,-11.89,7.0,7.0
005490,POSCO홀딩스,2차전지,6.61,2.0,7.0
005490,POSCO홀딩스,2차전지,-5.37,7.0,7.0
005490,POSCO홀딩스,2차전지,-2.1,4.0,7.0
005490,POSCO홀딩스,2차전지,2.3,2.0,7.0
005490,POSCO홀딩스,2차전지,-2.21,5.0,7.0
005490,POSCO홀딩스,2차전지,19.71,2.0,7.0
005490,POSCO홀딩스,2차전지,-21.02,7.0,7.0
005490,POSCO홀딩스,2차전지,-6.43,6.0,7.0
005490,POSCO홀딩스,2차전지,-8.19,6.0,7.0
005490,POSCO홀딩스,2차전지,20.52,1.0,7.0
005490,POSCO홀딩스,2차전지,2.08,3.0,7.0
005490,POSCO홀딩스,2차전지,6.58,3.0,7.0
247540,에코프로비엠,2차전지,23.61,1.0,7.0
247540,에코프로비엠,2차전지,21.09,1.0,7.0
247540,에코프로비엠,2차전지,7.56,3.0,7.0
247540,에코프로비엠,2차전지,11.44,3.0,7.0
247540,에코프로비엠,2차전지,16.59,2.0,7.0
247540,에코프로비엠,2차전지,11.99,3.0,7.0
247540,에코프로비엠,2차전지,13.79,2.0,7.0
247540,에코프로비엠,2차전지,2.52,4.0,7.0
247540,에코프로비엠,2차전지,-2.57,7.0,7.0
247540,에코프로비엠,2차전지,3.98,2.0,7.0
247540,에코프로비엠,2차전지,12.09,1.0,7.0
247540,에코프로비엠,2차전지,10.46,2.0,7.0
247540,에코프로비엠,2차전지,3.89,4.0,7.0
247540,에코프로비엠,2차전지,-10.3,7.0,7.0
247540,에코프로비엠,2차전지,-8.12,7.0,7.0
247540,에코프로비엠,2차전지,-8.62,7.0,7.0
247540,에코프로비엠,2차전지,-6.43,7.0,7.0
247540,에코프로비엠,2차전지,14.92,1.0,7.0
247540,에코프로비엠,2차전지,14.42,1.0,7.0
247540,에코프로비엠,2차전지,19.42,1.0,7.0
247540,에코프로비엠,2차전지,2.77,3.0,7.0
247540,에코프로비엠,2차전지,2.22,3.0,7.0
247540,에코프로비엠,2차전지,10.53,1.0,7.0
247540,에코프로비엠,2차전지,-9.53,7.0,7.0
247540,에코프로비엠,2차전지,18.32,1.0,7.0
247540,에코프로비엠,2차전지,1.62,6.0,7.0
247540,에코프로비엠,2차전지,26.5,1.0,7.0
247540,에코프로비엠,2차전지,17.88,2.0,7.0
247540,에코프로비엠,2차전지,22.81,1.0,7.0
247540,에코프로비엠,2차전지,25.67,1.0,7.0
247540,에코프로비엠,2차전지,17.86,2.0,7.0
247540,에코프로비엠,2차전지,23.64,1.0,7.0
247540,에코프로비엠,2차전지,2.43,4.0,7.0
247540,에코프로비엠,2차전지,9.38,2.0,7.0
247540,에코프로비엠,2차전지,13.1,2.0,7.0
247540,에코프로비엠,2차전지,26.56,1.0,7.0
247540,에코프로비엠,2차전지,6.03,2.0,7.0
247540,에코프로비엠,2차전지,-4.6,7.0,7.0
247540,에코프로비엠,2차전지,0.99,3.0,7.0
247540,에코프로비엠,2차전지,10.11,2.0,7.0
247540,에코프로비엠,2차전지,0.53,4.0,7.0
247540,에코프로비엠,2차전지,6.57,3.0,7.0
247540,에코프로비엠,2차전지,-3.59,6.0,7.0
247540,에코프로비엠,2차전지,-6.9,7.0,7.0
247540,에코프로비엠,2차전지,-13.14,6.0,7.0
247540,에코프로비엠,2차전지,-5.64,4.0,7.0
247540,에코프로비엠,2차전지,6.89,2.0,7.0
247540,에코프로비엠,2차전지,17.06,1.0,7.0
247540,에코프로비엠,2차전지,-0.49,3.0,7.0
247540,에코프로비엠,2차전지,8.48,3.0,7.0
247540,에코프로비엠,2차전지,19.71,2.0,7.0
247540,에코프로비엠,2차전지,7.85,3.0,7.0
247540,에코프로비엠,2차전지,4.63,3.0,7.0
247540,에코프로비엠,2차전지,3.12,4.0,7.0
247540,에코프로비엠,2차전지,-6.43,6.0,7.0
247540,에코프로비엠,2차전지,-1.0,6.0,7.0
247540,에코프로비엠,2차전지,-0.18,6.0,7.0
247540,에코프로비엠,2차전지,9.76,3.0,7.0
247540,에코프로비엠,2차전지,13.02,3.0,7.0
247540,에코프로비엠,2차전지,-4.04,3.0,7.0
086520,에코프로,2차전지,23.61,1.0,7.0
086520,에코프로,2차전지,21.09,1.0,7.0
086520,에코프로,2차전지,7.56,3.0,7.0
086520,에코프로,2차전지,11.44,3.0,7.0
086520,에코프로,2차전지,16.59,2.0,7.0
086520,에코프로,2차전지,19.76,1.0,7.0
086520,에코프로,2차전지,17.18,1.0,7.0
086520,에코프로,2차전지,18.33,1.0,7.0
086520,에코프로,2차전지,5.24,3.0,7.0
086520,에코프로,2차전지,5.69,4.0,7.0
086520,에코프로,2차전지,8.98,2.0,7.0
086520,에코프로,2차전지,10.46,2.0,7.0
086520,에코프로,2차전지,12.22,2.0,7.0
086520,에코프로,2차전지,1.17,5.0,7.0
086520,에코프로,2차전지,12.18,1.0,7.0
086520,에코프로,2차전지,8.96,1.0,7.0
086520,에코프로,2차전지,8.08,1.0,7.0
086520,에코프로,2차전지,8.76,1.0,7.0
086520,에코프로,2차전지,11.62,1.0,7.0
086520,에코프로,2차전지,14.92,1.0,7.0
086520,에코프로,2차전지,14.42,1.0,7.0
086520,에코프로,2차전지,14.86,1.0,7.0
086520,에코프로,2차전지,17.55,1.0,7.0
086520,에코프로,2차전지,20.29,1.0,7.0
086520,에코프로,2차전지,17.76,1.0,7.0
086520,에코프로,2차전지,19.42,1.0,7.0
086520,에코프로,2차전지,17.51,1.0,7.0
086520,에코프로,2차전지,18.0,1.0,7.0
086520,에코프로,2차전지,7.83,1.0,7.0
086520,에코프로,2차전지,0.03,5.0,7.0
086520,에코프로,2차전지,0.58,5.0,7.0
086520,에코프로,2차전지,6.65,3.0,7.0
086520,에코프로,2차전지,10.53,1.0,7.0
086520,에코프로,2차전지,10.56,1.0,7.0
086520,에코프로,2차전지,-9.53,7.0,7.0
086520,에코프로,2차전지,7.26,2.0,7.0
086520,에코프로,2차전지,5.98,2.0,7.0
086520,에코프로,2차전지,3.32,6.0,7.0
086520,에코프로,2차전지,-6.22,5.0,7.0
086520,에코프로,2차전지,-7.41,6.0,7.0
086520,에코프로,2차전지,-5.85,7.0,7.0
086520,에코프로,2차전지,-4.06,7.0,7.0
086520,에코프로,2차전지,10.15,3.0,7.0
086520,에코프로,2차전지,11.58,3.0,7.0
086520,에코프로,2차전지,1.63,4.0,7.0
086520,에코프로,2차전지,3.77,3.0,7.0
086520,에코프로,2차전지,7.79,2.0,7.0
086520,에코프로,2차전지,8.29,2.0,7.0
086520,에코프로,2차전지,17.88,2.0,7.0
086520,에코프로,2차전지,22.81,1.0,7.0
086520,에코프로,2차전지,25.67,1.0,7.0
086520,에코프로,2차전지,22.08,1.0,7.0
086520,에코프로,2차전지,18.31,2.0,7.0
086520,에코프로,2차전지,16.43,1.0,7.0
086520,에코프로,2차전지,19.91,2.0,7.0
086520,에코프로,2차전지,2.82,5.0,7.0
086520,에코프로,2차전지,6.03,2.0,7.0
086520,에코프로,2차전지,3.69,3.0,7.0
086520,에코프로,2차전지,5.81,2.0,7.0
086520,에코프로,2차전지,-4.42,5.0,7.0
086520,에코프로,2차전지,-2.42,4.0,7.0
086520,에코프로,2차전지,0.53,4.0,7.0
086520,에코프로,2차전지,-6.07,5.0,7.0
086520,에코프로,2차전지,-9.9,7.0,7.0
086520,에코프로,2차전지,11.79,2.0,7.0
086520,에코프로,2차전지,-3.59,6.0,7.0
086520,에코프로,2차전지,-5.37,7.0,7.0
086520,에코프로,2차전지,-3.33,5.0,7.0
086520,에코프로,2차전지,6.89,2.0,7.0
086520,에코프로,2차전지,17.31,1.0,7.0
086520,에코프로,2차전지,17.06,1.0,7.0
086520,에코프로,2차전지,23.22,1.0,7.0
086520,에코프로,2차전지,-0.49,3.0,7.0
086520,에코프로,2차전지,8.48,3.0,7.0
086520,에코프로,2차전지,19.71,2.0,7.0
086520,에코프로,2차전지,17.3,2.0,7.0
086520,에코프로,2차전지,22.94,2.0,7.0
086520,에코프로,2차전지,20.28,1.0,7.0
086520,에코프로,2차전지,7.85,3.0,7.0
086520,에코프로,2차전지,2.54,4.0,7.0
086520,에코프로,2차전지,4.63,3.0,7.0
086520,에코프로,2차전지,-6.43,6.0,7.0
086520,에코프로,2차전지,-1.0,6.0,7.0
086520,에코프로,2차전지,-0.18,6.0,7.0
086520,에코프로,2차전지,9.76,3.0,7.0
086520,에코프로,2차전지,13.02,3.0,7.0
086520,에코프로,2차전지,-31.17,7.0,7.0
086520,에코프로,2차전지,-19.14,7.0,7.0
066970,엘앤에프,2차전지,7.56,3.0,7.0
066970,엘앤에프,2차전지,8.0,4.0,7.0
066970,엘앤에프,2차전지,9.75,4.0,7.0
066970,엘앤에프,2차전지,16.59,2.0,7.0
066970,엘앤에프,2차전지,11.61,2.0,7.0
066970,엘앤에프,2차전지,8.31,2.0,7.0
066970,엘앤에프,2차전지,14.8,2.0,7.0
066970,엘앤에프,2차전지,13.75,2.0,7.0
066970,엘앤에프,2차전지,14.07,2.0,7.0
066970,엘앤에프,2차전지,14.24,2.0,7.0
066970,엘앤에프,2차전지,3.97,5.0,7.0
066970,엘앤에프,2차전지,12.14,3.0,7.0
066970,엘앤에프,2차전지,-0.06,7.0,7.0
066970,엘앤에프,2차전지,-0.15,5.0,7.0
066970,엘앤에프,2차전지,3.39,1.0,7.0
066970,엘앤에프,2차전지,6.05,1.0,7.0
066970,엘앤에프,2차전지,4.71,1.0,7.0
066970,엘앤에프,2차전지,3.19,2.0,7.0
066970,엘앤에프,2차전지,12.07,1.0,7.0
066970,엘앤에프,2차전지,7.82,3.0,7.0
066970,엘앤에프,2차전지,-3.46,6.0,7.0
066970,엘앤에프,2차전지,-3.24,6.0,7.0
066970,엘앤에프,2차전지,2.77,5.0,7.0
066970,엘앤에프,2차전지,2.83,5.0,7.0
066970,엘앤에프,2차전지,3.89,4.0,7.0
066970,엘앤에프,2차전지,-8.83,7.0,7.0
066970,엘앤에프,2차전지,11.62,1.0,7.0
066970,엘앤에프,2차전지,14.92,1.0,7.0
066970,엘앤에프,2차전지,15.93,1.0,7.0
066970,엘앤에프,2차전지,4.7,1.0,7.0
066970,엘앤에프,2차전지,10.23,1.0,7.0
066970,엘앤에프,2차전지,18.39,1.0,7.0
066970,엘앤에프,2차전지,-9.53,7.0,7.0
066970,엘앤에프,2차전지,2.65,2.0,7.0
066970,엘앤에프,2차전지,3.11,2.0,7.0
066970,엘앤에프,2차전지,15.66,1.0,7.0
066970,엘앤에프,2차전지,15.57,2.0,7.0
066970,엘앤에프,2차전지,9.41,1.0,7.0
066970,엘앤에프,2차전지,5.97,2.0,7.0
066970,엘앤에프,2차전지,17.88,2.0,7.0
066970,엘앤에프,2차전지,19.86,1.0,7.0
066970,엘앤에프,2차전지,22.81,1.0,7.0
066970,엘앤에프,2차전지,17.86,2.0,7.0
066970,엘앤에프,2차전지,20.82,2.0,7.0
066970,엘앤에프,2차전지,13.1,2.0,7.0
066970,엘앤에프,2차전지,21.41,1.0,7.0
066970,엘앤에프,2차전지,6.03,2.0,7.0
066970,엘앤에프,2차전지,15.44,2.0,7.0
066970,엘앤에프,2차전지,8.99,2.0,7.0
066970,엘앤에프,2차전지,-4.6,7.0,7.0
066970,엘앤에프,2차전지,1.1,5.0,7.0
066970,엘앤에프,2차전지,-6.74,7.0,7.0
066970,엘앤에프,2차전지,-0.72,5.0,7.0
066970,엘앤에프,2차전지,11.79,2.0,7.0
066970,엘앤에프,2차전지,7.2,4.0,7.0
066970,엘앤에프,2차전지,-5.41,4.0,7.0
066970,엘앤에프,2차전지,-7.59,7.0,7.0
066970,엘앤에프,2차전지,-0.35,6.0,7.0
066970,엘앤에프,2차전지,-6.2,6.0,7.0
066970,엘앤에프,2차전지,-4.08,5.0,7.0
066970,엘앤에프,2차전지,2.23,2.0,7.0
066970,엘앤에프,2차전지,6.89,2.0,7.0
066970,엘앤에프,2차전지,13.76,1.0,7.0
066970,엘앤에프,2차전지,-15.1,7.0,7.0
066970,엘앤에프,2차전지,-0.49,3.0,7.0
066970,엘앤에프,2차전지,8.48,3.0,7.0
066970,엘앤에프,2차전지,19.71,2.0,7.0
066970,엘앤에프,2차전지,29.37,1.0,7.0
066970,엘앤에프,2차전지,4.63,3.0,7.0
066970,엘앤에프,2차전지,-6.43,6.0,7.0
066970,엘앤에프,2차전지,9.76,3.0,7.0
066970,엘앤에프,2차전지,-7.63,7.0,7.0
066970,엘앤에프,2차전지,-5.06,5.0,7.0
066970,엘앤에프,2차전지,2.59,4.0,7.0
066970,엘앤에프,2차전지,7.84,1.0,7.0
066970,엘앤에프,2차전지,5.36,1.0,7.0
003670,포스코퓨처엠,2차전지,7.56,3.0,7.0
003670,포스코퓨처엠,2차전지,12.91,2.0,7.0
003670,포스코퓨처엠,2차전지,11.99,3.0,7.0
003670,포스코퓨처엠,2차전지,7.6,2.0,7.0
003670,포스코퓨처엠,2차전지,5.69,4.0,7.0
003670,포스코퓨처엠,2차전지,12.14,3.0,7.0
003670,포스코퓨처엠,2차전지,-0.06,7.0,7.0
003670,포스코퓨처엠,2차전지,3.94,1.0,7.0
003670,포스코퓨처엠,2차전지,4.71,1.0,7.0
003670,포스코퓨처엠,2차전지,0.63,3.0,7.0
003670,포스코퓨처엠,2차전지,4.96,2.0,7.0
003670,포스코퓨처엠,2차전지,10.46,2.0,7.0
003670,포스코퓨처엠,2차전지,3.89,4.0,7.0
003670,포스코퓨처엠,2차전지,7.51,1.0,7.0
003670,포스코퓨처엠,2차전지,14.92,1.0,7.0
003670,포스코퓨처엠,2차전지,6.94,1.0,7.0
003670,포스코퓨처엠,2차전지,4.7,1.0,7.0
003670,포스코퓨처엠,2차전지,18.83,1.0,7.0
003670,포스코퓨처엠,2차전지,21.25,1.0,7.0
003670,포스코퓨처엠,2차전지,18.66,1.0,7.0
003670,포스코퓨처엠,2차전지,18.32,1.0,7.0
003670,포스코퓨처엠,2차전지,5.98,2.0,7.0
003670,포스코퓨처엠,2차전지,7.48,1.0,7.0
003670,포스코퓨처엠,2차전지,17.47,3.0,7.0
003670,포스코퓨처엠,2차전지,13.38,3.0,7.0
003670,포스코퓨처엠,2차전지,6.02,1.0,7.0
003670,포스코퓨처엠,2차전지,9.41,1.0,7.0
003670,포스코퓨처엠,2차전지,22.81,1.0,7.0
003670,포스코퓨처엠,2차전지,25.67,1.0,7.0
003670,포스코퓨처엠,2차전지,23.76,1.0,7.0
003670,포스코퓨처엠,2차전지,20.04,2.0,7.0
003670,포스코퓨처엠,2차전지,19.54,1.0,7.0
003670,포스코퓨처엠,2차전지,1.52,5.0,7.0
003670,포스코퓨처엠,2차전지,9.38,2.0,7.0
003670,포스코퓨처엠,2차전지,13.1,2.0,7.0
003670,포스코퓨처엠,2차전지,21.41,1.0,7.0
003670,포스코퓨처엠,2차전지,26.56,1.0,7.0
003670,포스코퓨처엠,2차전지,6.03,2.0,7.0
003670,포스코퓨처엠,2차전지,-4.6,7.0,7.0
003670,포스코퓨처엠,2차전지,-3.71,6.0,7.0
003670,포스코퓨처엠,2차전지,-0.39,5.0,7.0
003670,포스코퓨처엠,2차전지,1.46,5.0,7.0
003670,포스코퓨처엠,2차전지,6.57,3.0,7.0
003670,포스코퓨처엠,2차전지,-6.2,6.0,7.0
003670,포스코퓨처엠,2차전지,-6.06,6.0,7.0
003670,포스코퓨처엠,2차전지,-13.14,6.0,7.0
003670,포스코퓨처엠,2차전지,2.23,2.0,7.0
003670,포스코퓨처엠,2차전지,6.89,2.0,7.0
003670,포스코퓨처엠,2차전지,-7.61,4.0,7.0
003670,포스코퓨처엠,2차전지,-0.49,3.0,7.0
003670,포스코퓨처엠,2차전지,8.48,3.0,7.0
003670,포스코퓨처엠,2차전지,29.37,1.0,7.0
003670,포스코퓨처엠,2차전지,-6.43,6.0,7.0
003670,포스코퓨처엠,2차전지,-1.0,6.0,7.0
003670,포스코퓨처엠,2차전지,-2.57,3.0,7.0
348370,엔켐,2차전지,-0.16,6.0,7.0
348370,엔켐,2차전지,-6.85,6.0,7.0
348370,엔켐,2차전지,16.31,2.0,7.0
348370,엔켐,2차전지,15.57,2.0,7.0
348370,엔켐,2차전지,3.77,3.0,7.0
348370,엔켐,2차전지,4.76,2.0,7.0
348370,엔켐,2차전지,26.5,1.0,7.0
348370,엔켐,2차전지,22.81,1.0,7.0
348370,엔켐,2차전지,19.42,2.0,7.0
348370,엔켐,2차전지,15.4,3.0,7.0
348370,엔켐,2차전지,18.65,1.0,7.0
348370,엔켐,2차전지,9.38,2.0,7.0
348370,엔켐,2차전지,12.44,2.0,7.0
348370,엔켐,2차전지,6.03,2.0,7.0
348370,엔켐,2차전지,-4.6,7.0,7.0
348370,엔켐,2차전지,5.81,2.0,7.0
348370,엔켐,2차전지,-1.16,6.0,7.0
348370,엔켐,2차전지,1.1,5.0,7.0
348370,엔켐,2차전지,-1.16,6.0,7.0
348370,엔켐,2차전지,-1.7,7.0,7.0
348370,엔켐,2차전지,-4.99,7.0,7.0
348370,엔켐,2차전지,1.61,4.0,7.0
348370,엔켐,2차전지,-0.39,4.0,7.0
348370,엔켐,2차전지,-2.42,7.0,7.0
348370,엔켐,2차전지,-13.54,7.0,7.0
348370,엔켐,2차전지,-2.42,6.0,7.0
348370,엔켐,2차전지,-3.45,3.0,7.0
348370,엔켐,2차전지,6.89,2.0,7.0
348370,엔켐,2차전지,9.36,2.0,7.0
348370,엔켐,2차전지,13.76,1.0,7.0
348370,엔켐,2차전지,13.81,1.0,7.0
348370,엔켐,2차전지,21.61,1.0,7.0
348370,엔켐,2차전지,-17.5,7.0,7.0
348370,엔켐,2차전지,8.48,3.0,7.0
348370,엔켐,2차전지,19.71,2.0,7.0
348370,엔켐,2차전지,16.98,2.0,7.0
348370,엔켐,2차전지,29.37,1.0,7.0
348370,엔켐,2차전지,4.32,4.0,7.0
348370,엔켐,2차전지,-7.57,7.0,7.0
348370,엔켐,2차전지,-6.43,6.0,7.0
348370,엔켐,2차전지,-1.0,6.0,7.0
348370,엔켐,2차전지,-0.18,6.0,7.0
348370,엔켐,2차전지,9.76,3.0,7.0
348370,엔켐,2차전지,13.95,3.0,7.0
348370,엔켐,2차전지,20.52,1.0,7.0
020150,롯데에너지머티리얼즈,2차전지,7.56,3.0,7.0
020150,롯데에너지머티리얼즈,2차전지,14.8,2.0,7.0
020150,롯데에너지머티리얼즈,2차전지,8.32,3.0,7.0
020150,롯데에너지머티리얼즈,2차전지,7.6,2.0,7.0
020150,롯데에너지머티리얼즈,2차전지,4.71,1.0,7.0
020150,롯데에너지머티리얼즈,2차전지,5.08,1.0,7.0
020150,롯데에너지머티리얼즈,2차전지,13.76,2.0,7.0
020150,롯데에너지머티리얼즈,2차전지,12.22,2.0,7.0
020150,롯데에너지머티리얼즈,2차전지,-1.0,7.0,7.0
020150,롯데에너지머티리얼즈,2차전지,-8.12,7.0,7.0
020150,롯데에너지머티리얼즈,2차전지,14.92,1.0,7.0
020150,롯데에너지머티리얼즈,2차전지,14.86,1.0,7.0
020150,롯데에너지머티리얼즈,2차전지,17.55,1.0,7.0
020150,롯데에너지머티리얼즈,2차전지,16.16,1.0,7.0
020150,롯데에너지머티리얼즈,2차전지,4.7,1.0,7.0
020150,롯데에너지머티리얼즈,2차전지,10.44,2.0,7.0
020150,롯데에너지머티리얼즈,2차전지,18.83,1.0,7.0
020150,롯데에너지머티리얼즈,2차전지,20.65,1.0,7.0
020150,롯데에너지머티리얼즈,2차전지,2.65,2.0,7.0
020150,롯데에너지머티리얼즈,2차전지,3.11,2.0,7.0
020150,롯데에너지머티리얼즈,2차전지,2.7,3.0,7.0
020150,롯데에너지머티리얼즈,2차전지,26.5,1.0,7.0
020150,롯데에너지머티리얼즈,2차전지,22.81,1.0,7.0
020150,롯데에너지머티리얼즈,2차전지,2.18,5.0,7.0
020150,롯데에너지머티리얼즈,2차전지,29.66,1.0,7.0
020150,롯데에너지머티리얼즈,2차전지,6.03,2.0,7.0
020150,롯데에너지머티리얼즈,2차전지,-4.42,5.0,7.0
020150,롯데에너지머티리얼즈,2차전지,7.68,5.0,7.0
020150,롯데에너지머티리얼즈,2차전지,-0.85,6.0,7.0
020150,롯데에너지머티리얼즈,2차전지,-2.18,6.0,7.0
020150,롯데에너지머티리얼즈,2차전지,5.06,5.0,7.0
020150,롯데에너지머티리얼즈,2차전지,0.47,4.0,7.0
020150,롯데에너지머티리얼즈,2차전지,-6.34,7.0,7.0
020150,롯데에너지머티리얼즈,2차전지,-1.6,5.0,7.0
020150,롯데에너지머티리얼즈,2차전지,1.46,5.0,7.0
020150,롯데에너지머티리얼즈,2차전지,9.5,1.0,7.0
020150,롯데에너지머티리얼즈,2차전지,-0.99,4.0,7.0
020150,롯데에너지머티리얼즈,2차전지,-0.35,6.0,7.0
020150,롯데에너지머티리얼즈,2차전지,-10.82,7.0,7.0
020150,롯데에너지머티리얼즈,2차전지,-17.51,7.0,7.0
020150,롯데에너지머티리얼즈,2차전지,-5.64,4.0,7.0
020150,롯데에너지머티리얼즈,2차전지,14.0,1.0,7.0
020150,롯데에너지머티리얼즈,2차전지,-0.49,3.0,7.0
020150,롯데에너지머티리얼즈,2차전지,8.48,3.0,7.0
020150,롯데에너지머티리얼즈,2차전지,19.71,2.0,7.0
020150,롯데에너지머티리얼즈,2차전지,29.37,1.0,7.0
020150,롯데에너지머티리얼즈,2차전지,25.97,1.0,7.0
020150,롯데에너지머티리얼즈,2차전지,20.28,1.0,7.0
020150,롯데에너지머티리얼즈,2차전지,24.98,1.0,7.0
020150,롯데에너지머티리얼즈,2차전지,-0.47,5.0,7.0
020150,롯데에너지머티리얼즈,2차전지,-6.52,6.0,7.0
020150,롯데에너지머티리얼즈,2차전지,-22.46,7.0,7.0
020150,롯데에너지머티리얼즈,2차전지,-6.43,6.0,7.0
020150,롯데에너지머티리얼즈,2차전지,17.03,2.0,7.0
020150,롯데에너지머티리얼즈,2차전지,2.31,1.0,7.0
020150,롯데에너지머티리얼즈,2차전지,7.63,1.0,7.0
020150,롯데에너지머티리얼즈,2차전지,11.12,1.0,7.0
020150,롯데에너지머티리얼즈,2차전지,16.29,1.0,7.0
020150,롯데에너지머티리얼즈,2차전지,6.58,3.0,7.0
020150,롯데에너지머티리얼즈,2차전지,-44.63,5.0,7.0
207940,삼성바이오로직스,바이오,14.08,1.0,7.0
207940,삼성바이오로직스,바이오,7.56,4.0,7.0
207940,삼성바이오로직스,바이오,20.29,1.0,7.0
207940,삼성바이오로직스,바이오,20.9,1.0,7.0
207940,삼성바이오로직스,바이오,6.93,4.0,7.0
207940,삼성바이오로직스,바이오,6.55,4.0,7.0
207940,삼성바이오로직스,바이오,6.23,4.0,7.0
207940,삼성바이오로직스,바이오,0.31,4.0,7.0
207940,삼성바이오로직스,바이오,1.19,1.0,7.0
207940,삼성바이오로직스,바이오,0.11,3.0,7.0
207940,삼성바이오로직스,바이오,-2.81,4.0,7.0
207940,삼성바이오로직스,바이오,-1.43,3.0,7.0
207940,삼성바이오로직스,바이오,-11.07,7.0,7.0
207940,삼성바이오로직스,바이오,2.93,5.0,7.0
207940,삼성바이오로직스,바이오,3.61,4.0,7.0
207940,삼성바이오로직스,바이오,-5.59,7.0,7.0
207940,삼성바이오로직스,바이오,-3.91,6.0,7.0
207940,삼성바이오로직스,바이오,3.17,2.0,7.0
207940,삼성바이오로직스,바이오,-0.54,6.0,7.0
207940,삼성바이오로직스,바이오,-0.8,4.0,7.0
207940,삼성바이오로직스,바이오,6.67,3.0,7.0
207940,삼성바이오로직스,바이오,-3.32,7.0,7.0
207940,삼성바이오로직스,바이오,2.57,4.0,7.0
207940,삼성바이오로직스,바이오,4.81,3.0,7.0
207940,삼성바이오로직스,바이오,-2.7,4.0,7.0
207940,삼성바이오로직스,바이오,-0.46,6.0,7.0
207940,삼성바이오로직스,바이오,7.88,4.0,7.0
207940,삼성바이오로직스,바이오,-0.5,6.0,7.0
207940,삼성바이오로직스,바이오,-2.69,5.0,7.0
207940,삼성바이오로직스,바이오,13.31,1.0,7.0
207940,삼성바이오로직스,바이오,12.32,1.0,7.0
207940,삼성바이오로직스,바이오,13.56,1.0,7.0
207940,삼성바이오로직스,바이오,-2.64,5.0,7.0
207940,삼성바이오로직스,바이오,20.28,1.0,7.0
207940,삼성바이오로직스,바이오,18.34,2.0,7.0
207940,삼성바이오로직스,바이오,5.96,1.0,7.0
207940,삼성바이오로직스,바이오,3.23,1.0,7.0
207940,삼성바이오로직스,바이오,14.25,2.0,7.0
207940,삼성바이오로직스,바이오,11.34,1.0,7.0
207940,삼성바이오로직스,바이오,6.35,4.0,7.0
207940,삼성바이오로직스,바이오,3.12,5.0,7.0
207940,삼성바이오로직스,바이오,8.85,4.0,7.0
207940,삼성바이오로직스,바이오,-2.18,3.0,7.0
207940,삼성바이오로직스,바이오,-3.93,5.0,7.0
207940,삼성바이오로직스,바이오,-5.57,7.0,7.0
207940,삼성바이오로직스,바이오,-16.22,7.0,7.0
207940,삼성바이오로직스,바이오,-1.93,3.0,7.0
207940,삼성바이오로직스,바이오,17.38,3.0,7.0
068270,셀트리온,바이오,11.9,1.0,7.0
068270,셀트리온,바이오,11.22,1.0,7.0
068270,셀트리온,바이오,11.97,1.0,7.0
068270,셀트리온,바이오,19.48,1.0,7.0
068270,셀트리온,바이오,7.56,4.0,7.0
068270,셀트리온,바이오,8.5,2.0,7.0
068270,셀트리온,바이오,20.29,1.0,7.0
068270,셀트리온,바이오,20.9,1.0,7.0
068270,셀트리온,바이오,38.71,1.0,7.0
068270,셀트리온,바이오,2.0,3.0,7.0
068270,셀트리온,바이오,-3.65,6.0,7.0
068270,셀트리온,바이오,-2.59,6.0,7.0
068270,셀트리온,바이오,-5.24,6.0,7.0
068270,셀트리온,바이오,-2.96,6.0,7.0
068270,셀트리온,바이오,-8.36,7.0,7.0
068270,셀트리온,바이오,2.12,4.0,7.0
068270,셀트리온,바이오,2.98,4.0,7.0
068270,셀트리온,바이오,3.87,4.0,7.0
068270,셀트리온,바이오,2.36,2.0,7.0
068270,셀트리온,바이오,1.73,2.0,7.0
068270,셀트리온,바이오,-3.44,7.0,7.0
068270,셀트리온,바이오,0.78,4.0,7.0
068270,셀트리온,바이오,-0.45,4.0,7.0
068270,셀트리온,바이오,3.94,5.0,7.0
068270,셀트리온,바이오,7.36,3.0,7.0
068270,셀트리온,바이오,9.79,3.0,7.0
068270,셀트리온,바이오,0.43,5.0,7.0
068270,셀트리온,바이오,9.23,1.0,7.0
068270,셀트리온,바이오,0.08,5.0,7.0
068270,셀트리온,바이오,0.37,5.0,7.0
068270,셀트리온,바이오,-0.22,7.0,7.0
068270,셀트리온,바이오,-4.88,7.0,7.0
068270,셀트리온,바이오,14.25,3.0,7.0
068270,셀트리온,바이오,-3.3,6.0,7.0
068270,셀트리온,바이오,9.36,1.0,7.0
068270,셀트리온,바이오,-3.0,4.0,7.0
068270,셀트리온,바이오,-4.14,5.0,7.0
068270,셀트리온,바이오,2.62,4.0,7.0
068270,셀트리온,바이오,1.93,5.0,7.0
068270,셀트리온,바이오,1.75,5.0,7.0
068270,셀트리온,바이오,13.56,1.0,7.0
068270,셀트리온,바이오,6.74,2.0,7.0
068270,셀트리온,바이오,0.94,4.0,7.0
068270,셀트리온,바이오,2.76,2.0,7.0
068270,셀트리온,바이오,8.43,1.0,7.0
068270,셀트리온,바이오,13.7,1.0,7.0
068270,셀트리온,바이오,18.17,1.0,7.0
068270,셀트리온,바이오,3.79,2.0,7.0
068270,셀트리온,바이오,6.91,2.0,7.0
068270,셀트리온,바이오,-12.03,7.0,7.0
068270,셀트리온,바이오,-5.65,7.0,7.0
068270,셀트리온,바이오,-1.24,3.0,7.0
068270,셀트리온,바이오,-1.79,4.0,7.0
068270,셀트리온,바이오,6.96,3.0,7.0
068270,셀트리온,바이오,-9.73,6.0,7.0
068270,셀트리온,바이오,-10.06,6.0,7.0
068270,셀트리온,바이오,-10.4,6.0,7.0
000100,유한양행,바이오,7.82,1.0,7.0
000100,유한양행,바이오,10.17,1.0,7.0
000100,유한양행,바이오,6.47,1.0,7.0
000100,유한양행,바이오,14.22,2.0,7.0
000100,유한양행,바이오,13.71,2.0,7.0
000100,유한양행,바이오,8.88,3.0,7.0
000100,유한양행,바이오,4.6,3.0,7.0
000100,유한양행,바이오,6.93,4.0,7.0
000100,유한양행,바이오,0.84,5.0,7.0
000100,유한양행,바이오,-1.43,3.0,7.0
000100,유한양행,바이오,-2.45,7.0,7.0
000100,유한양행,바이오,0.87,5.0,7.0
000100,유한양행,바이오,2.82,5.0,7.0
000100,유한양행,바이오,9.58,1.0,7.0
000100,유한양행,바이오,1.07,3.0,7.0
000100,유한양행,바이오,3.64,2.0,7.0
000100,유한양행,바이오,8.42,2.0,7.0
000100,유한양행,바이오,4.07,4.0,7.0
000100,유한양행,바이오,12.19,3.0,7.0
000100,유한양행,바이오,-2.98,6.0,7.0
000100,유한양행,바이오,5.16,1.0,7.0
000100,유한양행,바이오,-0.44,6.0,7.0
000100,유한양행,바이오,7.88,4.0,7.0
000100,유한양행,바이오,10.05,4.0,7.0
000100,유한양행,바이오,14.25,3.0,7.0
000100,유한양행,바이오,5.02,2.0,7.0
000100,유한양행,바이오,7.09,2.0,7.0
000100,유한양행,바이오,-4.94,6.0,7.0
000100,유한양행,바이오,-1.11,6.0,7.0
000100,유한양행,바이오,-2.69,5.0,7.0
000100,유한양행,바이오,-0.86,6.0,7.0
000100,유한양행,바이오,0.9,5.0,7.0
000100,유한양행,바이오,-0.51,3.0,7.0
000100,유한양행,바이오,10.07,1.0,7.0
000100,유한양행,바이오,2.64,5.0,7.0
000100,유한양행,바이오,4.72,3.0,7.0
000100,유한양행,바이오,-3.71,5.0,7.0
000100,유한양행,바이오,2.33,4.0,7.0
000100,유한양행,바이오,6.26,2.0,7.0
000100,유한양행,바이오,22.95,1.0,7.0
000100,유한양행,바이오,8.74,3.0,7.0
000100,유한양행,바이오,2.42,3.0,7.0
000100,유한양행,바이오,5.25,2.0,7.0
000100,유한양행,바이오,-1.14,3.0,7.0
000100,유한양행,바이오,2.76,2.0,7.0
000100,유한양행,바이오,0.85,2.0,7.0
000100,유한양행,바이오,9.71,1.0,7.0
000100,유한양행,바이오,17.37,1.0,7.0
000100,유한양행,바이오,9.55,1.0,7.0
000100,유한양행,바이오,14.59,1.0,7.0
000100,유한양행,바이오,16.17,1.0,7.0
000100,유한양행,바이오,13.52,1.0,7.0
000100,유한양행,바이오,5.29,4.0,7.0
000100,유한양행,바이오,8.72,2.0,7.0
000100,유한양행,바이오,-0.11,2.0,7.0
000100,유한양행,바이오,7.97,1.0,7.0
000100,유한양행,바이오,6.54,2.0,7.0
000100,유한양행,바이오,-0.05,3.0,7.0
000100,유한양행,바이오,-1.79,4.0,7.0
000100,유한양행,바이오,14.12,1.0,7.0
196170,알테오젠,바이오,3.23,3.0,7.0
196170,알테오젠,바이오,2.83,3.0,7.0
196170,알테오젠,바이오,6.77,2.0,7.0
196170,알테오젠,바이오,6.12,3.0,7.0
196170,알테오젠,바이오,4.35,5.0,7.0
196170,알테오젠,바이오,7.73,4.0,7.0
196170,알테오젠,바이오,8.28,4.0,7.0
196170,알테오젠,바이오,14.22,2.0,7.0
196170,알테오젠,바이오,36.73,1.0,7.0
196170,알테오젠,바이오,2.26,5.0,7.0
196170,알테오젠,바이오,-1.01,3.0,7.0
196170,알테오젠,바이오,4.21,3.0,7.0
196170,알테오젠,바이오,1.19,1.0,7.0
196170,알테오젠,바이오,-2.57,6.0,7.0
196170,알테오젠,바이오,-2.96,6.0,7.0
196170,알테오젠,바이오,-7.63,7.0,7.0
196170,알테오젠,바이오,-7.71,7.0,7.0
196170,알테오젠,바이오,2.17,5.0,7.0
196170,알테오젠,바이오,3.08,4.0,7.0
196170,알테오젠,바이오,-1.95,7.0,7.0
196170,알테오젠,바이오,3.62,3.0,7.0
196170,알테오젠,바이오,-0.67,4.0,7.0
196170,알테오젠,바이오,0.43,5.0,7.0
196170,알테오젠,바이오,4.81,3.0,7.0
196170,알테오젠,바이오,6.44,3.0,7.0
196170,알테오젠,바이오,6.74,2.0,7.0
196170,알테오젠,바이오,8.96,1.0,7.0
196170,알테오젠,바이오,-3.44,6.0,7.0
196170,알테오젠,바이오,4.62,2.0,7.0
196170,알테오젠,바이오,13.15,1.0,7.0
196170,알테오젠,바이오,12.18,1.0,7.0
196170,알테오젠,바이오,-0.46,6.0,7.0
196170,알테오젠,바이오,2.0,5.0,7.0
196170,알테오젠,바이오,-2.95,7.0,7.0
196170,알테오젠,바이오,4.4,6.0,7.0
196170,알테오젠,바이오,7.08,4.0,7.0
196170,알테오젠,바이오,2.24,3.0,7.0
196170,알테오젠,바이오,7.09,2.0,7.0
196170,알테오젠,바이오,7.16,4.0,7.0
196170,알테오젠,바이오,-0.51,3.0,7.0
196170,알테오젠,바이오,2.57,3.0,7.0
196170,알테오젠,바이오,2.17,2.0,7.0
196170,알테오젠,바이오,2.58,2.0,7.0
196170,알테오젠,바이오,4.26,2.0,7.0
196170,알테오젠,바이오,5.88,2.0,7.0
196170,알테오젠,바이오,1.32,5.0,7.0
196170,알테오젠,바이오,8.89,1.0,7.0
196170,알테오젠,바이오,-4.32,5.0,7.0
196170,알테오젠,바이오,-2.88,5.0,7.0
196170,알테오젠,바이오,2.33,4.0,7.0
196170,알테오젠,바이오,6.26,2.0,7.0
196170,알테오젠,바이오,5.25,2.0,7.0
196170,알테오젠,바이오,-1.9,4.0,7.0
196170,알테오젠,바이오,2.76,2.0,7.0
196170,알테오젠,바이오,17.26,1.0,7.0
196170,알테오젠,바이오,11.34,1.0,7.0
196170,알테오젠,바이오,7.91,1.0,7.0
196170,알테오젠,바이오,1.09,3.0,7.0
196170,알테오젠,바이오,0.01,2.0,7.0
196170,알테오젠,바이오,-6.58,5.0,7.0
196170,알테오젠,바이오,-5.71,7.0,7.0
196170,알테오젠,바이오,-5.57,7.0,7.0
196170,알테오젠,바이오,2.94,4.0,7.0
196170,알테오젠,바이오,7.66,1.0,7.0
196170,알테오젠,바이오,-0.05,3.0,7.0
196170,알테오젠,바이오,-17.7,7.0,7.0
196170,알테오젠,바이오,-16.73,7.0,7.0
196170,알테오젠,바이오,-12.03,6.0,7.0
196170,알테오젠,바이오,-16.17,6.0,7.0
196170,알테오젠,바이오,2.82,3.0,7.0
196170,알테오젠,바이오,-32.77,6.0,7.0
141080,리가켐바이오,바이오,4.26,3.0,7.0
141080,리가켐바이오,바이오,5.41,3.0,7.0
141080,리가켐바이오,바이오,11.28,1.0,7.0
141080,리가켐바이오,바이오,7.91,3.0,7.0
141080,리가켐바이오,바이오,8.28,4.0,7.0
141080,리가켐바이오,바이오,19.48,1.0,7.0
141080,리가켐바이오,바이오,15.78,2.0,7.0
141080,리가켐바이오,바이오,7.56,3.0,7.0
141080,리가켐바이오,바이오,15.26,1.0,7.0
141080,리가켐바이오,바이오,-5.02,7.0,7.0
141080,리가켐바이오,바이오,2.26,5.0,7.0
141080,리가켐바이오,바이오,8.43,3.0,7.0
141080,리가켐바이오,바이오,6.01,2.0,7.0
141080,리가켐바이오,바이오,3.17,3.0,7.0
141080,리가켐바이오,바이오,7.41,2.0,7.0
141080,리가켐바이오,바이오,-0.61,6.0,7.0
141080,리가켐바이오,바이오,-6.79,6.0,7.0
141080,리가켐바이오,바이오,-6.92,6.0,7.0
141080,리가켐바이오,바이오,-1.43,3.0,7.0
141080,리가켐바이오,바이오,-2.73,4.0,7.0
141080,리가켐바이오,바이오,0.46,3.0,7.0
141080,리가켐바이오,바이오,1.82,4.0,7.0
141080,리가켐바이오,바이오,4.37,4.0,7.0
141080,리가켐바이오,바이오,4.33,4.0,7.0
141080,리가켐바이오,바이오,5.06,3.0,7.0
141080,리가켐바이오,바이오,9.58,1.0,7.0
141080,리가켐바이오,바이오,6.86,2.0,7.0
141080,리가켐바이오,바이오,5.84,2.0,7.0
141080,리가켐바이오,바이오,3.46,2.0,7.0
141080,리가켐바이오,바이오,-0.45,4.0,7.0
141080,리가켐바이오,바이오,-2.44,6.0,7.0
141080,리가켐바이오,바이오,-2.06,6.0,7.0
141080,리가켐바이오,바이오,8.42,2.0,7.0
141080,리가켐바이오,바이오,4.07,4.0,7.0
141080,리가켐바이오,바이오,9.97,2.0,7.0
141080,리가켐바이오,바이오,12.92,3.0,7.0
141080,리가켐바이오,바이오,9.23,1.0,7.0
141080,리가켐바이오,바이오,9.14,2.0,7.0
141080,리가켐바이오,바이오,-3.44,6.0,7.0
141080,리가켐바이오,바이오,0.08,5.0,7.0
141080,리가켐바이오,바이오,4.1,2.0,7.0
141080,리가켐바이오,바이오,3.13,2.0,7.0
141080,리가켐바이오,바이오,4.62,2.0,7.0
141080,리가켐바이오,바이오,6.91,2.0,7.0
141080,리가켐바이오,바이오,7.92,1.0,7.0
141080,리가켐바이오,바이오,10.01,1.0,7.0
141080,리가켐바이오,바이오,9.87,1.0,7.0
141080,리가켐바이오,바이오,-4.88,7.0,7.0
141080,리가켐바이오,바이오,4.4,6.0,7.0
141080,리가켐바이오,바이오,7.08,4.0,7.0
141080,리가켐바이오,바이오,12.31,2.0,7.0
141080,리가켐바이오,바이오,7.09,2.0,7.0
141080,리가켐바이오,바이오,7.16,4.0,7.0
141080,리가켐바이오,바이오,-0.51,3.0,7.0
141080,리가켐바이오,바이오,2.57,3.0,7.0
141080,리가켐바이오,바이오,-4.14,5.0,7.0
141080,리가켐바이오,바이오,-0.71,5.0,7.0
141080,리가켐바이오,바이오,3.48,6.0,7.0
141080,리가켐바이오,바이오,4.72,3.0,7.0
141080,리가켐바이오,바이오,9.19,1.0,7.0
141080,리가켐바이오,바이오,8.89,1.0,7.0
141080,리가켐바이오,바이오,12.32,1.0,7.0
141080,리가켐바이오,바이오,-2.88,5.0,7.0
141080,리가켐바이오,바이오,6.26,2.0,7.0
141080,리가켐바이오,바이오,13.55,2.0,7.0
141080,리가켐바이오,바이오,20.74,1.0,7.0
141080,리가켐바이오,바이오,20.28,1.0,7.0
141080,리가켐바이오,바이오,0.81,4.0,7.0
141080,리가켐바이오,바이오,0.85,2.0,7.0
141080,리가켐바이오,바이오,17.15,1.0,7.0
141080,리가켐바이오,바이오,13.92,1.0,7.0
141080,리가켐바이오,바이오,4.35,3.0,7.0
141080,리가켐바이오,바이오,-11.95,6.0,7.0
141080,리가켐바이오,바이오,-12.03,7.0,7.0
141080,리가켐바이오,바이오,-5.57,7.0,7.0
141080,리가켐바이오,바이오,8.53,1.0,7.0
141080,리가켐바이오,바이오,-1.24,3.0,7.0
141080,리가켐바이오,바이오,-12.03,6.0,7.0
141080,리가켐바이오,바이오,-1.79,4.0,7.0
141080,리가켐바이오,바이오,14.12,1.0,7.0
141080,리가켐바이오,바이오,-9.5,7.0,7.0
141080,리가켐바이오,바이오,-8.34,4.0,7.0
141080,리가켐바이오,바이오,-32.86,6.0,7.0
141080,리가켐바이오,바이오,2.45,2.0,7.0
298380,에이비엘바이오,바이오,11.28,1.0,7.0
298380,에이비엘바이오,바이오,7.73,4.0,7.0
298380,에이비엘바이오,바이오,19.48,1.0,7.0
298380,에이비엘바이오,바이오,15.26,1.0,7.0
298380,에이비엘바이오,바이오,20.29,1.0,7.0
298380,에이비엘바이오,바이오,29.13,1.0,7.0
298380,에이비엘바이오,바이오,30.0,1.0,7.0
298380,에이비엘바이오,바이오,2.3,6.0,7.0
298380,에이비엘바이오,바이오,4.12,2.0,7.0
298380,에이비엘바이오,바이오,7.41,2.0,7.0
298380,에이비엘바이오,바이오,-0.56,4.0,7.0
298380,에이비엘바이오,바이오,-4.61,6.0,7.0
298380,에이비엘바이오,바이오,-1.43,3.0,7.0
298380,에이비엘바이오,바이오,-5.07,6.0,7.0
298380,에이비엘바이오,바이오,1.0,6.0,7.0
298380,에이비엘바이오,바이오,2.82,5.0,7.0
298380,에이비엘바이오,바이오,2.44,5.0,7.0
298380,에이비엘바이오,바이오,4.33,4.0,7.0
298380,에이비엘바이오,바이오,3.89,3.0,7.0
298380,에이비엘바이오,바이오,9.58,1.0,7.0
298380,에이비엘바이오,바이오,5.01,2.0,7.0
298380,에이비엘바이오,바이오,-1.54,5.0,7.0
298380,에이비엘바이오,바이오,-1.89,5.0,7.0
298380,에이비엘바이오,바이오,1.27,3.0,7.0
298380,에이비엘바이오,바이오,3.37,2.0,7.0
298380,에이비엘바이오,바이오,-0.67,4.0,7.0
298380,에이비엘바이오,바이오,4.33,2.0,7.0
298380,에이비엘바이오,바이오,4.95,3.0,7.0
298380,에이비엘바이오,바이오,-0.1,5.0,7.0
298380,에이비엘바이오,바이오,-2.99,7.0,7.0
298380,에이비엘바이오,바이오,-2.61,7.0,7.0
298380,에이비엘바이오,바이오,7.36,3.0,7.0
298380,에이비엘바이오,바이오,4.81,3.0,7.0
298380,에이비엘바이오,바이오,8.96,1.0,7.0
298380,에이비엘바이오,바이오,9.23,1.0,7.0
298380,에이비엘바이오,바이오,0.08,5.0,7.0
298380,에이비엘바이오,바이오,0.35,4.0,7.0
298380,에이비엘바이오,바이오,3.13,2.0,7.0
298380,에이비엘바이오,바이오,-4.88,7.0,7.0
298380,에이비엘바이오,바이오,-2.84,7.0,7.0
298380,에이비엘바이오,바이오,-0.46,6.0,7.0
298380,에이비엘바이오,바이오,4.4,6.0,7.0
298380,에이비엘바이오,바이오,7.08,4.0,7.0
298380,에이비엘바이오,바이오,-1.11,6.0,7.0
298380,에이비엘바이오,바이오,-0.51,3.0,7.0
298380,에이비엘바이오,바이오,2.57,3.0,7.0
298380,에이비엘바이오,바이오,-4.14,5.0,7.0
298380,에이비엘바이오,바이오,1.32,5.0,7.0
298380,에이비엘바이오,바이오,4.72,3.0,7.0
298380,에이비엘바이오,바이오,9.19,1.0,7.0
298380,에이비엘바이오,바이오,2.33,4.0,7.0
298380,에이비엘바이오,바이오,6.26,2.0,7.0
298380,에이비엘바이오,바이오,20.74,1.0,7.0
298380,에이비엘바이오,바이오,2.76,2.0,7.0
298380,에이비엘바이오,바이오,5.96,1.0,7.0
298380,에이비엘바이오,바이오,-1.03,2.0,7.0
298380,에이비엘바이오,바이오,-0.15,3.0,7.0
298380,에이비엘바이오,바이오,18.81,1.0,7.0
298380,에이비엘바이오,바이오,20.18,1.0,7.0
298380,에이비엘바이오,바이오,15.55,1.0,7.0
298380,에이비엘바이오,바이오,9.01,4.0,7.0
298380,에이비엘바이오,바이오,2.73,6.0,7.0
298380,에이비엘바이오,바이오,3.12,5.0,7.0
298380,에이비엘바이오,바이오,1.58,5.0,7.0
298380,에이비엘바이오,바이오,2.88,5.0,7.0
298380,에이비엘바이오,바이오,8.49,4.0,7.0
298380,에이비엘바이오,바이오,2.92,1.0,7.0
298380,에이비엘바이오,바이오,6.05,1.0,7.0
298380,에이비엘바이오,바이오,7.0,1.0,7.0
298380,에이비엘바이오,바이오,7.49,1.0,7.0
298380,에이비엘바이오,바이오,-1.53,4.0,7.0
298380,에이비엘바이오,바이오,1.9,4.0,7.0
298380,에이비엘바이오,바이오,11.47,2.0,7.0
298380,에이비엘바이오,바이오,-1.17,4.0,7.0
298380,에이비엘바이오,바이오,5.25,3.0,7.0
298380,에이비엘바이오,바이오,-17.7,7.0,7.0
298380,에이비엘바이오,바이오,-15.76,7.0,7.0
298380,에이비엘바이오,바이오,-12.03,6.0,7.0
298380,에이비엘바이오,바이오,6.96,3.0,7.0
298380,에이비엘바이오,바이오,14.12,1.0,7.0
298380,에이비엘바이오,바이오,-9.5,7.0,7.0
298380,에이비엘바이오,바이오,-19.55,4.0,7.0
128940,한미약품,바이오,10.34,2.0,7.0
128940,한미약품,바이오,8.5,2.0,7.0
128940,한미약품,바이오,-2.13,6.0,7.0
128940,한미약품,바이오,8.43,3.0,7.0
128940,한미약품,바이오,2.47,6.0,7.0
128940,한미약품,바이오,6.93,4.0,7.0
128940,한미약품,바이오,-2.81,4.0,7.0
128940,한미약품,바이오,-0.56,4.0,7.0
128940,한미약품,바이오,-3.19,6.0,7.0
128940,한미약품,바이오,-4.37,7.0,7.0
128940,한미약품,바이오,-11.07,7.0,7.0
128940,한미약품,바이오,2.93,5.0,7.0
128940,한미약품,바이오,0.49,5.0,7.0
128940,한미약품,바이오,-5.01,6.0,7.0
128940,한미약품,바이오,9.58,1.0,7.0
128940,한미약품,바이오,13.02,1.0,7.0
128940,한미약품,바이오,6.38,3.0,7.0
128940,한미약품,바이오,0.25,2.0,7.0
128940,한미약품,바이오,4.07,4.0,7.0
128940,한미약품,바이오,9.97,2.0,7.0
128940,한미약품,바이오,12.46,4.0,7.0
128940,한미약품,바이오,-4.54,7.0,7.0
128940,한미약품,바이오,-5.3,7.0,7.0
128940,한미약품,바이오,12.31,1.0,7.0
128940,한미약품,바이오,7.7,1.0,7.0
128940,한미약품,바이오,4.18,3.0,7.0
128940,한미약품,바이오,-2.84,7.0,7.0
128940,한미약품,바이오,4.4,6.0,7.0
128940,한미약품,바이오,7.08,4.0,7.0
128940,한미약품,바이오,10.05,4.0,7.0
128940,한미약품,바이오,16.51,2.0,7.0
128940,한미약품,바이오,-1.11,5.0,7.0
128940,한미약품,바이오,-1.46,5.0,7.0
128940,한미약품,바이오,0.9,5.0,7.0
128940,한미약품,바이오,7.16,4.0,7.0
128940,한미약품,바이오,11.68,3.0,7.0
128940,한미약품,바이오,17.86,1.0,7.0
128940,한미약품,바이오,2.64,5.0,7.0
128940,한미약품,바이오,9.19,1.0,7.0
128940,한미약품,바이오,14.28,1.0,7.0
128940,한미약품,바이오,12.82,2.0,7.0
128940,한미약품,바이오,3.62,3.0,7.0
128940,한미약품,바이오,19.28,1.0,7.0
128940,한미약품,바이오,6.18,3.0,7.0
128940,한미약품,바이오,8.75,1.0,7.0
128940,한미약품,바이오,18.62,1.0,7.0
128940,한미약품,바이오,10.88,2.0,7.0
128940,한미약품,바이오,-3.82,5.0,7.0
128940,한미약품,바이오,-4.44,6.0,7.0
128940,한미약품,바이오,-8.08,6.0,7.0
128940,한미약품,바이오,0.16,5.0,7.0
128940,한미약품,바이오,5.25,3.0,7.0
128940,한미약품,바이오,-3.15,5.0,7.0
128940,한미약품,바이오,-4.16,5.0,7.0
128940,한미약품,바이오,-1.24,3.0,7.0
128940,한미약품,바이오,-17.7,7.0,7.0
128940,한미약품,바이오,-15.76,7.0,7.0
128940,한미약품,바이오,-12.03,6.0,7.0
128940,한미약품,바이오,-1.09,3.0,7.0
128940,한미약품,바이오,-16.83,7.0,7.0
128940,한미약품,바이오,-9.44,7.0,7.0
128940,한미약품,바이오,-39.71,4.0,7.0
326030,SK바이오팜,바이오,6.01,2.0,7.0
326030,SK바이오팜,바이오,0.75,4.0,7.0
326030,SK바이오팜,바이오,1.19,1.0,7.0
326030,SK바이오팜,바이오,-3.19,6.0,7.0
326030,SK바이오팜,바이오,-2.45,7.0,7.0
326030,SK바이오팜,바이오,2.44,5.0,7.0
326030,SK바이오팜,바이오,3.08,4.0,7.0
326030,SK바이오팜,바이오,10.81,1.0,7.0
326030,SK바이오팜,바이오,2.36,2.0,7.0
326030,SK바이오팜,바이오,-2.61,4.0,7.0
326030,SK바이오팜,바이오,8.12,2.0,7.0
326030,SK바이오팜,바이오,12.68,2.0,7.0
326030,SK바이오팜,바이오,0.08,5.0,7.0
326030,SK바이오팜,바이오,3.13,2.0,7.0
326030,SK바이오팜,바이오,12.07,4.0,7.0
326030,SK바이오팜,바이오,16.51,2.0,7.0
326030,SK바이오팜,바이오,-1.46,5.0,7.0
326030,SK바이오팜,바이오,-4.53,6.0,7.0
326030,SK바이오팜,바이오,-3.37,7.0,7.0
326030,SK바이오팜,바이오,0.9,5.0,7.0
326030,SK바이오팜,바이오,7.16,4.0,7.0
326030,SK바이오팜,바이오,11.68,3.0,7.0
326030,SK바이오팜,바이오,4.25,2.0,7.0
326030,SK바이오팜,바이오,2.9,4.0,7.0
326030,SK바이오팜,바이오,9.19,1.0,7.0
326030,SK바이오팜,바이오,13.56,1.0,7.0
326030,SK바이오팜,바이오,3.92,5.0,7.0
326030,SK바이오팜,바이오,9.92,1.0,7.0
326030,SK바이오팜,바이오,22.07,1.0,7.0
326030,SK바이오팜,바이오,17.64,1.0,7.0
326030,SK바이오팜,바이오,17.74,1.0,7.0
326030,SK바이오팜,바이오,17.37,1.0,7.0
326030,SK바이오팜,바이오,20.18,1.0,7.0
326030,SK바이오팜,바이오,18.58,1.0,7.0
326030,SK바이오팜,바이오,6.35,4.0,7.0
326030,SK바이오팜,바이오,5.23,4.0,7.0
326030,SK바이오팜,바이오,-5.57,7.0,7.0
326030,SK바이오팜,바이오,7.97,1.0,7.0
326030,SK바이오팜,바이오,3.81,3.0,7.0
326030,SK바이오팜,바이오,-16.29,7.0,7.0
326030,SK바이오팜,바이오,-17.7,7.0,7.0
326030,SK바이오팜,바이오,-1.79,4.0,7.0
326030,SK바이오팜,바이오,13.87,1.0,7.0
326030,SK바이오팜,바이오,-32.86,6.0,7.0
214450,파마리서치,바이오,8.52,2.0,7.0
214450,파마리서치,바이오,9.21,2.0,7.0
214450,파마리서치,바이오,11.6,1.0,7.0
214450,파마리서치,바이오,8.28,4.0,7.0
214450,파마리서치,바이오,16.67,2.0,7.0
214450,파마리서치,바이오,7.63,3.0,7.0
214450,파마리서치,바이오,2.08,4.0,7.0
214450,파마리서치,바이오,0.7,4.0,7.0
214450,파마리서치,바이오,2.02,3.0,7.0
214450,파마리서치,바이오,-14.8,7.0,7.0
214450,파마리서치,바이오,-8.36,7.0,7.0
214450,파마리서치,바이오,-2.02,5.0,7.0
214450,파마리서치,바이오,-0.19,2.0,7.0
214450,파마리서치,바이오,2.88,2.0,7.0
214450,파마리서치,바이오,-4.1,6.0,7.0
214450,파마리서치,바이오,-5.01,6.0,7.0
214450,파마리서치,바이오,5.17,2.0,7.0
214450,파마리서치,바이오,3.94,5.0,7.0
214450,파마리서치,바이오,-1.26,2.0,7.0
214450,파마리서치,바이오,12.46,4.0,7.0
214450,파마리서치,바이오,-1.71,6.0,7.0
214450,파마리서치,바이오,4.27,2.0,7.0
214450,파마리서치,바이오,0.73,6.0,7.0
214450,파마리서치,바이오,2.42,3.0,7.0
214450,파마리서치,바이오,3.13,2.0,7.0
214450,파마리서치,바이오,-2.02,6.0,7.0
214450,파마리서치,바이오,-5.53,6.0,7.0
214450,파마리서치,바이오,-4.83,7.0,7.0
214450,파마리서치,바이오,-1.35,6.0,7.0
214450,파마리서치,바이오,4.4,6.0,7.0
214450,파마리서치,바이오,7.08,4.0,7.0
214450,파마리서치,바이오,-3.23,4.0,7.0
214450,파마리서치,바이오,8.59,3.0,7.0
214450,파마리서치,바이오,13.71,2.0,7.0
214450,파마리서치,바이오,11.53,2.0,7.0
214450,파마리서치,바이오,13.26,2.0,7.0
214450,파마리서치,바이오,12.82,2.0,7.0
214450,파마리서치,바이오,8.74,3.0,7.0
214450,파마리서치,바이오,-5.02,6.0,7.0
214450,파마리서치,바이오,-5.02,6.0,7.0
214450,파마리서치,바이오,2.66,2.0,7.0
214450,파마리서치,바이오,14.3,2.0,7.0
214450,파마리서치,바이오,18.17,1.0,7.0
214450,파마리서치,바이오,22.07,1.0,7.0
214450,파마리서치,바이오,6.18,3.0,7.0
214450,파마리서치,바이오,7.49,1.0,7.0
214450,파마리서치,바이오,-8.28,7.0,7.0
214450,파마리서치,바이오,2.59,4.0,7.0
214450,파마리서치,바이오,-9.73,6.0,7.0
214450,파마리서치,바이오,-1.93,3.0,7.0
214450,파마리서치,바이오,-21.75,7.0,7.0
214450,파마리서치,바이오,-22.13,7.0,7.0
214450,파마리서치,바이오,-28.65,7.0,7.0
214450,파마리서치,바이오,-29.36,7.0,7.0
214450,파마리서치,바이오,-15.18,2.0,7.0
214450,파마리서치,바이오,2.45,2.0,7.0
214450,파마리서치,바이오,0.31,2.0,7.0
145020,휴젤,바이오,7.41,5.0,7.0
145020,휴젤,바이오,14.16,2.0,7.0
145020,휴젤,바이오,30.0,1.0,7.0
145020,휴젤,바이오,28.96,1.0,7.0
145020,휴젤,바이오,36.73,1.0,7.0
145020,휴젤,바이오,34.95,1.0,7.0
145020,휴젤,바이오,6.23,4.0,7.0
145020,휴젤,바이오,-8.68,7.0,7.0
145020,휴젤,바이오,-12.81,7.0,7.0
145020,휴젤,바이오,2.44,5.0,7.0
145020,휴젤,바이오,3.61,4.0,7.0
145020,휴젤,바이오,-6.3,5.0,7.0
145020,휴젤,바이오,-5.59,7.0,7.0
145020,휴젤,바이오,2.73,4.0,7.0
145020,휴젤,바이오,3.85,4.0,7.0
145020,휴젤,바이오,3.18,4.0,7.0
145020,휴젤,바이오,5.17,2.0,7.0
145020,휴젤,바이오,-2.64,5.0,7.0
145020,휴젤,바이오,6.31,4.0,7.0
145020,휴젤,바이오,17.26,1.0,7.0
145020,휴젤,바이오,18.03,1.0,7.0
145020,휴젤,바이오,7.54,1.0,7.0
145020,휴젤,바이오,3.4,3.0,7.0
145020,휴젤,바이오,7.46,1.0,7.0
145020,휴젤,바이오,8.45,1.0,7.0
145020,휴젤,바이오,6.41,1.0,7.0
145020,휴젤,바이오,4.4,6.0,7.0
145020,휴젤,바이오,8.84,4.0,7.0
145020,휴젤,바이오,-0.89,5.0,7.0
145020,휴젤,바이오,13.71,2.0,7.0
145020,휴젤,바이오,9.36,1.0,7.0
145020,휴젤,바이오,9.72,1.0,7.0
145020,휴젤,바이오,-5.39,6.0,7.0
145020,휴젤,바이오,10.07,1.0,7.0
145020,휴젤,바이오,1.55,4.0,7.0
145020,휴젤,바이오,3.83,3.0,7.0
145020,휴젤,바이오,-7.75,6.0,7.0
145020,휴젤,바이오,-7.91,6.0,7.0
145020,휴젤,바이오,-3.71,5.0,7.0
145020,휴젤,바이오,5.56,4.0,7.0
145020,휴젤,바이오,4.48,2.0,7.0
145020,휴젤,바이오,14.25,2.0,7.0
145020,휴젤,바이오,18.17,1.0,7.0
145020,휴젤,바이오,20.18,1.0,7.0
145020,휴젤,바이오,18.58,1.0,7.0
145020,휴젤,바이오,9.89,1.0,7.0
145020,휴젤,바이오,5.84,4.0,7.0
145020,휴젤,바이오,5.07,2.0,7.0
145020,휴젤,바이오,0.52,4.0,7.0
145020,휴젤,바이오,-6.36,6.0,7.0
145020,휴젤,바이오,-16.17,6.0,7.0
145020,휴젤,바이오,-21.75,7.0,7.0
145020,휴젤,바이오,-9.5,7.0,7.0
145020,휴젤,바이오,-29.36,7.0,7.0
005380,현대차,자동차,-2.87,7.0,7.0
005380,현대차,자동차,-0.82,5.0,7.0
005380,현대차,자동차,4.02,2.0,7.0
005380,현대차,자동차,5.54,3.0,7.0
005380,현대차,자동차,2.76,3.0,7.0
005380,현대차,자동차,16.99,1.0,7.0
005380,현대차,자동차,8.03,1.0,7.0
005380,현대차,자동차,-1.44,5.0,7.0
005380,현대차,자동차,3.9,3.0,7.0
005380,현대차,자동차,4.22,3.0,7.0
005380,현대차,자동차,0.05,5.0,7.0
005380,현대차,자동차,-4.92,7.0,7.0
005380,현대차,자동차,7.63,1.0,7.0
005380,현대차,자동차,3.25,5.0,7.0
005380,현대차,자동차,10.84,2.0,7.0
005380,현대차,자동차,-3.18,7.0,7.0
005380,현대차,자동차,-0.82,5.0,7.0
005380,현대차,자동차,2.23,4.0,7.0
005380,현대차,자동차,5.09,2.0,7.0
005380,현대차,자동차,6.71,1.0,7.0
005380,현대차,자동차,9.83,1.0,7.0
005380,현대차,자동차,10.98,1.0,7.0
005380,현대차,자동차,1.63,2.0,7.0
005380,현대차,자동차,1.88,6.0,7.0
005380,현대차,자동차,3.51,2.0,7.0
005380,현대차,자동차,-11.17,6.0,7.0
005380,현대차,자동차,-6.74,6.0,7.0
005380,현대차,자동차,3.87,4.0,7.0
005380,현대차,자동차,-16.13,7.0,7.0
005380,현대차,자동차,-12.18,5.0,7.0
005380,현대차,자동차,-3.32,5.0,7.0
005380,현대차,자동차,-5.01,5.0,7.0
005380,현대차,자동차,-2.03,5.0,7.0
005380,현대차,자동차,17.76,2.0,7.0
005380,현대차,자동차,19.41,2.0,7.0
005380,현대차,자동차,-14.38,6.0,7.0
005380,현대차,자동차,-6.13,3.0,7.0
005380,현대차,자동차,0.84,4.0,7.0
005380,현대차,자동차,5.78,4.0,7.0
005380,현대차,자동차,-16.6,6.0,7.0
005380,현대차,자동차,-16.34,5.0,7.0
005380,현대차,자동차,-12.24,4.0,7.0
000270,기아,자동차,-2.87,7.0,7.0
000270,기아,자동차,4.92,4.0,7.0
000270,기아,자동차,16.99,1.0,7.0
000270,기아,자동차,6.98,2.0,7.0
000270,기아,자동차,14.82,2.0,7.0
000270,기아,자동차,2.19,1.0,7.0
000270,기아,자동차,-1.44,5.0,7.0
000270,기아,자동차,3.9,3.0,7.0
000270,기아,자동차,4.22,3.0,7.0
000270,기아,자동차,5.87,4.0,7.0
000270,기아,자동차,11.03,1.0,7.0
000270,기아,자동차,13.0,2.0,7.0
000270,기아,자동차,19.1,1.0,7.0
000270,기아,자동차,5.47,2.0,7.0
000270,기아,자동차,-1.07,5.0,7.0
000270,기아,자동차,4.45,3.0,7.0
000270,기아,자동차,2.96,3.0,7.0
000270,기아,자동차,4.6,3.0,7.0
000270,기아,자동차,7.63,1.0,7.0
000270,기아,자동차,7.86,3.0,7.0
000270,기아,자동차,3.03,4.0,7.0
000270,기아,자동차,-0.45,7.0,7.0
000270,기아,자동차,-3.18,7.0,7.0
000270,기아,자동차,-0.82,5.0,7.0
000270,기아,자동차,1.7,5.0,7.0
000270,기아,자동차,2.23,4.0,7.0
000270,기아,자동차,5.09,2.0,7.0
000270,기아,자동차,6.71,1.0,7.0
000270,기아,자동차,9.83,1.0,7.0
000270,기아,자동차,1.46,6.0,7.0
000270,기아,자동차,-6.74,6.0,7.0
000270,기아,자동차,3.87,4.0,7.0
000270,기아,자동차,-12.18,5.0,7.0
000270,기아,자동차,-2.03,5.0,7.0
000270,기아,자동차,19.41,2.0,7.0
000270,기아,자동차,-14.38,6.0,7.0
000270,기아,자동차,-6.13,3.0,7.0
000270,기아,자동차,-4.74,3.0,7.0
000270,기아,자동차,-3.56,3.0,7.0
000270,기아,자동차,0.84,4.0,7.0
000270,기아,자동차,5.78,4.0,7.0
000270,기아,자동차,-8.15,4.0,7.0
000270,기아,자동차,-16.34,5.0,7.0
000270,기아,자동차,-16.35,5.0,7.0
012330,현대모비스,자동차,-0.82,5.0,7.0
012330,현대모비스,자동차,16.99,1.0,7.0
012330,현대모비스,자동차,0.75,2.0,7.0
012330,현대모비스,자동차,0.41,4.0,7.0
012330,현대모비스,자동차,-1.44,5.0,7.0
012330,현대모비스,자동차,-2.84,6.0,7.0
012330,현대모비스,자동차,3.9,3.0,7.0
012330,현대모비스,자동차,0.84,5.0,7.0
012330,현대모비스,자동차,5.7,3.0,7.0
012330,현대모비스,자동차,2.3,4.0,7.0
012330,현대모비스,자동차,-8.01,6.0,7.0
012330,현대모비스,자동차,7.86,3.0,7.0
012330,현대모비스,자동차,5.37,3.0,7.0
012330,현대모비스,자동차,-0.45,7.0,7.0
012330,현대모비스,자동차,3.25,5.0,7.0
012330,현대모비스,자동차,5.29,4.0,7.0
012330,현대모비스,자동차,6.71,1.0,7.0
012330,현대모비스,자동차,9.83,1.0,7.0
012330,현대모비스,자동차,-2.84,7.0,7.0
012330,현대모비스,자동차,2.19,2.0,7.0
012330,현대모비스,자동차,0.4,6.0,7.0
012330,현대모비스,자동차,-1.54,5.0,7.0
012330,현대모비스,자동차,-2.36,6.0,7.0
012330,현대모비스,자동차,-10.13,6.0,7.0
012330,현대모비스,자동차,-9.8,6.0,7.0
012330,현대모비스,자동차,-11.17,6.0,7.0
012330,현대모비스,자동차,-12.52,6.0,7.0
012330,현대모비스,자동차,-11.84,5.0,7.0
012330,현대모비스,자동차,5.4,2.0,7.0
012330,현대모비스,자동차,-2.03,5.0,7.0
012330,현대모비스,자동차,17.76,2.0,7.0
012330,현대모비스,자동차,19.41,2.0,7.0
012330,현대모비스,자동차,-14.38,6.0,7.0
012330,현대모비스,자동차,-6.13,3.0,7.0
012330,현대모비스,자동차,5.78,4.0,7.0
012330,현대모비스,자동차,-6.3,3.0,7.0
012330,현대모비스,자동차,-16.34,5.0,7.0
012330,현대모비스,자동차,-16.35,5.0,7.0
012330,현대모비스,자동차,-12.24,4.0,7.0
204320,HL만도,자동차,-2.87,7.0,7.0
204320,HL만도,자동차,-0.82,5.0,7.0
204320,HL만도,자동차,8.67,3.0,7.0
204320,HL만도,자동차,16.99,1.0,7.0
204320,HL만도,자동차,15.81,1.0,7.0
204320,HL만도,자동차,4.52,2.0,7.0
204320,HL만도,자동차,14.82,2.0,7.0
204320,HL만도,자동차,1.97,2.0,7.0
204320,HL만도,자동차,6.7,1.0,7.0
204320,HL만도,자동차,0.24,4.0,7.0
204320,HL만도,자동차,3.9,3.0,7.0
204320,HL만도,자동차,4.22,3.0,7.0
204320,HL만도,자동차,19.1,1.0,7.0
204320,HL만도,자동차,-3.3,5.0,7.0
204320,HL만도,자동차,0.33,2.0,7.0
204320,HL만도,자동차,9.48,2.0,7.0
204320,HL만도,자동차,13.73,2.0,7.0
204320,HL만도,자동차,-3.61,6.0,7.0
204320,HL만도,자동차,3.62,3.0,7.0
204320,HL만도,자동차,4.99,3.0,7.0
204320,HL만도,자동차,2.96,4.0,7.0
204320,HL만도,자동차,-2.08,7.0,7.0
204320,HL만도,자동차,1.71,3.0,7.0
204320,HL만도,자동차,7.85,3.0,7.0
204320,HL만도,자동차,7.86,3.0,7.0
204320,HL만도,자동차,8.59,3.0,7.0
204320,HL만도,자동차,3.25,5.0,7.0
204320,HL만도,자동차,8.68,3.0,7.0
204320,HL만도,자동차,-4.85,7.0,7.0
204320,HL만도,자동차,-2.51,5.0,7.0
204320,HL만도,자동차,-0.82,5.0,7.0
204320,HL만도,자동차,9.83,1.0,7.0
204320,HL만도,자동차,7.5,3.0,7.0
204320,HL만도,자동차,9.1,2.0,7.0
204320,HL만도,자동차,1.39,2.0,7.0
204320,HL만도,자동차,2.98,2.0,7.0
204320,HL만도,자동차,3.18,4.0,7.0
204320,HL만도,자동차,-0.86,5.0,7.0
204320,HL만도,자동차,9.3,2.0,7.0
204320,HL만도,자동차,4.78,5.0,7.0
204320,HL만도,자동차,-1.38,6.0,7.0
204320,HL만도,자동차,3.87,4.0,7.0
204320,HL만도,자동차,-9.85,5.0,7.0
204320,HL만도,자동차,1.61,4.0,7.0
204320,HL만도,자동차,9.85,3.0,7.0
204320,HL만도,자동차,10.33,3.0,7.0
204320,HL만도,자동차,13.64,2.0,7.0
204320,HL만도,자동차,15.34,1.0,7.0
204320,HL만도,자동차,17.76,2.0,7.0
204320,HL만도,자동차,19.41,2.0,7.0
204320,HL만도,자동차,-4.2,4.0,7.0
204320,HL만도,자동차,-6.13,3.0,7.0
204320,HL만도,자동차,5.78,4.0,7.0
204320,HL만도,자동차,-16.48,6.0,7.0
204320,HL만도,자동차,-16.34,5.0,7.0
204320,HL만도,자동차,-16.35,5.0,7.0
204320,HL만도,자동차,-12.24,4.0,7.0
204320,HL만도,자동차,-2.49,2.0,7.0
204320,HL만도,자동차,-9.79,2.0,7.0
018880,한온시스템,자동차,1.9,4.0,7.0
018880,한온시스템,자동차,4.92,4.0,7.0
018880,한온시스템,자동차,-6.63,5.0,7.0
018880,한온시스템,자동차,8.67,3.0,7.0
018880,한온시스템,자동차,14.72,1.0,7.0
018880,한온시스템,자동차,15.12,1.0,7.0
018880,한온시스템,자동차,14.82,2.0,7.0
018880,한온시스템,자동차,15.11,2.0,7.0
018880,한온시스템,자동차,3.53,2.0,7.0
018880,한온시스템,자동차,8.97,1.0,7.0
018880,한온시스템,자동차,4.95,1.0,7.0
018880,한온시스템,자동차,0.24,4.0,7.0
018880,한온시스템,자동차,3.9,3.0,7.0
018880,한온시스템,자동차,0.13,4.0,7.0
018880,한온시스템,자동차,-1.56,6.0,7.0
018880,한온시스템,자동차,-2.97,7.0,7.0
018880,한온시스템,자동차,7.12,1.0,7.0
018880,한온시스템,자동차,-1.67,5.0,7.0
018880,한온시스템,자동차,7.86,3.0,7.0
018880,한온시스템,자동차,4.97,3.0,7.0
018880,한온시스템,자동차,3.25,5.0,7.0
018880,한온시스템,자동차,-4.66,6.0,7.0
018880,한온시스템,자동차,14.92,2.0,7.0
018880,한온시스템,자동차,-5.5,5.0,7.0
018880,한온시스템,자동차,1.39,5.0,7.0
018880,한온시스템,자동차,4.44,5.0,7.0
018880,한온시스템,자동차,3.39,6.0,7.0
018880,한온시스템,자동차,-2.0,6.0,7.0
018880,한온시스템,자동차,-4.75,6.0,7.0
018880,한온시스템,자동차,-3.67,7.0,7.0
018880,한온시스템,자동차,2.08,5.0,7.0
018880,한온시스템,자동차,4.52,2.0,7.0
018880,한온시스템,자동차,-12.18,5.0,7.0
018880,한온시스템,자동차,-9.85,5.0,7.0
018880,한온시스템,자동차,-4.71,5.0,7.0
018880,한온시스템,자동차,4.98,3.0,7.0
018880,한온시스템,자동차,2.71,6.0,7.0
018880,한온시스템,자동차,10.18,4.0,7.0
018880,한온시스템,자동차,6.25,4.0,7.0
018880,한온시스템,자동차,6.14,4.0,7.0
018880,한온시스템,자동차,-3.36,4.0,7.0
018880,한온시스템,자동차,-8.67,5.0,7.0
018880,한온시스템,자동차,-16.6,6.0,7.0
018880,한온시스템,자동차,-16.1,5.0,7.0
018880,한온시스템,자동차,-21.93,5.0,7.0
018880,한온시스템,자동차,-16.35,5.0,7.0
018880,한온시스템,자동차,-2.49,2.0,7.0
161390,한국타이어앤테크놀로지,자동차,-3.4,7.0,7.0
161390,한국타이어앤테크놀로지,자동차,-7.86,6.0,7.0
161390,한국타이어앤테크놀로지,자동차,8.67,3.0,7.0
161390,한국타이어앤테크놀로지,자동차,6.1,3.0,7.0
161390,한국타이어앤테크놀로지,자동차,5.3,5.0,7.0
161390,한국타이어앤테크놀로지,자동차,15.81,1.0,7.0
161390,한국타이어앤테크놀로지,자동차,3.53,2.0,7.0
161390,한국타이어앤테크놀로지,자동차,8.97,1.0,7.0
161390,한국타이어앤테크놀로지,자동차,6.73,1.0,7.0
161390,한국타이어앤테크놀로지,자동차,5.54,4.0,7.0
161390,한국타이어앤테크놀로지,자동차,13.73,2.0,7.0
161390,한국타이어앤테크놀로지,자동차,7.07,2.0,7.0
161390,한국타이어앤테크놀로지,자동차,7.72,4.0,7.0
161390,한국타이어앤테크놀로지,자동차,7.12,1.0,7.0
161390,한국타이어앤테크놀로지,자동차,7.86,3.0,7.0
161390,한국타이어앤테크놀로지,자동차,3.25,5.0,7.0
161390,한국타이어앤테크놀로지,자동차,8.53,1.0,7.0
161390,한국타이어앤테크놀로지,자동차,6.97,4.0,7.0
161390,한국타이어앤테크놀로지,자동차,-5.53,7.0,7.0
161390,한국타이어앤테크놀로지,자동차,-3.4,7.0,7.0
161390,한국타이어앤테크놀로지,자동차,-5.81,5.0,7.0
161390,한국타이어앤테크놀로지,자동차,-0.47,6.0,7.0
161390,한국타이어앤테크놀로지,자동차,0.9,4.0,7.0
161390,한국타이어앤테크놀로지,자동차,1.71,3.0,7.0
161390,한국타이어앤테크놀로지,자동차,9.15,3.0,7.0
161390,한국타이어앤테크놀로지,자동차,4.98,3.0,7.0
161390,한국타이어앤테크놀로지,자동차,-10.17,1.0,7.0
073240,금호타이어,자동차,8.92,3.0,7.0
073240,금호타이어,자동차,15.12,1.0,7.0
073240,금호타이어,자동차,14.64,1.0,7.0
073240,금호타이어,자동차,11.54,2.0,7.0
073240,금호타이어,자동차,21.74,1.0,7.0
073240,금호타이어,자동차,4.52,2.0,7.0
073240,금호타이어,자동차,14.82,2.0,7.0
073240,금호타이어,자동차,0.52,2.0,7.0
073240,금호타이어,자동차,18.15,1.0,7.0
073240,금호타이어,자동차,15.89,1.0,7.0
073240,금호타이어,자동차,-4.66,7.0,7.0
073240,금호타이어,자동차,-3.97,7.0,7.0
073240,금호타이어,자동차,-3.31,4.0,7.0
073240,금호타이어,자동차,-1.72,4.0,7.0
073240,금호타이어,자동차,2.26,3.0,7.0
073240,금호타이어,자동차,13.73,2.0,7.0
073240,금호타이어,자동차,12.03,2.0,7.0
073240,금호타이어,자동차,6.76,2.0,7.0
073240,금호타이어,자동차,0.18,7.0,7.0
073240,금호타이어,자동차,6.47,2.0,7.0
073240,금호타이어,자동차,7.72,4.0,7.0
073240,금호타이어,자동차,2.61,3.0,7.0
073240,금호타이어,자동차,4.06,3.0,7.0
073240,금호타이어,자동차,7.12,1.0,7.0
073240,금호타이어,자동차,1.12,4.0,7.0
073240,금호타이어,자동차,4.28,3.0,7.0
073240,금호타이어,자동차,-0.45,7.0,7.0
073240,금호타이어,자동차,3.25,5.0,7.0
073240,금호타이어,자동차,8.53,1.0,7.0
073240,금호타이어,자동차,-3.4,7.0,7.0
073240,금호타이어,자동차,2.76,5.0,7.0
073240,금호타이어,자동차,1.7,5.0,7.0
073240,금호타이어,자동차,2.23,4.0,7.0
073240,금호타이어,자동차,3.13,3.0,7.0
073240,금호타이어,자동차,9.83,1.0,7.0
073240,금호타이어,자동차,0.9,4.0,7.0
073240,금호타이어,자동차,9.1,2.0,7.0
073240,금호타이어,자동차,13.15,2.0,7.0
073240,금호타이어,자동차,14.92,2.0,7.0
073240,금호타이어,자동차,-4.37,5.0,7.0
073240,금호타이어,자동차,1.71,3.0,7.0
073240,금호타이어,자동차,7.22,2.0,7.0
073240,금호타이어,자동차,0.06,6.0,7.0
073240,금호타이어,자동차,-9.81,6.0,7.0
073240,금호타이어,자동차,-0.53,5.0,7.0
073240,금호타이어,자동차,9.15,3.0,7.0
073240,금호타이어,자동차,-5.49,4.0,7.0
073240,금호타이어,자동차,6.42,4.0,7.0
073240,금호타이어,자동차,6.25,4.0,7.0
073240,금호타이어,자동차,-21.01,3.0,7.0
073240,금호타이어,자동차,-17.11,5.0,7.0
073240,금호타이어,자동차,-7.47,4.0,7.0
073240,금호타이어,자동차,0.7,3.0,7.0
073240,금호타이어,자동차,0.33,2.0,7.0
012450,한화에어로스페이스,방산·우주항공,29.54,2.0,7.0
012450,한화에어로스페이스,방산·우주항공,23.26,2.0,7.0
012450,한화에어로스페이스,방산·우주항공,19.96,2.0,7.0
012450,한화에어로스페이스,방산·우주항공,11.4,2.0,7.0
012450,한화에어로스페이스,방산·우주항공,14.87,2.0,7.0
012450,한화에어로스페이스,방산·우주항공,-0.89,7.0,7.0
012450,한화에어로스페이스,방산·우주항공,-2.1,7.0,7.0
012450,한화에어로스페이스,방산·우주항공,0.11,7.0,7.0
012450,한화에어로스페이스,방산·우주항공,-0.34,4.0,7.0
012450,한화에어로스페이스,방산·우주항공,-1.38,3.0,7.0
012450,한화에어로스페이스,방산·우주항공,-0.28,4.0,7.0
012450,한화에어로스페이스,방산·우주항공,0.65,4.0,7.0
012450,한화에어로스페이스,방산·우주항공,-1.48,7.0,7.0
012450,한화에어로스페이스,방산·우주항공,0.66,6.0,7.0
012450,한화에어로스페이스,방산·우주항공,3.28,4.0,7.0
012450,한화에어로스페이스,방산·우주항공,0.48,5.0,7.0
012450,한화에어로스페이스,방산·우주항공,1.86,5.0,7.0
012450,한화에어로스페이스,방산·우주항공,4.33,4.0,7.0
012450,한화에어로스페이스,방산·우주항공,5.89,5.0,7.0
012450,한화에어로스페이스,방산·우주항공,-1.52,2.0,7.0
012450,한화에어로스페이스,방산·우주항공,1.42,6.0,7.0
012450,한화에어로스페이스,방산·우주항공,3.27,1.0,7.0
012450,한화에어로스페이스,방산·우주항공,5.92,1.0,7.0
012450,한화에어로스페이스,방산·우주항공,-0.64,5.0,7.0
012450,한화에어로스페이스,방산·우주항공,1.75,3.0,7.0
012450,한화에어로스페이스,방산·우주항공,3.07,3.0,7.0
012450,한화에어로스페이스,방산·우주항공,9.68,2.0,7.0
012450,한화에어로스페이스,방산·우주항공,16.37,1.0,7.0
012450,한화에어로스페이스,방산·우주항공,15.65,1.0,7.0
012450,한화에어로스페이스,방산·우주항공,13.55,2.0,7.0
012450,한화에어로스페이스,방산·우주항공,5.84,2.0,7.0
012450,한화에어로스페이스,방산·우주항공,6.37,2.0,7.0
012450,한화에어로스페이스,방산·우주항공,2.45,3.0,7.0
012450,한화에어로스페이스,방산·우주항공,2.99,3.0,7.0
012450,한화에어로스페이스,방산·우주항공,1.35,6.0,7.0
012450,한화에어로스페이스,방산·우주항공,17.4,1.0,7.0
012450,한화에어로스페이스,방산·우주항공,-0.24,5.0,7.0
012450,한화에어로스페이스,방산·우주항공,1.65,2.0,7.0
012450,한화에어로스페이스,방산·우주항공,5.62,4.0,7.0
012450,한화에어로스페이스,방산·우주항공,-0.75,6.0,7.0
012450,한화에어로스페이스,방산·우주항공,-1.81,6.0,7.0
012450,한화에어로스페이스,방산·우주항공,18.81,1.0,7.0
012450,한화에어로스페이스,방산·우주항공,13.4,2.0,7.0
012450,한화에어로스페이스,방산·우주항공,14.88,1.0,7.0
012450,한화에어로스페이스,방산·우주항공,2.28,2.0,7.0
012450,한화에어로스페이스,방산·우주항공,0.22,7.0,7.0
012450,한화에어로스페이스,방산·우주항공,1.72,5.0,7.0
012450,한화에어로스페이스,방산·우주항공,4.87,5.0,7.0
012450,한화에어로스페이스,방산·우주항공,3.24,3.0,7.0
012450,한화에어로스페이스,방산·우주항공,-0.59,5.0,7.0
012450,한화에어로스페이스,방산·우주항공,-0.57,5.0,7.0
012450,한화에어로스페이스,방산·우주항공,2.18,4.0,7.0
012450,한화에어로스페이스,방산·우주항공,6.19,3.0,7.0
012450,한화에어로스페이스,방산·우주항공,11.31,1.0,7.0
012450,한화에어로스페이스,방산·우주항공,17.36,2.0,7.0
012450,한화에어로스페이스,방산·우주항공,10.4,2.0,7.0
012450,한화에어로스페이스,방산·우주항공,-4.14,5.0,7.0
012450,한화에어로스페이스,방산·우주항공,3.08,2.0,7.0
012450,한화에어로스페이스,방산·우주항공,0.37,5.0,7.0
012450,한화에어로스페이스,방산·우주항공,3.89,4.0,7.0
012450,한화에어로스페이스,방산·우주항공,5.06,4.0,7.0
012450,한화에어로스페이스,방산·우주항공,7.48,3.0,7.0
012450,한화에어로스페이스,방산·우주항공,6.07,4.0,7.0
012450,한화에어로스페이스,방산·우주항공,3.73,3.0,7.0
012450,한화에어로스페이스,방산·우주항공,15.83,2.0,7.0
012450,한화에어로스페이스,방산·우주항공,27.33,1.0,7.0
012450,한화에어로스페이스,방산·우주항공,33.12,1.0,7.0
012450,한화에어로스페이스,방산·우주항공,6.81,2.0,7.0
012450,한화에어로스페이스,방산·우주항공,13.82,1.0,7.0
012450,한화에어로스페이스,방산·우주항공,4.02,2.0,7.0
012450,한화에어로스페이스,방산·우주항공,4.54,2.0,7.0
012450,한화에어로스페이스,방산·우주항공,10.3,2.0,7.0
012450,한화에어로스페이스,방산·우주항공,-20.32,6.0,7.0
047810,한국항공우주,방산·우주항공,29.54,2.0,7.0
047810,한국항공우주,방산·우주항공,23.26,2.0,7.0
047810,한국항공우주,방산·우주항공,-0.53,7.0,7.0
047810,한국항공우주,방산·우주항공,9.93,2.0,7.0
047810,한국항공우주,방산·우주항공,14.87,2.0,7.0
047810,한국항공우주,방산·우주항공,-2.1,7.0,7.0
047810,한국항공우주,방산·우주항공,0.65,4.0,7.0
047810,한국항공우주,방산·우주항공,-2.97,6.0,7.0
047810,한국항공우주,방산·우주항공,2.24,4.0,7.0
047810,한국항공우주,방산·우주항공,6.04,4.0,7.0
047810,한국항공우주,방산·우주항공,4.33,4.0,7.0
047810,한국항공우주,방산·우주항공,5.89,5.0,7.0
047810,한국항공우주,방산·우주항공,8.96,3.0,7.0
047810,한국항공우주,방산·우주항공,2.65,1.0,7.0
047810,한국항공우주,방산·우주항공,5.92,1.0,7.0
047810,한국항공우주,방산·우주항공,5.76,3.0,7.0
047810,한국항공우주,방산·우주항공,8.19,2.0,7.0
047810,한국항공우주,방산·우주항공,-0.1,5.0,7.0
047810,한국항공우주,방산·우주항공,9.62,2.0,7.0
047810,한국항공우주,방산·우주항공,9.68,2.0,7.0
047810,한국항공우주,방산·우주항공,11.92,2.0,7.0
047810,한국항공우주,방산·우주항공,9.7,2.0,7.0
047810,한국항공우주,방산·우주항공,16.37,1.0,7.0
047810,한국항공우주,방산·우주항공,10.85,4.0,7.0
047810,한국항공우주,방산·우주항공,13.55,2.0,7.0
047810,한국항공우주,방산·우주항공,10.64,2.0,7.0
047810,한국항공우주,방산·우주항공,5.84,2.0,7.0
047810,한국항공우주,방산·우주항공,3.11,3.0,7.0
047810,한국항공우주,방산·우주항공,17.4,1.0,7.0
047810,한국항공우주,방산·우주항공,11.98,2.0,7.0
047810,한국항공우주,방산·우주항공,1.04,2.0,7.0
047810,한국항공우주,방산·우주항공,-2.37,6.0,7.0
047810,한국항공우주,방산·우주항공,6.75,5.0,7.0
047810,한국항공우주,방산·우주항공,17.47,1.0,7.0
047810,한국항공우주,방산·우주항공,18.81,1.0,7.0
047810,한국항공우주,방산·우주항공,13.4,2.0,7.0
047810,한국항공우주,방산·우주항공,1.68,4.0,7.0
047810,한국항공우주,방산·우주항공,4.87,5.0,7.0
047810,한국항공우주,방산·우주항공,1.17,3.0,7.0
047810,한국항공우주,방산·우주항공,9.93,3.0,7.0
047810,한국항공우주,방산·우주항공,-2.72,5.0,7.0
047810,한국항공우주,방산·우주항공,12.92,2.0,7.0
047810,한국항공우주,방산·우주항공,15.96,2.0,7.0
047810,한국항공우주,방산·우주항공,8.34,4.0,7.0
047810,한국항공우주,방산·우주항공,9.64,2.0,7.0
047810,한국항공우주,방산·우주항공,9.09,2.0,7.0
047810,한국항공우주,방산·우주항공,19.76,1.0,7.0
047810,한국항공우주,방산·우주항공,27.33,1.0,7.0
047810,한국항공우주,방산·우주항공,33.12,1.0,7.0
047810,한국항공우주,방산·우주항공,29.61,1.0,7.0
047810,한국항공우주,방산·우주항공,25.54,1.0,7.0
047810,한국항공우주,방산·우주항공,35.95,1.0,7.0
047810,한국항공우주,방산·우주항공,20.44,1.0,7.0
047810,한국항공우주,방산·우주항공,27.84,1.0,7.0
047810,한국항공우주,방산·우주항공,5.94,3.0,7.0
047810,한국항공우주,방산·우주항공,6.69,3.0,7.0
047810,한국항공우주,방산·우주항공,5.13,2.0,7.0
047810,한국항공우주,방산·우주항공,9.44,2.0,7.0
047810,한국항공우주,방산·우주항공,-3.89,6.0,7.0
047810,한국항공우주,방산·우주항공,-5.48,6.0,7.0
047810,한국항공우주,방산·우주항공,5.98,2.0,7.0
047810,한국항공우주,방산·우주항공,6.81,2.0,7.0
047810,한국항공우주,방산·우주항공,13.82,1.0,7.0
047810,한국항공우주,방산·우주항공,-18.48,7.0,7.0
047810,한국항공우주,방산·우주항공,4.02,2.0,7.0
079550,LIG넥스원,방산·우주항공,29.54,2.0,7.0
079550,LIG넥스원,방산·우주항공,23.26,2.0,7.0
079550,LIG넥스원,방산·우주항공,11.4,2.0,7.0
079550,LIG넥스원,방산·우주항공,14.87,2.0,7.0
079550,LIG넥스원,방산·우주항공,0.04,6.0,7.0
079550,LIG넥스원,방산·우주항공,4.33,4.0,7.0
079550,LIG넥스원,방산·우주항공,1.78,4.0,7.0
079550,LIG넥스원,방산·우주항공,3.28,4.0,7.0
079550,LIG넥스원,방산·우주항공,0.8,5.0,7.0
079550,LIG넥스원,방산·우주항공,4.33,4.0,7.0
079550,LIG넥스원,방산·우주항공,5.89,5.0,7.0
079550,LIG넥스원,방산·우주항공,9.79,4.0,7.0
079550,LIG넥스원,방산·우주항공,8.96,3.0,7.0
079550,LIG넥스원,방산·우주항공,10.33,2.0,7.0
079550,LIG넥스원,방산·우주항공,6.09,3.0,7.0
079550,LIG넥스원,방산·우주항공,2.88,2.0,7.0
079550,LIG넥스원,방산·우주항공,2.65,1.0,7.0
079550,LIG넥스원,방산·우주항공,5.92,1.0,7.0
079550,LIG넥스원,방산·우주항공,-0.64,5.0,7.0
079550,LIG넥스원,방산·우주항공,3.65,2.0,7.0
079550,LIG넥스원,방산·우주항공,1.78,2.0,7.0
079550,LIG넥스원,방산·우주항공,4.94,1.0,7.0
079550,LIG넥스원,방산·우주항공,-0.69,4.0,7.0
079550,LIG넥스원,방산·우주항공,2.1,4.0,7.0
079550,LIG넥스원,방산·우주항공,-2.21,5.0,7.0
079550,LIG넥스원,방산·우주항공,16.37,1.0,7.0
079550,LIG넥스원,방산·우주항공,13.55,2.0,7.0
079550,LIG넥스원,방산·우주항공,4.69,3.0,7.0
079550,LIG넥스원,방산·우주항공,1.35,6.0,7.0
079550,LIG넥스원,방산·우주항공,17.4,1.0,7.0
079550,LIG넥스원,방산·우주항공,16.12,2.0,7.0
079550,LIG넥스원,방산·우주항공,17.79,1.0,7.0
079550,LIG넥스원,방산·우주항공,5.08,2.0,7.0
079550,LIG넥스원,방산·우주항공,7.29,4.0,7.0
079550,LIG넥스원,방산·우주항공,17.47,1.0,7.0
079550,LIG넥스원,방산·우주항공,19.19,1.0,7.0
079550,LIG넥스원,방산·우주항공,18.81,1.0,7.0
079550,LIG넥스원,방산·우주항공,13.4,2.0,7.0
079550,LIG넥스원,방산·우주항공,11.96,2.0,7.0
079550,LIG넥스원,방산·우주항공,-2.8,6.0,7.0
079550,LIG넥스원,방산·우주항공,-3.34,6.0,7.0
079550,LIG넥스원,방산·우주항공,1.68,4.0,7.0
079550,LIG넥스원,방산·우주항공,6.52,3.0,7.0
079550,LIG넥스원,방산·우주항공,6.47,2.0,7.0
079550,LIG넥스원,방산·우주항공,4.69,3.0,7.0
079550,LIG넥스원,방산·우주항공,-0.57,5.0,7.0
079550,LIG넥스원,방산·우주항공,17.36,2.0,7.0
079550,LIG넥스원,방산·우주항공,9.93,3.0,7.0
079550,LIG넥스원,방산·우주항공,3.04,4.0,7.0
079550,LIG넥스원,방산·우주항공,3.08,2.0,7.0
079550,LIG넥스원,방산·우주항공,1.63,2.0,7.0
079550,LIG넥스원,방산·우주항공,-2.16,5.0,7.0
079550,LIG넥스원,방산·우주항공,7.48,3.0,7.0
079550,LIG넥스원,방산·우주항공,3.73,3.0,7.0
079550,LIG넥스원,방산·우주항공,8.44,3.0,7.0
079550,LIG넥스원,방산·우주항공,27.33,1.0,7.0
079550,LIG넥스원,방산·우주항공,33.12,1.0,7.0
079550,LIG넥스원,방산·우주항공,20.57,1.0,7.0
079550,LIG넥스원,방산·우주항공,27.84,1.0,7.0
079550,LIG넥스원,방산·우주항공,-10.87,6.0,7.0
079550,LIG넥스원,방산·우주항공,-2.3,5.0,7.0
079550,LIG넥스원,방산·우주항공,6.81,2.0,7.0
079550,LIG넥스원,방산·우주항공,4.02,2.0,7.0
079550,LIG넥스원,방산·우주항공,4.54,2.0,7.0
079550,LIG넥스원,방산·우주항공,10.3,2.0,7.0
079550,LIG넥스원,방산·우주항공,-1.9,4.0,7.0
079550,LIG넥스원,방산·우주항공,-14.92,3.0,7.0
064350,현대로템,방산·우주항공,-9.8,5.0,7.0
064350,현대로템,방산·우주항공,6.26,4.0,7.0
064350,현대로템,방산·우주항공,18.01,3.0,7.0
064350,현대로템,방산·우주항공,29.54,2.0,7.0
064350,현대로템,방산·우주항공,0.82,3.0,7.0
064350,현대로템,방산·우주항공,-2.1,7.0,7.0
064350,현대로템,방산·우주항공,-3.77,7.0,7.0
064350,현대로템,방산·우주항공,-4.81,6.0,7.0
064350,현대로템,방산·우주항공,-1.48,7.0,7.0
064350,현대로템,방산·우주항공,1.78,4.0,7.0
064350,현대로템,방산·우주항공,2.24,4.0,7.0
064350,현대로템,방산·우주항공,5.28,4.0,7.0
064350,현대로템,방산·우주항공,3.28,4.0,7.0
064350,현대로템,방산·우주항공,0.28,2.0,7.0
064350,현대로템,방산·우주항공,1.79,6.0,7.0
064350,현대로템,방산·우주항공,4.86,3.0,7.0
064350,현대로템,방산·우주항공,3.91,3.0,7.0
064350,현대로템,방산·우주항공,5.75,3.0,7.0
064350,현대로템,방산·우주항공,5.22,3.0,7.0
064350,현대로템,방산·우주항공,1.29,5.0,7.0
064350,현대로템,방산·우주항공,1.31,4.0,7.0
064350,현대로템,방산·우주항공,3.17,3.0,7.0
064350,현대로템,방산·우주항공,9.68,2.0,7.0
064350,현대로템,방산·우주항공,-2.29,7.0,7.0
064350,현대로템,방산·우주항공,3.11,3.0,7.0
064350,현대로템,방산·우주항공,2.16,3.0,7.0
064350,현대로템,방산·우주항공,6.37,2.0,7.0
064350,현대로템,방산·우주항공,-4.58,6.0,7.0
064350,현대로템,방산·우주항공,2.45,3.0,7.0
064350,현대로템,방산·우주항공,2.99,3.0,7.0
064350,현대로템,방산·우주항공,1.35,6.0,7.0
064350,현대로템,방산·우주항공,17.79,1.0,7.0
064350,현대로템,방산·우주항공,4.1,4.0,7.0
064350,현대로템,방산·우주항공,-0.1,4.0,7.0
064350,현대로템,방산·우주항공,-0.93,5.0,7.0
064350,현대로템,방산·우주항공,0.7,3.0,7.0
064350,현대로템,방산·우주항공,4.1,2.0,7.0
064350,현대로템,방산·우주항공,-2.86,5.0,7.0
064350,현대로템,방산·우주항공,6.75,5.0,7.0
064350,현대로템,방산·우주항공,17.47,1.0,7.0
064350,현대로템,방산·우주항공,16.68,1.0,7.0
064350,현대로템,방산·우주항공,19.19,1.0,7.0
064350,현대로템,방산·우주항공,18.81,1.0,7.0
064350,현대로템,방산·우주항공,-0.32,4.0,7.0
064350,현대로템,방산·우주항공,1.45,3.0,7.0
064350,현대로템,방산·우주항공,13.4,2.0,7.0
064350,현대로템,방산·우주항공,14.88,1.0,7.0
064350,현대로템,방산·우주항공,11.72,2.0,7.0
064350,현대로템,방산·우주항공,-3.34,6.0,7.0
064350,현대로템,방산·우주항공,4.87,5.0,7.0
064350,현대로템,방산·우주항공,7.33,1.0,7.0
064350,현대로템,방산·우주항공,-0.99,4.0,7.0
064350,현대로템,방산·우주항공,1.37,4.0,7.0
064350,현대로템,방산·우주항공,5.36,4.0,7.0
064350,현대로템,방산·우주항공,9.72,2.0,7.0
064350,현대로템,방산·우주항공,8.42,3.0,7.0
064350,현대로템,방산·우주항공,3.04,4.0,7.0
064350,현대로템,방산·우주항공,4.21,1.0,7.0
064350,현대로템,방산·우주항공,1.63,2.0,7.0
064350,현대로템,방산·우주항공,8.32,1.0,7.0
064350,현대로템,방산·우주항공,10.71,2.0,7.0
064350,현대로템,방산·우주항공,7.48,3.0,7.0
064350,현대로템,방산·우주항공,11.38,3.0,7.0
064350,현대로템,방산·우주항공,14.85,2.0,7.0
064350,현대로템,방산·우주항공,25.82,1.0,7.0
064350,현대로템,방산·우주항공,17.33,1.0,7.0
064350,현대로템,방산·우주항공,9.76,2.0,7.0
064350,현대로템,방산·우주항공,-12.8,6.0,7.0
064350,현대로템,방산·우주항공,-11.25,6.0,7.0
064350,현대로템,방산·우주항공,4.02,2.0,7.0
064350,현대로템,방산·우주항공,0.61,3.0,7.0
272210,한화시스템,방산·우주항공,23.26,2.0,7.0
272210,한화시스템,방산·우주항공,9.6,2.0,7.0
272210,한화시스템,방산·우주항공,14.76,2.0,7.0
272210,한화시스템,방산·우주항공,14.87,2.0,7.0
272210,한화시스템,방산·우주항공,-1.55,6.0,7.0
272210,한화시스템,방산·우주항공,-0.89,7.0,7.0
272210,한화시스템,방산·우주항공,0.04,6.0,7.0
272210,한화시스템,방산·우주항공,-0.8,6.0,7.0
272210,한화시스템,방산·우주항공,0.11,7.0,7.0
272210,한화시스템,방산·우주항공,-6.07,5.0,7.0
272210,한화시스템,방산·우주항공,-2.38,5.0,7.0
272210,한화시스템,방산·우주항공,2.46,4.0,7.0
272210,한화시스템,방산·우주항공,-0.28,4.0,7.0
272210,한화시스템,방산·우주항공,0.47,4.0,7.0
272210,한화시스템,방산·우주항공,-1.05,5.0,7.0
272210,한화시스템,방산·우주항공,-6.03,5.0,7.0
272210,한화시스템,방산·우주항공,-6.93,6.0,7.0
272210,한화시스템,방산·우주항공,-1.48,7.0,7.0
272210,한화시스템,방산·우주항공,0.66,6.0,7.0
272210,한화시스템,방산·우주항공,-1.31,5.0,7.0
272210,한화시스템,방산·우주항공,0.59,5.0,7.0
272210,한화시스템,방산·우주항공,0.17,5.0,7.0
272210,한화시스템,방산·우주항공,8.96,3.0,7.0
272210,한화시스템,방산·우주항공,13.27,2.0,7.0
272210,한화시스템,방산·우주항공,7.1,2.0,7.0
272210,한화시스템,방산·우주항공,3.99,2.0,7.0
272210,한화시스템,방산·우주항공,7.2,2.0,7.0
272210,한화시스템,방산·우주항공,2.65,1.0,7.0
272210,한화시스템,방산·우주항공,-0.64,5.0,7.0
272210,한화시스템,방산·우주항공,3.65,2.0,7.0
272210,한화시스템,방산·우주항공,3.21,2.0,7.0
272210,한화시스템,방산·우주항공,7.06,2.0,7.0
272210,한화시스템,방산·우주항공,8.23,2.0,7.0
272210,한화시스템,방산·우주항공,9.68,2.0,7.0
272210,한화시스템,방산·우주항공,16.37,1.0,7.0
272210,한화시스템,방산·우주항공,12.97,1.0,7.0
272210,한화시스템,방산·우주항공,6.37,2.0,7.0
272210,한화시스템,방산·우주항공,2.99,3.0,7.0
272210,한화시스템,방산·우주항공,1.35,6.0,7.0
272210,한화시스템,방산·우주항공,9.75,2.0,7.0
272210,한화시스템,방산·우주항공,17.02,1.0,7.0
272210,한화시스템,방산·우주항공,-1.61,5.0,7.0
272210,한화시스템,방산·우주항공,1.29,3.0,7.0
272210,한화시스템,방산·우주항공,-1.71,5.0,7.0
272210,한화시스템,방산·우주항공,-0.17,5.0,7.0
272210,한화시스템,방산·우주항공,6.8,2.0,7.0
272210,한화시스템,방산·우주항공,13.4,2.0,7.0
272210,한화시스템,방산·우주항공,19.58,1.0,7.0
272210,한화시스템,방산·우주항공,3.63,2.0,7.0
272210,한화시스템,방산·우주항공,1.29,3.0,7.0
272210,한화시스템,방산·우주항공,1.17,3.0,7.0
272210,한화시스템,방산·우주항공,6.19,3.0,7.0
272210,한화시스템,방산·우주항공,17.36,2.0,7.0
272210,한화시스템,방산·우주항공,9.72,2.0,7.0
272210,한화시스템,방산·우주항공,14.27,2.0,7.0
272210,한화시스템,방산·우주항공,12.34,2.0,7.0
272210,한화시스템,방산·우주항공,14.32,2.0,7.0
272210,한화시스템,방산·우주항공,3.04,4.0,7.0
272210,한화시스템,방산·우주항공,2.1,4.0,7.0
272210,한화시스템,방산·우주항공,4.02,2.0,7.0
272210,한화시스템,방산·우주항공,14.47,1.0,7.0
272210,한화시스템,방산·우주항공,7.48,3.0,7.0
272210,한화시스템,방산·우주항공,12.94,2.0,7.0
272210,한화시스템,방산·우주항공,9.64,2.0,7.0
272210,한화시스템,방산·우주항공,3.73,3.0,7.0
272210,한화시스템,방산·우주항공,13.34,1.0,7.0
272210,한화시스템,방산·우주항공,19.76,1.0,7.0
272210,한화시스템,방산·우주항공,19.85,1.0,7.0
272210,한화시스템,방산·우주항공,-4.33,6.0,7.0
272210,한화시스템,방산·우주항공,13.17,2.0,7.0
272210,한화시스템,방산·우주항공,16.38,2.0,7.0
272210,한화시스템,방산·우주항공,27.33,1.0,7.0
272210,한화시스템,방산·우주항공,30.34,1.0,7.0
272210,한화시스템,방산·우주항공,37.93,1.0,7.0
272210,한화시스템,방산·우주항공,21.45,1.0,7.0
272210,한화시스템,방산·우주항공,20.89,1.0,7.0
272210,한화시스템,방산·우주항공,15.26,1.0,7.0
272210,한화시스템,방산·우주항공,7.36,2.0,7.0
272210,한화시스템,방산·우주항공,30.89,1.0,7.0
272210,한화시스템,방산·우주항공,14.52,1.0,7.0
272210,한화시스템,방산·우주항공,-2.44,6.0,7.0
272210,한화시스템,방산·우주항공,8.42,2.0,7.0
272210,한화시스템,방산·우주항공,-8.92,6.0,7.0
272210,한화시스템,방산·우주항공,-5.48,6.0,7.0
272210,한화시스템,방산·우주항공,-2.3,5.0,7.0
272210,한화시스템,방산·우주항공,-0.95,4.0,7.0
272210,한화시스템,방산·우주항공,2.58,3.0,7.0
272210,한화시스템,방산·우주항공,13.82,1.0,7.0
272210,한화시스템,방산·우주항공,24.12,1.0,7.0
272210,한화시스템,방산·우주항공,6.69,4.0,7.0
272210,한화시스템,방산·우주항공,4.02,2.0,7.0
272210,한화시스템,방산·우주항공,10.3,2.0,7.0
272210,한화시스템,방산·우주항공,-14.92,3.0,7.0
103140,풍산,방산·우주항공,-6.43,6.0,7.0
103140,풍산,방산·우주항공,29.54,2.0,7.0
103140,풍산,방산·우주항공,23.26,2.0,7.0
103140,풍산,방산·우주항공,8.0,3.0,7.0
103140,풍산,방산·우주항공,9.93,2.0,7.0
103140,풍산,방산·우주항공,14.87,2.0,7.0
103140,풍산,방산·우주항공,-2.03,7.0,7.0
103140,풍산,방산·우주항공,-0.77,3.0,7.0
103140,풍산,방산·우주항공,-2.89,4.0,7.0
103140,풍산,방산·우주항공,-1.65,4.0,7.0
103140,풍산,방산·우주항공,-1.97,5.0,7.0
103140,풍산,방산·우주항공,5.28,4.0,7.0
103140,풍산,방산·우주항공,6.8,4.0,7.0
103140,풍산,방산·우주항공,4.98,4.0,7.0
103140,풍산,방산·우주항공,9.22,2.0,7.0
103140,풍산,방산·우주항공,5.58,3.0,7.0
103140,풍산,방산·우주항공,3.17,3.0,7.0
103140,풍산,방산·우주항공,1.47,6.0,7.0
103140,풍산,방산·우주항공,1.79,6.0,7.0
103140,풍산,방산·우주항공,-1.33,6.0,7.0
103140,풍산,방산·우주항공,0.2,4.0,7.0
103140,풍산,방산·우주항공,2.94,2.0,7.0
103140,풍산,방산·우주항공,2.61,4.0,7.0
103140,풍산,방산·우주항공,2.12,4.0,7.0
103140,풍산,방산·우주항공,8.23,2.0,7.0
103140,풍산,방산·우주항공,9.68,2.0,7.0
103140,풍산,방산·우주항공,7.61,3.0,7.0
103140,풍산,방산·우주항공,0.66,2.0,7.0
103140,풍산,방산·우주항공,16.37,1.0,7.0
103140,풍산,방산·우주항공,15.65,1.0,7.0
103140,풍산,방산·우주항공,1.35,6.0,7.0
103140,풍산,방산·우주항공,10.39,1.0,7.0
103140,풍산,방산·우주항공,10.64,1.0,7.0
103140,풍산,방산·우주항공,15.33,1.0,7.0
103140,풍산,방산·우주항공,0.6,3.0,7.0
103140,풍산,방산·우주항공,0.05,4.0,7.0
103140,풍산,방산·우주항공,4.24,2.0,7.0
103140,풍산,방산·우주항공,2.88,2.0,7.0
103140,풍산,방산·우주항공,4.37,3.0,7.0
103140,풍산,방산·우주항공,6.26,3.0,7.0
103140,풍산,방산·우주항공,-0.81,6.0,7.0
103140,풍산,방산·우주항공,-0.79,5.0,7.0
103140,풍산,방산·우주항공,2.87,6.0,7.0
103140,풍산,방산·우주항공,7.29,4.0,7.0
103140,풍산,방산·우주항공,13.89,2.0,7.0
103140,풍산,방산·우주항공,1.45,3.0,7.0
103140,풍산,방산·우주항공,13.4,2.0,7.0
103140,풍산,방산·우주항공,-0.07,5.0,7.0
103140,풍산,방산·우주항공,4.87,5.0,7.0
103140,풍산,방산·우주항공,7.33,1.0,7.0
103140,풍산,방산·우주항공,4.97,1.0,7.0
103140,풍산,방산·우주항공,1.37,4.0,7.0
103140,풍산,방산·우주항공,17.15,2.0,7.0
103140,풍산,방산·우주항공,15.7,3.0,7.0
103140,풍산,방산·우주항공,9.99,3.0,7.0
103140,풍산,방산·우주항공,9.93,3.0,7.0
103140,풍산,방산·우주항공,4.81,1.0,7.0
103140,풍산,방산·우주항공,3.9,2.0,7.0
103140,풍산,방산·우주항공,-0.46,4.0,7.0
103140,풍산,방산·우주항공,0.05,4.0,7.0
103140,풍산,방산·우주항공,0.37,5.0,7.0
103140,풍산,방산·우주항공,8.34,4.0,7.0
103140,풍산,방산·우주항공,1.85,4.0,7.0
103140,풍산,방산·우주항공,9.46,2.0,7.0
103140,풍산,방산·우주항공,33.12,1.0,7.0
103140,풍산,방산·우주항공,37.93,1.0,7.0
103140,풍산,방산·우주항공,15.52,1.0,7.0
103140,풍산,방산·우주항공,10.84,3.0,7.0
103140,풍산,방산·우주항공,20.44,1.0,7.0
103140,풍산,방산·우주항공,7.36,2.0,7.0
103140,풍산,방산·우주항공,16.76,1.0,7.0
103140,풍산,방산·우주항공,21.26,1.0,7.0
103140,풍산,방산·우주항공,27.84,1.0,7.0
103140,풍산,방산·우주항공,34.6,1.0,7.0
103140,풍산,방산·우주항공,-9.15,7.0,7.0
103140,풍산,방산·우주항공,2.69,2.0,7.0
103140,풍산,방산·우주항공,1.15,3.0,7.0
103140,풍산,방산·우주항공,8.42,2.0,7.0
103140,풍산,방산·우주항공,-0.95,4.0,7.0
103140,풍산,방산·우주항공,1.94,2.0,7.0
103140,풍산,방산·우주항공,5.98,2.0,7.0
103140,풍산,방산·우주항공,13.82,1.0,7.0
103140,풍산,방산·우주항공,18.12,1.0,7.0
103140,풍산,방산·우주항공,4.02,2.0,7.0
103140,풍산,방산·우주항공,4.54,2.0,7.0
103140,풍산,방산·우주항공,-6.81,4.0,7.0
103140,풍산,방산·우주항공,19.64,2.0,7.0
000880,한화,방산·우주항공,9.6,2.0,7.0
000880,한화,방산·우주항공,14.76,2.0,7.0
000880,한화,방산·우주항공,0.04,6.0,7.0
000880,한화,방산·우주항공,-6.07,5.0,7.0
000880,한화,방산·우주항공,-0.34,4.0,7.0
000880,한화,방산·우주항공,2.25,3.0,7.0
000880,한화,방산·우주항공,-1.31,5.0,7.0
000880,한화,방산·우주항공,2.24,4.0,7.0
000880,한화,방산·우주항공,6.8,4.0,7.0
000880,한화,방산·우주항공,9.79,4.0,7.0
000880,한화,방산·우주항공,1.79,6.0,7.0
000880,한화,방산·우주항공,0.2,4.0,7.0
000880,한화,방산·우주항공,0.29,3.0,7.0
000880,한화,방산·우주항공,2.94,2.0,7.0
000880,한화,방산·우주항공,3.27,1.0,7.0
000880,한화,방산·우주항공,0.51,3.0,7.0
000880,한화,방산·우주항공,3.17,3.0,7.0
000880,한화,방산·우주항공,4.16,3.0,7.0
000880,한화,방산·우주항공,16.37,1.0,7.0
000880,한화,방산·우주항공,1.35,6.0,7.0
000880,한화,방산·우주항공,9.75,2.0,7.0
000880,한화,방산·우주항공,17.4,1.0,7.0
000880,한화,방산·우주항공,10.39,1.0,7.0
000880,한화,방산·우주항공,-1.71,5.0,7.0
000880,한화,방산·우주항공,13.89,2.0,7.0
000880,한화,방산·우주항공,19.19,1.0,7.0
000880,한화,방산·우주항공,-0.63,5.0,7.0
000880,한화,방산·우주항공,13.4,2.0,7.0
000880,한화,방산·우주항공,18.82,1.0,7.0
000880,한화,방산·우주항공,3.3,4.0,7.0
000880,한화,방산·우주항공,2.48,3.0,7.0
000880,한화,방산·우주항공,1.01,4.0,7.0
000880,한화,방산·우주항공,-0.99,4.0,7.0
000880,한화,방산·우주항공,-2.49,4.0,7.0
000880,한화,방산·우주항공,-4.19,4.0,7.0
000880,한화,방산·우주항공,5.99,3.0,7.0
000880,한화,방산·우주항공,1.69,1.0,7.0
000880,한화,방산·우주항공,14.47,1.0,7.0
000880,한화,방산·우주항공,11.58,2.0,7.0
000880,한화,방산·우주항공,13.34,1.0,7.0
000880,한화,방산·우주항공,19.85,1.0,7.0
000880,한화,방산·우주항공,14.41,4.0,7.0
000880,한화,방산·우주항공,15.83,2.0,7.0
000880,한화,방산·우주항공,27.33,1.0,7.0
000880,한화,방산·우주항공,30.34,1.0,7.0
000880,한화,방산·우주항공,13.64,2.0,7.0
000880,한화,방산·우주항공,7.64,2.0,7.0
000880,한화,방산·우주항공,7.71,2.0,7.0
000880,한화,방산·우주항공,12.58,1.0,7.0
000880,한화,방산·우주항공,15.17,2.0,7.0
000880,한화,방산·우주항공,11.75,2.0,7.0
000880,한화,방산·우주항공,1.15,3.0,7.0
000880,한화,방산·우주항공,-12.45,6.0,7.0
000880,한화,방산·우주항공,-7.36,6.0,7.0
000880,한화,방산·우주항공,6.81,2.0,7.0
000880,한화,방산·우주항공,13.82,1.0,7.0
000880,한화,방산·우주항공,18.12,1.0,7.0
000880,한화,방산·우주항공,24.12,1.0,7.0
000880,한화,방산·우주항공,20.75,1.0,7.0
000880,한화,방산·우주항공,25.46,1.0,7.0
000880,한화,방산·우주항공,-16.67,6.0,7.0
000880,한화,방산·우주항공,-34.32,7.0,7.0
042660,한화오션,방산·우주항공,-1.43,7.0,7.0
042660,한화오션,방산·우주항공,-1.07,7.0,7.0
042660,한화오션,방산·우주항공,-0.53,7.0,7.0
042660,한화오션,방산·우주항공,8.0,3.0,7.0
042660,한화오션,방산·우주항공,9.93,2.0,7.0
042660,한화오션,방산·우주항공,9.6,2.0,7.0
042660,한화오션,방산·우주항공,2.27,5.0,7.0
042660,한화오션,방산·우주항공,-0.61,5.0,7.0
042660,한화오션,방산·우주항공,-3.54,6.0,7.0
042660,한화오션,방산·우주항공,-1.71,4.0,7.0
042660,한화오션,방산·우주항공,-1.45,6.0,7.0
042660,한화오션,방산·우주항공,5.28,4.0,7.0
042660,한화오션,방산·우주항공,0.28,2.0,7.0
042660,한화오션,방산·우주항공,3.36,2.0,7.0
042660,한화오션,방산·우주항공,4.34,2.0,7.0
042660,한화오션,방산·우주항공,-2.84,6.0,7.0
042660,한화오션,방산·우주항공,-1.33,6.0,7.0
042660,한화오션,방산·우주항공,-1.1,5.0,7.0
042660,한화오션,방산·우주항공,1.08,4.0,7.0
042660,한화오션,방산·우주항공,-1.36,3.0,7.0
042660,한화오션,방산·우주항공,-2.46,4.0,7.0
042660,한화오션,방산·우주항공,-4.97,7.0,7.0
042660,한화오션,방산·우주항공,8.16,2.0,7.0
042660,한화오션,방산·우주항공,6.59,1.0,7.0
042660,한화오션,방산·우주항공,16.37,1.0,7.0
042660,한화오션,방산·우주항공,15.65,1.0,7.0
042660,한화오션,방산·우주항공,-3.4,5.0,7.0
042660,한화오션,방산·우주항공,-0.75,5.0,7.0
042660,한화오션,방산·우주항공,5.02,3.0,7.0
042660,한화오션,방산·우주항공,8.74,3.0,7.0
042660,한화오션,방산·우주항공,21.49,1.0,7.0
042660,한화오션,방산·우주항공,4.21,4.0,7.0
042660,한화오션,방산·우주항공,3.31,4.0,7.0
042660,한화오션,방산·우주항공,-0.02,4.0,7.0
042660,한화오션,방산·우주항공,7.29,4.0,7.0
042660,한화오션,방산·우주항공,13.89,2.0,7.0
042660,한화오션,방산·우주항공,-0.63,5.0,7.0
042660,한화오션,방산·우주항공,-2.11,5.0,7.0
042660,한화오션,방산·우주항공,6.8,2.0,7.0
042660,한화오션,방산·우주항공,14.88,1.0,7.0
042660,한화오션,방산·우주항공,1.39,7.0,7.0
042660,한화오션,방산·우주항공,0.22,7.0,7.0
042660,한화오션,방산·우주항공,6.19,3.0,7.0
042660,한화오션,방산·우주항공,16.75,2.0,7.0
042660,한화오션,방산·우주항공,9.83,3.0,7.0
042660,한화오션,방산·우주항공,15.7,3.0,7.0
042660,한화오션,방산·우주항공,11.72,2.0,7.0
042660,한화오션,방산·우주항공,14.27,2.0,7.0
042660,한화오션,방산·우주항공,4.58,2.0,7.0
042660,한화오션,방산·우주항공,11.18,2.0,7.0
042660,한화오션,방산·우주항공,14.72,1.0,7.0
042660,한화오션,방산·우주항공,2.58,3.0,7.0
042660,한화오션,방산·우주항공,13.34,1.0,7.0
042660,한화오션,방산·우주항공,19.76,1.0,7.0
042660,한화오션,방산·우주항공,19.8,1.0,7.0
042660,한화오션,방산·우주항공,-4.33,6.0,7.0
042660,한화오션,방산·우주항공,11.84,2.0,7.0
042660,한화오션,방산·우주항공,11.88,3.0,7.0
042660,한화오션,방산·우주항공,13.17,2.0,7.0
042660,한화오션,방산·우주항공,27.33,1.0,7.0
042660,한화오션,방산·우주항공,17.8,1.0,7.0
042660,한화오션,방산·우주항공,7.36,2.0,7.0
042660,한화오션,방산·우주항공,21.26,1.0,7.0
042660,한화오션,방산·우주항공,28.08,1.0,7.0
042660,한화오션,방산·우주항공,3.51,3.0,7.0
042660,한화오션,방산·우주항공,5.94,3.0,7.0
042660,한화오션,방산·우주항공,14.52,1.0,7.0
042660,한화오션,방산·우주항공,17.54,1.0,7.0
042660,한화오션,방산·우주항공,-12.45,6.0,7.0
042660,한화오션,방산·우주항공,-12.8,6.0,7.0
042660,한화오션,방산·우주항공,-8.92,6.0,7.0
042660,한화오션,방산·우주항공,2.58,3.0,7.0
042660,한화오션,방산·우주항공,6.81,2.0,7.0
042660,한화오션,방산·우주항공,18.12,1.0,7.0
042660,한화오션,방산·우주항공,-17.47,7.0,7.0
042660,한화오션,방산·우주항공,-35.72,6.0,7.0
042660,한화오션,방산·우주항공,-29.68,5.0,7.0
042660,한화오션,방산·우주항공,-15.11,3.0,7.0
042660,한화오션,방산·우주항공,0.17,2.0,7.0
010140,삼성중공업,방산·우주항공,-0.53,7.0,7.0
010140,삼성중공업,방산·우주항공,8.0,3.0,7.0
010140,삼성중공업,방산·우주항공,9.93,2.0,7.0
010140,삼성중공업,방산·우주항공,9.6,2.0,7.0
010140,삼성중공업,방산·우주항공,-3.98,6.0,7.0
010140,삼성중공업,방산·우주항공,3.82,3.0,7.0
010140,삼성중공업,방산·우주항공,-3.54,6.0,7.0
010140,삼성중공업,방산·우주항공,-0.28,4.0,7.0
010140,삼성중공업,방산·우주항공,0.65,4.0,7.0
010140,삼성중공업,방산·우주항공,-1.71,4.0,7.0
010140,삼성중공업,방산·우주항공,-1.45,6.0,7.0
010140,삼성중공업,방산·우주항공,-1.1,5.0,7.0
010140,삼성중공업,방산·우주항공,5.28,4.0,7.0
010140,삼성중공업,방산·우주항공,5.15,2.0,7.0
010140,삼성중공업,방산·우주항공,-0.09,4.0,7.0
010140,삼성중공업,방산·우주항공,3.36,2.0,7.0
010140,삼성중공업,방산·우주항공,4.34,2.0,7.0
010140,삼성중공업,방산·우주항공,7.2,2.0,7.0
010140,삼성중공업,방산·우주항공,4.86,3.0,7.0
010140,삼성중공업,방산·우주항공,3.91,3.0,7.0
010140,삼성중공업,방산·우주항공,1.11,4.0,7.0
010140,삼성중공업,방산·우주항공,2.87,1.0,7.0
010140,삼성중공업,방산·우주항공,-2.0,5.0,7.0
010140,삼성중공업,방산·우주항공,6.59,1.0,7.0
010140,삼성중공업,방산·우주항공,16.37,1.0,7.0
010140,삼성중공업,방산·우주항공,-0.75,5.0,7.0
010140,삼성중공업,방산·우주항공,1.44,5.0,7.0
010140,삼성중공업,방산·우주항공,2.28,4.0,7.0
010140,삼성중공업,방산·우주항공,-0.63,5.0,7.0
010140,삼성중공업,방산·우주항공,8.74,3.0,7.0
010140,삼성중공업,방산·우주항공,21.49,1.0,7.0
010140,삼성중공업,방산·우주항공,0.6,3.0,7.0
010140,삼성중공업,방산·우주항공,5.53,5.0,7.0
010140,삼성중공업,방산·우주항공,-0.63,5.0,7.0
010140,삼성중공업,방산·우주항공,-2.11,5.0,7.0
010140,삼성중공업,방산·우주항공,-0.23,3.0,7.0
010140,삼성중공업,방산·우주항공,19.58,1.0,7.0
010140,삼성중공업,방산·우주항공,18.44,1.0,7.0
010140,삼성중공업,방산·우주항공,-2.94,4.0,7.0
010140,삼성중공업,방산·우주항공,1.39,7.0,7.0
010140,삼성중공업,방산·우주항공,6.19,3.0,7.0
010140,삼성중공업,방산·우주항공,11.31,1.0,7.0
010140,삼성중공업,방산·우주항공,9.83,3.0,7.0
010140,삼성중공업,방산·우주항공,11.72,2.0,7.0
010140,삼성중공업,방산·우주항공,2.84,2.0,7.0
010140,삼성중공업,방산·우주항공,4.58,2.0,7.0
010140,삼성중공업,방산·우주항공,11.18,2.0,7.0
010140,삼성중공업,방산·우주항공,13.34,1.0,7.0
010140,삼성중공업,방산·우주항공,19.76,1.0,7.0
010140,삼성중공업,방산·우주항공,14.43,2.0,7.0
010140,삼성중공업,방산·우주항공,14.38,2.0,7.0
010140,삼성중공업,방산·우주항공,31.56,1.0,7.0
010140,삼성중공업,방산·우주항공,25.82,1.0,7.0
010140,삼성중공업,방산·우주항공,31.57,1.0,7.0
010140,삼성중공업,방산·우주항공,15.26,1.0,7.0
010140,삼성중공업,방산·우주항공,13.64,2.0,7.0
010140,삼성중공업,방산·우주항공,12.44,1.0,7.0
010140,삼성중공업,방산·우주항공,-2.0,4.0,7.0
010140,삼성중공업,방산·우주항공,-5.58,7.0,7.0
010140,삼성중공업,방산·우주항공,-6.93,7.0,7.0
010140,삼성중공업,방산·우주항공,-12.45,6.0,7.0
010140,삼성중공업,방산·우주항공,-10.87,6.0,7.0
010140,삼성중공업,방산·우주항공,-7.36,6.0,7.0
010140,삼성중공업,방산·우주항공,-7.61,6.0,7.0
010140,삼성중공업,방산·우주항공,-2.97,5.0,7.0
010140,삼성중공업,방산·우주항공,3.6,2.0,7.0
010140,삼성중공업,방산·우주항공,6.81,2.0,7.0
010140,삼성중공업,방산·우주항공,13.82,1.0,7.0
010140,삼성중공업,방산·우주항공,25.46,1.0,7.0
010140,삼성중공업,방산·우주항공,23.62,2.0,7.0
010140,삼성중공업,방산·우주항공,11.29,1.0,7.0
010140,삼성중공업,방산·우주항공,-1.9,4.0,7.0
010140,삼성중공업,방산·우주항공,-5.33,4.0,7.0
010140,삼성중공업,방산·우주항공,-35.72,6.0,7.0
015760,한국전력,전력·인프라,-0.11,4.0,7.0
015760,한국전력,전력·인프라,15.69,2.0,7.0
015760,한국전력,전력·인프라,11.36,3.0,7.0
015760,한국전력,전력·인프라,-1.06,3.0,7.0
015760,한국전력,전력·인프라,-1.85,5.0,7.0
015760,한국전력,전력·인프라,4.4,3.0,7.0
015760,한국전력,전력·인프라,-2.6,5.0,7.0
015760,한국전력,전력·인프라,3.48,4.0,7.0
015760,한국전력,전력·인프라,1.45,5.0,7.0
015760,한국전력,전력·인프라,0.66,2.0,7.0
015760,한국전력,전력·인프라,4.47,4.0,7.0
015760,한국전력,전력·인프라,1.34,3.0,7.0
015760,한국전력,전력·인프라,10.44,1.0,7.0
015760,한국전력,전력·인프라,42.58,1.0,7.0
015760,한국전력,전력·인프라,5.39,2.0,7.0
015760,한국전력,전력·인프라,9.19,1.0,7.0
015760,한국전력,전력·인프라,-1.29,6.0,7.0
015760,한국전력,전력·인프라,10.09,2.0,7.0
015760,한국전력,전력·인프라,9.31,2.0,7.0
015760,한국전력,전력·인프라,10.12,3.0,7.0
015760,한국전력,전력·인프라,3.69,3.0,7.0
015760,한국전력,전력·인프라,10.33,1.0,7.0
015760,한국전력,전력·인프라,6.7,1.0,7.0
015760,한국전력,전력·인프라,-5.19,6.0,7.0
015760,한국전력,전력·인프라,4.77,2.0,7.0
015760,한국전력,전력·인프라,8.29,1.0,7.0
015760,한국전력,전력·인프라,4.11,2.0,7.0
015760,한국전력,전력·인프라,6.86,1.0,7.0
015760,한국전력,전력·인프라,6.52,3.0,7.0
015760,한국전력,전력·인프라,7.53,3.0,7.0
015760,한국전력,전력·인프라,-4.67,6.0,7.0
015760,한국전력,전력·인프라,12.06,1.0,7.0
015760,한국전력,전력·인프라,-1.33,4.0,7.0
015760,한국전력,전력·인프라,-2.06,5.0,7.0
015760,한국전력,전력·인프라,-3.76,6.0,7.0
015760,한국전력,전력·인프라,-0.55,6.0,7.0
015760,한국전력,전력·인프라,11.49,1.0,7.0
015760,한국전력,전력·인프라,6.06,2.0,7.0
015760,한국전력,전력·인프라,0.72,3.0,7.0
015760,한국전력,전력·인프라,1.59,5.0,7.0
015760,한국전력,전력·인프라,24.78,1.0,7.0
015760,한국전력,전력·인프라,-3.91,5.0,7.0
015760,한국전력,전력·인프라,-0.92,5.0,7.0
015760,한국전력,전력·인프라,-0.53,5.0,7.0
015760,한국전력,전력·인프라,4.64,4.0,7.0
015760,한국전력,전력·인프라,0.88,5.0,7.0
015760,한국전력,전력·인프라,-2.57,5.0,7.0
015760,한국전력,전력·인프라,-3.4,6.0,7.0
015760,한국전력,전력·인프라,-6.29,4.0,7.0
015760,한국전력,전력·인프라,12.16,2.0,7.0
015760,한국전력,전력·인프라,13.24,1.0,7.0
015760,한국전력,전력·인프라,12.99,1.0,7.0
015760,한국전력,전력·인프라,5.9,3.0,7.0
015760,한국전력,전력·인프라,-0.85,4.0,7.0
015760,한국전력,전력·인프라,-2.79,4.0,7.0
015760,한국전력,전력·인프라,1.81,4.0,7.0
015760,한국전력,전력·인프라,24.3,2.0,7.0
015760,한국전력,전력·인프라,17.73,2.0,7.0
015760,한국전력,전력·인프라,-6.29,4.0,7.0
015760,한국전력,전력·인프라,2.51,4.0,7.0
015760,한국전력,전력·인프라,-1.81,5.0,7.0
034020,두산에너빌리티,전력·인프라,-3.61,6.0,7.0
034020,두산에너빌리티,전력·인프라,-5.01,3.0,7.0
034020,두산에너빌리티,전력·인프라,5.03,6.0,7.0
034020,두산에너빌리티,전력·인프라,2.76,7.0,7.0
034020,두산에너빌리티,전력·인프라,8.92,1.0,7.0
034020,두산에너빌리티,전력·인프라,13.49,1.0,7.0
034020,두산에너빌리티,전력·인프라,19.42,1.0,7.0
034020,두산에너빌리티,전력·인프라,24.44,1.0,7.0
034020,두산에너빌리티,전력·인프라,-6.17,4.0,7.0
034020,두산에너빌리티,전력·인프라,-0.15,4.0,7.0
034020,두산에너빌리티,전력·인프라,5.82,3.0,7.0
034020,두산에너빌리티,전력·인프라,1.07,2.0,7.0
034020,두산에너빌리티,전력·인프라,2.97,2.0,7.0
034020,두산에너빌리티,전력·인프라,-2.11,5.0,7.0
034020,두산에너빌리티,전력·인프라,0.72,2.0,7.0
034020,두산에너빌리티,전력·인프라,10.46,1.0,7.0
034020,두산에너빌리티,전력·인프라,4.09,4.0,7.0
034020,두산에너빌리티,전력·인프라,3.41,4.0,7.0
034020,두산에너빌리티,전력·인프라,3.56,1.0,7.0
034020,두산에너빌리티,전력·인프라,1.34,3.0,7.0
034020,두산에너빌리티,전력·인프라,10.44,1.0,7.0
034020,두산에너빌리티,전력·인프라,10.42,1.0,7.0
034020,두산에너빌리티,전력·인프라,12.4,1.0,7.0
034020,두산에너빌리티,전력·인프라,14.71,1.0,7.0
034020,두산에너빌리티,전력·인프라,22.37,1.0,7.0
034020,두산에너빌리티,전력·인프라,31.02,1.0,7.0
034020,두산에너빌리티,전력·인프라,42.58,1.0,7.0
034020,두산에너빌리티,전력·인프라,2.8,4.0,7.0
034020,두산에너빌리티,전력·인프라,4.45,2.0,7.0
034020,두산에너빌리티,전력·인프라,4.78,2.0,7.0
034020,두산에너빌리티,전력·인프라,7.68,2.0,7.0
034020,두산에너빌리티,전력·인프라,6.78,1.0,7.0
034020,두산에너빌리티,전력·인프라,7.88,2.0,7.0
034020,두산에너빌리티,전력·인프라,2.6,1.0,7.0
034020,두산에너빌리티,전력·인프라,7.57,3.0,7.0
034020,두산에너빌리티,전력·인프라,10.09,2.0,7.0
034020,두산에너빌리티,전력·인프라,15.07,1.0,7.0
034020,두산에너빌리티,전력·인프라,10.11,3.0,7.0
034020,두산에너빌리티,전력·인프라,5.87,4.0,7.0
034020,두산에너빌리티,전력·인프라,7.63,4.0,7.0
034020,두산에너빌리티,전력·인프라,11.07,3.0,7.0
034020,두산에너빌리티,전력·인프라,13.02,3.0,7.0
034020,두산에너빌리티,전력·인프라,2.43,2.0,7.0
034020,두산에너빌리티,전력·인프라,1.91,2.0,7.0
034020,두산에너빌리티,전력·인프라,5.22,4.0,7.0
034020,두산에너빌리티,전력·인프라,0.4,7.0,7.0
034020,두산에너빌리티,전력·인프라,9.46,2.0,7.0
034020,두산에너빌리티,전력·인프라,1.81,3.0,7.0
034020,두산에너빌리티,전력·인프라,1.83,3.0,7.0
034020,두산에너빌리티,전력·인프라,1.49,5.0,7.0
034020,두산에너빌리티,전력·인프라,3.04,3.0,7.0
034020,두산에너빌리티,전력·인프라,7.87,1.0,7.0
034020,두산에너빌리티,전력·인프라,4.38,2.0,7.0
034020,두산에너빌리티,전력·인프라,4.11,3.0,7.0
034020,두산에너빌리티,전력·인프라,11.93,4.0,7.0
034020,두산에너빌리티,전력·인프라,14.21,2.0,7.0
034020,두산에너빌리티,전력·인프라,16.83,2.0,7.0
034020,두산에너빌리티,전력·인프라,26.59,1.0,7.0
034020,두산에너빌리티,전력·인프라,31.64,1.0,7.0
034020,두산에너빌리티,전력·인프라,-4.3,4.0,7.0
034020,두산에너빌리티,전력·인프라,-0.95,4.0,7.0
034020,두산에너빌리티,전력·인프라,12.54,2.0,7.0
034020,두산에너빌리티,전력·인프라,10.81,3.0,7.0
034020,두산에너빌리티,전력·인프라,11.72,3.0,7.0
034020,두산에너빌리티,전력·인프라,6.15,4.0,7.0
034020,두산에너빌리티,전력·인프라,12.02,3.0,7.0
034020,두산에너빌리티,전력·인프라,16.49,2.0,7.0
034020,두산에너빌리티,전력·인프라,9.12,3.0,7.0
034020,두산에너빌리티,전력·인프라,7.96,3.0,7.0
034020,두산에너빌리티,전력·인프라,11.02,3.0,7.0
034020,두산에너빌리티,전력·인프라,18.04,1.0,7.0
034020,두산에너빌리티,전력·인프라,12.66,1.0,7.0
034020,두산에너빌리티,전력·인프라,12.97,1.0,7.0
034020,두산에너빌리티,전력·인프라,-7.17,5.0,7.0
034020,두산에너빌리티,전력·인프라,-4.51,3.0,7.0
034020,두산에너빌리티,전력·인프라,-5.06,4.0,7.0
034020,두산에너빌리티,전력·인프라,-4.92,3.0,7.0
034020,두산에너빌리티,전력·인프라,-6.93,5.0,7.0
034020,두산에너빌리티,전력·인프라,2.68,2.0,7.0
034020,두산에너빌리티,전력·인프라,1.43,3.0,7.0
267260,HD현대일렉트릭,전력·인프라,26.67,3.0,7.0
267260,HD현대일렉트릭,전력·인프라,0.76,6.0,7.0
267260,HD현대일렉트릭,전력·인프라,-0.09,6.0,7.0
267260,HD현대일렉트릭,전력·인프라,5.03,6.0,7.0
267260,HD현대일렉트릭,전력·인프라,4.3,5.0,7.0
267260,HD현대일렉트릭,전력·인프라,2.8,3.0,7.0
267260,HD현대일렉트릭,전력·인프라,13.49,1.0,7.0
267260,HD현대일렉트릭,전력·인프라,19.42,1.0,7.0
267260,HD현대일렉트릭,전력·인프라,23.5,1.0,7.0
267260,HD현대일렉트릭,전력·인프라,24.44,1.0,7.0
267260,HD현대일렉트릭,전력·인프라,22.98,1.0,7.0
267260,HD현대일렉트릭,전력·인프라,11.74,2.0,7.0
267260,HD현대일렉트릭,전력·인프라,21.86,1.0,7.0
267260,HD현대일렉트릭,전력·인프라,27.9,1.0,7.0
267260,HD현대일렉트릭,전력·인프라,27.0,1.0,7.0
267260,HD현대일렉트릭,전력·인프라,1.07,2.0,7.0
267260,HD현대일렉트릭,전력·인프라,-2.11,5.0,7.0
267260,HD현대일렉트릭,전력·인프라,3.95,5.0,7.0
267260,HD현대일렉트릭,전력·인프라,0.35,6.0,7.0
267260,HD현대일렉트릭,전력·인프라,-2.59,4.0,7.0
267260,HD현대일렉트릭,전력·인프라,6.25,3.0,7.0
267260,HD현대일렉트릭,전력·인프라,3.05,2.0,7.0
267260,HD현대일렉트릭,전력·인프라,-1.27,5.0,7.0
267260,HD현대일렉트릭,전력·인프라,7.53,2.0,7.0
267260,HD현대일렉트릭,전력·인프라,7.38,2.0,7.0
267260,HD현대일렉트릭,전력·인프라,0.88,4.0,7.0
267260,HD현대일렉트릭,전력·인프라,0.19,4.0,7.0
267260,HD현대일렉트릭,전력·인프라,5.69,1.0,7.0
267260,HD현대일렉트릭,전력·인프라,1.34,3.0,7.0
267260,HD현대일렉트릭,전력·인프라,15.07,1.0,7.0
267260,HD현대일렉트릭,전력·인프라,3.37,5.0,7.0
267260,HD현대일렉트릭,전력·인프라,2.51,3.0,7.0
267260,HD현대일렉트릭,전력·인프라,-2.4,6.0,7.0
267260,HD현대일렉트릭,전력·인프라,5.8,2.0,7.0
267260,HD현대일렉트릭,전력·인프라,9.26,1.0,7.0
267260,HD현대일렉트릭,전력·인프라,5.08,3.0,7.0
267260,HD현대일렉트릭,전력·인프라,11.75,1.0,7.0
267260,HD현대일렉트릭,전력·인프라,-7.97,7.0,7.0
267260,HD현대일렉트릭,전력·인프라,-5.19,4.0,7.0
267260,HD현대일렉트릭,전력·인프라,2.43,2.0,7.0
267260,HD현대일렉트릭,전력·인프라,-1.91,7.0,7.0
267260,HD현대일렉트릭,전력·인프라,0.3,5.0,7.0
267260,HD현대일렉트릭,전력·인프라,0.4,7.0,7.0
267260,HD현대일렉트릭,전력·인프라,3.9,6.0,7.0
267260,HD현대일렉트릭,전력·인프라,6.03,4.0,7.0
267260,HD현대일렉트릭,전력·인프라,10.6,3.0,7.0
267260,HD현대일렉트릭,전력·인프라,-2.09,6.0,7.0
267260,HD현대일렉트릭,전력·인프라,16.62,1.0,7.0
267260,HD현대일렉트릭,전력·인프라,15.21,2.0,7.0
267260,HD현대일렉트릭,전력·인프라,2.27,2.0,7.0
267260,HD현대일렉트릭,전력·인프라,-7.98,7.0,7.0
267260,HD현대일렉트릭,전력·인프라,4.63,3.0,7.0
267260,HD현대일렉트릭,전력·인프라,14.21,2.0,7.0
267260,HD현대일렉트릭,전력·인프라,16.83,2.0,7.0
267260,HD현대일렉트릭,전력·인프라,17.07,1.0,7.0
267260,HD현대일렉트릭,전력·인프라,16.9,1.0,7.0
267260,HD현대일렉트릭,전력·인프라,21.16,1.0,7.0
267260,HD현대일렉트릭,전력·인프라,0.72,3.0,7.0
267260,HD현대일렉트릭,전력·인프라,2.68,3.0,7.0
267260,HD현대일렉트릭,전력·인프라,2.66,3.0,7.0
267260,HD현대일렉트릭,전력·인프라,18.8,2.0,7.0
267260,HD현대일렉트릭,전력·인프라,12.43,1.0,7.0
267260,HD현대일렉트릭,전력·인프라,-0.67,5.0,7.0
267260,HD현대일렉트릭,전력·인프라,6.82,4.0,7.0
267260,HD현대일렉트릭,전력·인프라,-23.79,7.0,7.0
010120,LS ELECTRIC,전력·인프라,-0.09,6.0,7.0
010120,LS ELECTRIC,전력·인프라,-0.86,6.0,7.0
010120,LS ELECTRIC,전력·인프라,4.3,5.0,7.0
010120,LS ELECTRIC,전력·인프라,2.8,3.0,7.0
010120,LS ELECTRIC,전력·인프라,19.42,1.0,7.0
010120,LS ELECTRIC,전력·인프라,19.43,1.0,7.0
010120,LS ELECTRIC,전력·인프라,21.86,1.0,7.0
010120,LS ELECTRIC,전력·인프라,4.13,3.0,7.0
010120,LS ELECTRIC,전력·인프라,-2.6,5.0,7.0
010120,LS ELECTRIC,전력·인프라,3.95,5.0,7.0
010120,LS ELECTRIC,전력·인프라,7.62,2.0,7.0
010120,LS ELECTRIC,전력·인프라,42.58,1.0,7.0
010120,LS ELECTRIC,전력·인프라,-1.27,5.0,7.0
010120,LS ELECTRIC,전력·인프라,7.53,2.0,7.0
010120,LS ELECTRIC,전력·인프라,-1.24,4.0,7.0
010120,LS ELECTRIC,전력·인프라,1.02,4.0,7.0
010120,LS ELECTRIC,전력·인프라,1.2,6.0,7.0
010120,LS ELECTRIC,전력·인프라,2.21,3.0,7.0
010120,LS ELECTRIC,전력·인프라,9.56,1.0,7.0
010120,LS ELECTRIC,전력·인프라,9.26,1.0,7.0
010120,LS ELECTRIC,전력·인프라,11.75,1.0,7.0
010120,LS ELECTRIC,전력·인프라,8.18,2.0,7.0
010120,LS ELECTRIC,전력·인프라,-9.89,7.0,7.0
010120,LS ELECTRIC,전력·인프라,13.19,3.0,7.0
010120,LS ELECTRIC,전력·인프라,6.02,2.0,7.0
010120,LS ELECTRIC,전력·인프라,-3.72,4.0,7.0
010120,LS ELECTRIC,전력·인프라,2.43,2.0,7.0
010120,LS ELECTRIC,전력·인프라,0.3,5.0,7.0
010120,LS ELECTRIC,전력·인프라,2.64,4.0,7.0
010120,LS ELECTRIC,전력·인프라,7.32,3.0,7.0
010120,LS ELECTRIC,전력·인프라,0.4,7.0,7.0
010120,LS ELECTRIC,전력·인프라,9.04,3.0,7.0
010120,LS ELECTRIC,전력·인프라,-0.54,4.0,7.0
010120,LS ELECTRIC,전력·인프라,1.81,3.0,7.0
010120,LS ELECTRIC,전력·인프라,15.51,2.0,7.0
010120,LS ELECTRIC,전력·인프라,15.21,2.0,7.0
010120,LS ELECTRIC,전력·인프라,10.82,2.0,7.0
010120,LS ELECTRIC,전력·인프라,-2.52,7.0,7.0
010120,LS ELECTRIC,전력·인프라,3.42,6.0,7.0
010120,LS ELECTRIC,전력·인프라,9.42,4.0,7.0
010120,LS ELECTRIC,전력·인프라,11.93,4.0,7.0
010120,LS ELECTRIC,전력·인프라,14.21,2.0,7.0
010120,LS ELECTRIC,전력·인프라,21.38,1.0,7.0
010120,LS ELECTRIC,전력·인프라,16.67,1.0,7.0
010120,LS ELECTRIC,전력·인프라,17.07,1.0,7.0
010120,LS ELECTRIC,전력·인프라,0.72,3.0,7.0
010120,LS ELECTRIC,전력·인프라,5.15,4.0,7.0
010120,LS ELECTRIC,전력·인프라,4.71,6.0,7.0
010120,LS ELECTRIC,전력·인프라,7.7,5.0,7.0
010120,LS ELECTRIC,전력·인프라,12.02,3.0,7.0
010120,LS ELECTRIC,전력·인프라,14.49,2.0,7.0
010120,LS ELECTRIC,전력·인프라,12.67,3.0,7.0
010120,LS ELECTRIC,전력·인프라,11.02,3.0,7.0
010120,LS ELECTRIC,전력·인프라,12.16,2.0,7.0
010120,LS ELECTRIC,전력·인프라,-1.07,5.0,7.0
010120,LS ELECTRIC,전력·인프라,3.24,4.0,7.0
010120,LS ELECTRIC,전력·인프라,-0.16,4.0,7.0
010120,LS ELECTRIC,전력·인프라,6.82,4.0,7.0
010120,LS ELECTRIC,전력·인프라,-5.76,4.0,7.0
010120,LS ELECTRIC,전력·인프라,0.61,5.0,7.0
010120,LS ELECTRIC,전력·인프라,2.07,2.0,7.0
010120,LS ELECTRIC,전력·인프라,2.25,2.0,7.0
010120,LS ELECTRIC,전력·인프라,1.43,3.0,7.0
010120,LS ELECTRIC,전력·인프라,14.75,2.0,7.0
010120,LS ELECTRIC,전력·인프라,-31.09,7.0,7.0
298040,효성중공업,전력·인프라,-4.05,5.0,7.0
298040,효성중공업,전력·인프라,5.03,6.0,7.0
298040,효성중공업,전력·인프라,4.3,5.0,7.0
298040,효성중공업,전력·인프라,2.34,5.0,7.0
298040,효성중공업,전력·인프라,0.76,5.0,7.0
298040,효성중공업,전력·인프라,1.61,5.0,7.0
298040,효성중공업,전력·인프라,1.53,5.0,7.0
298040,효성중공업,전력·인프라,-2.78,4.0,7.0
298040,효성중공업,전력·인프라,-0.11,4.0,7.0
298040,효성중공업,전력·인프라,13.49,1.0,7.0
298040,효성중공업,전력·인프라,4.8,2.0,7.0
298040,효성중공업,전력·인프라,11.74,2.0,7.0
298040,효성중공업,전력·인프라,21.86,1.0,7.0
298040,효성중공업,전력·인프라,27.0,1.0,7.0
298040,효성중공업,전력·인프라,1.5,5.0,7.0
298040,효성중공업,전력·인프라,-2.11,5.0,7.0
298040,효성중공업,전력·인프라,3.95,5.0,7.0
298040,효성중공업,전력·인프라,0.35,6.0,7.0
298040,효성중공업,전력·인프라,-7.32,6.0,7.0
298040,효성중공업,전력·인프라,-9.12,6.0,7.0
298040,효성중공업,전력·인프라,-6.52,6.0,7.0
298040,효성중공업,전력·인프라,3.22,1.0,7.0
298040,효성중공업,전력·인프라,8.99,2.0,7.0
298040,효성중공업,전력·인프라,12.4,1.0,7.0
298040,효성중공업,전력·인프라,28.19,1.0,7.0
298040,효성중공업,전력·인프라,-1.27,5.0,7.0
298040,효성중공업,전력·인프라,0.47,4.0,7.0
298040,효성중공업,전력·인프라,-4.06,6.0,7.0
298040,효성중공업,전력·인프라,-1.24,4.0,7.0
298040,효성중공업,전력·인프라,0.19,4.0,7.0
298040,효성중공업,전력·인프라,15.07,1.0,7.0
298040,효성중공업,전력·인프라,11.8,1.0,7.0
298040,효성중공업,전력·인프라,9.56,1.0,7.0
298040,효성중공업,전력·인프라,9.26,1.0,7.0
298040,효성중공업,전력·인프라,7.33,2.0,7.0
298040,효성중공업,전력·인프라,-7.97,7.0,7.0
298040,효성중공업,전력·인프라,-6.52,7.0,7.0
298040,효성중공업,전력·인프라,5.87,4.0,7.0
298040,효성중공업,전력·인프라,13.02,3.0,7.0
298040,효성중공업,전력·인프라,-3.72,4.0,7.0
298040,효성중공업,전력·인프라,2.43,2.0,7.0
298040,효성중공업,전력·인프라,7.52,1.0,7.0
298040,효성중공업,전력·인프라,16.87,1.0,7.0
298040,효성중공업,전력·인프라,0.3,5.0,7.0
298040,효성중공업,전력·인프라,3.92,4.0,7.0
298040,효성중공업,전력·인프라,0.4,7.0,7.0
298040,효성중공업,전력·인프라,3.9,6.0,7.0
298040,효성중공업,전력·인프라,9.46,2.0,7.0
298040,효성중공업,전력·인프라,-2.09,6.0,7.0
298040,효성중공업,전력·인프라,16.62,1.0,7.0
298040,효성중공업,전력·인프라,9.14,3.0,7.0
298040,효성중공업,전력·인프라,4.63,3.0,7.0
298040,효성중공업,전력·인프라,3.42,6.0,7.0
298040,효성중공업,전력·인프라,9.42,4.0,7.0
298040,효성중공업,전력·인프라,16.67,1.0,7.0
298040,효성중공업,전력·인프라,24.74,1.0,7.0
298040,효성중공업,전력·인프라,28.16,1.0,7.0
298040,효성중공업,전력·인프라,3.96,2.0,7.0
298040,효성중공업,전력·인프라,3.12,3.0,7.0
298040,효성중공업,전력·인프라,7.34,2.0,7.0
298040,효성중공업,전력·인프라,16.73,2.0,7.0
298040,효성중공업,전력·인프라,-4.31,6.0,7.0
298040,효성중공업,전력·인프라,-4.92,3.0,7.0
001440,대한전선,전력·인프라,-3.27,3.0,7.0
001440,대한전선,전력·인프라,0.82,2.0,7.0
001440,대한전선,전력·인프라,9.84,2.0,7.0
001440,대한전선,전력·인프라,8.64,4.0,7.0
001440,대한전선,전력·인프라,2.67,6.0,7.0
001440,대한전선,전력·인프라,8.92,1.0,7.0
001440,대한전선,전력·인프라,19.42,1.0,7.0
001440,대한전선,전력·인프라,22.16,1.0,7.0
001440,대한전선,전력·인프라,11.74,2.0,7.0
001440,대한전선,전력·인프라,21.86,1.0,7.0
001440,대한전선,전력·인프라,27.9,1.0,7.0
001440,대한전선,전력·인프라,-1.06,3.0,7.0
001440,대한전선,전력·인프라,-3.65,5.0,7.0
001440,대한전선,전력·인프라,0.5,5.0,7.0
001440,대한전선,전력·인프라,4.13,3.0,7.0
001440,대한전선,전력·인프라,1.5,5.0,7.0
001440,대한전선,전력·인프라,-7.77,6.0,7.0
001440,대한전선,전력·인프라,5.5,1.0,7.0
001440,대한전선,전력·인프라,7.02,1.0,7.0
001440,대한전선,전력·인프라,10.46,1.0,7.0
001440,대한전선,전력·인프라,9.72,2.0,7.0
001440,대한전선,전력·인프라,1.18,2.0,7.0
001440,대한전선,전력·인프라,2.25,1.0,7.0
001440,대한전선,전력·인프라,3.01,1.0,7.0
001440,대한전선,전력·인프라,4.19,2.0,7.0
001440,대한전선,전력·인프라,10.44,1.0,7.0
001440,대한전선,전력·인프라,12.4,1.0,7.0
001440,대한전선,전력·인프라,14.71,1.0,7.0
001440,대한전선,전력·인프라,26.32,1.0,7.0
001440,대한전선,전력·인프라,31.02,1.0,7.0
001440,대한전선,전력·인프라,42.58,1.0,7.0
001440,대한전선,전력·인프라,4.19,2.0,7.0
001440,대한전선,전력·인프라,6.49,2.0,7.0
001440,대한전선,전력·인프라,-0.89,6.0,7.0
001440,대한전선,전력·인프라,-1.03,6.0,7.0
001440,대한전선,전력·인프라,9.86,3.0,7.0
001440,대한전선,전력·인프라,2.51,3.0,7.0
001440,대한전선,전력·인프라,-1.2,5.0,7.0
001440,대한전선,전력·인프라,10.33,1.0,7.0
001440,대한전선,전력·인프라,11.8,1.0,7.0
001440,대한전선,전력·인프라,11.66,2.0,7.0
001440,대한전선,전력·인프라,12.03,1.0,7.0
001440,대한전선,전력·인프라,-4.55,4.0,7.0
001440,대한전선,전력·인프라,2.43,2.0,7.0
001440,대한전선,전력·인프라,8.14,1.0,7.0
001440,대한전선,전력·인프라,0.4,7.0,7.0
001440,대한전선,전력·인프라,6.03,4.0,7.0
001440,대한전선,전력·인프라,9.46,2.0,7.0
001440,대한전선,전력·인프라,1.13,3.0,7.0
001440,대한전선,전력·인프라,10.82,2.0,7.0
001440,대한전선,전력·인프라,-4.8,6.0,7.0
001440,대한전선,전력·인프라,0.69,6.0,7.0
001440,대한전선,전력·인프라,8.06,2.0,7.0
001440,대한전선,전력·인프라,16.83,2.0,7.0
001440,대한전선,전력·인프라,21.63,1.0,7.0
001440,대한전선,전력·인프라,18.05,1.0,7.0
001440,대한전선,전력·인프라,21.38,1.0,7.0
001440,대한전선,전력·인프라,18.13,1.0,7.0
001440,대한전선,전력·인프라,16.67,1.0,7.0
001440,대한전선,전력·인프라,17.86,1.0,7.0
001440,대한전선,전력·인프라,16.92,1.0,7.0
001440,대한전선,전력·인프라,15.05,1.0,7.0
001440,대한전선,전력·인프라,28.16,1.0,7.0
001440,대한전선,전력·인프라,4.0,2.0,7.0
001440,대한전선,전력·인프라,6.23,3.0,7.0
001440,대한전선,전력·인프라,5.15,4.0,7.0
001440,대한전선,전력·인프라,-2.39,6.0,7.0
001440,대한전선,전력·인프라,7.34,4.0,7.0
001440,대한전선,전력·인프라,11.49,3.0,7.0
001440,대한전선,전력·인프라,10.38,3.0,7.0
001440,대한전선,전력·인프라,-3.31,5.0,7.0
001440,대한전선,전력·인프라,12.66,1.0,7.0
001440,대한전선,전력·인프라,11.36,2.0,7.0
001440,대한전선,전력·인프라,13.12,1.0,7.0
001440,대한전선,전력·인프라,13.85,1.0,7.0
001440,대한전선,전력·인프라,12.01,2.0,7.0
001440,대한전선,전력·인프라,10.72,2.0,7.0
001440,대한전선,전력·인프라,12.29,2.0,7.0
001440,대한전선,전력·인프라,-0.67,5.0,7.0
001440,대한전선,전력·인프라,-1.24,5.0,7.0
001440,대한전선,전력·인프라,-2.78,3.0,7.0
001440,대한전선,전력·인프라,11.27,3.0,7.0
001440,대한전선,전력·인프라,14.54,2.0,7.0
001440,대한전선,전력·인프라,18.99,2.0,7.0
001440,대한전선,전력·인프라,20.35,3.0,7.0
001440,대한전선,전력·인프라,27.71,2.0,7.0
001440,대한전선,전력·인프라,-6.5,5.0,7.0
001440,대한전선,전력·인프라,-5.06,4.0,7.0
001440,대한전선,전력·인프라,2.51,4.0,7.0
001440,대한전선,전력·인프라,-1.39,5.0,7.0
001440,대한전선,전력·인프라,-1.7,6.0,7.0
001440,대한전선,전력·인프라,5.37,5.0,7.0
001440,대한전선,전력·인프라,0.71,3.0,7.0
001440,대한전선,전력·인프라,-3.34,3.0,7.0
001440,대한전선,전력·인프라,5.2,2.0,7.0
001440,대한전선,전력·인프라,2.68,2.0,7.0
001440,대한전선,전력·인프라,0.3,3.0,7.0
001440,대한전선,전력·인프라,11.52,1.0,7.0
001440,대한전선,전력·인프라,17.18,1.0,7.0
001440,대한전선,전력·인프라,22.5,1.0,7.0
006260,LS,전력·인프라,4.3,5.0,7.0
006260,LS,전력·인프라,2.8,3.0,7.0
006260,LS,전력·인프라,13.49,1.0,7.0
006260,LS,전력·인프라,19.42,1.0,7.0
006260,LS,전력·인프라,-0.15,4.0,7.0
006260,LS,전력·인프라,11.74,2.0,7.0
006260,LS,전력·인프라,21.86,1.0,7.0
006260,LS,전력·인프라,27.9,1.0,7.0
006260,LS,전력·인프라,1.07,2.0,7.0
006260,LS,전력·인프라,4.13,3.0,7.0
006260,LS,전력·인프라,2.52,3.0,7.0
006260,LS,전력·인프라,1.71,5.0,7.0
006260,LS,전력·인프라,10.46,1.0,7.0
006260,LS,전력·인프라,0.81,4.0,7.0
006260,LS,전력·인프라,4.47,4.0,7.0
006260,LS,전력·인프라,7.02,2.0,7.0
006260,LS,전력·인프라,1.02,4.0,7.0
006260,LS,전력·인프라,10.09,2.0,7.0
006260,LS,전력·인프라,0.47,4.0,7.0
006260,LS,전력·인프라,-3.21,5.0,7.0
006260,LS,전력·인프라,1.2,6.0,7.0
006260,LS,전력·인프라,9.56,1.0,7.0
006260,LS,전력·인프라,-4.48,4.0,7.0
006260,LS,전력·인프라,16.3,1.0,7.0
006260,LS,전력·인프라,16.87,1.0,7.0
006260,LS,전력·인프라,0.3,5.0,7.0
006260,LS,전력·인프라,7.32,3.0,7.0
006260,LS,전력·인프라,3.48,4.0,7.0
006260,LS,전력·인프라,4.83,4.0,7.0
006260,LS,전력·인프라,0.32,6.0,7.0
006260,LS,전력·인프라,0.4,7.0,7.0
006260,LS,전력·인프라,3.9,6.0,7.0
006260,LS,전력·인프라,6.75,3.0,7.0
006260,LS,전력·인프라,15.21,2.0,7.0
006260,LS,전력·인프라,10.82,2.0,7.0
006260,LS,전력·인프라,5.75,2.0,7.0
006260,LS,전력·인프라,9.76,1.0,7.0
006260,LS,전력·인프라,6.06,2.0,7.0
006260,LS,전력·인프라,4.38,2.0,7.0
006260,LS,전력·인프라,16.83,2.0,7.0
006260,LS,전력·인프라,21.63,1.0,7.0
006260,LS,전력·인프라,16.67,1.0,7.0
006260,LS,전력·인프라,17.87,1.0,7.0
006260,LS,전력·인프라,18.73,1.0,7.0
006260,LS,전력·인프라,20.82,1.0,7.0
006260,LS,전력·인프라,16.92,1.0,7.0
006260,LS,전력·인프라,3.96,2.0,7.0
006260,LS,전력·인프라,1.72,5.0,7.0
006260,LS,전력·인프라,10.38,3.0,7.0
006260,LS,전력·인프라,12.02,3.0,7.0
006260,LS,전력·인프라,-5.48,6.0,7.0
006260,LS,전력·인프라,-3.31,5.0,7.0
006260,LS,전력·인프라,15.12,1.0,7.0
006260,LS,전력·인프라,-0.16,4.0,7.0
006260,LS,전력·인프라,25.87,2.0,7.0
006260,LS,전력·인프라,-0.73,3.0,7.0
006260,LS,전력·인프라,0.48,4.0,7.0
006260,LS,전력·인프라,-6.5,5.0,7.0
006260,LS,전력·인프라,-0.89,5.0,7.0
006260,LS,전력·인프라,5.2,2.0,7.0
052690,한전기술,전력·인프라,5.03,6.0,7.0
052690,한전기술,전력·인프라,13.49,1.0,7.0
052690,한전기술,전력·인프라,18.01,1.0,7.0
052690,한전기술,전력·인프라,17.25,1.0,7.0
052690,한전기술,전력·인프라,15.69,2.0,7.0
052690,한전기술,전력·인프라,21.86,1.0,7.0
052690,한전기술,전력·인프라,27.9,1.0,7.0
052690,한전기술,전력·인프라,-1.19,5.0,7.0
052690,한전기술,전력·인프라,4.4,3.0,7.0
052690,한전기술,전력·인프라,1.45,5.0,7.0
052690,한전기술,전력·인프라,1.66,3.0,7.0
052690,한전기술,전력·인프라,2.15,1.0,7.0
052690,한전기술,전력·인프라,3.22,1.0,7.0
052690,한전기술,전력·인프라,5.86,2.0,7.0
052690,한전기술,전력·인프라,7.0,2.0,7.0
052690,한전기술,전력·인프라,6.95,3.0,7.0
052690,한전기술,전력·인프라,4.09,4.0,7.0
052690,한전기술,전력·인프라,6.33,3.0,7.0
052690,한전기술,전력·인프라,8.99,2.0,7.0
052690,한전기술,전력·인프라,9.62,2.0,7.0
052690,한전기술,전력·인프라,3.08,2.0,7.0
052690,한전기술,전력·인프라,3.56,1.0,7.0
052690,한전기술,전력·인프라,10.44,1.0,7.0
052690,한전기술,전력·인프라,-3.61,6.0,7.0
052690,한전기술,전력·인프라,-2.6,5.0,7.0
052690,한전기술,전력·인프라,4.19,2.0,7.0
052690,한전기술,전력·인프라,6.86,2.0,7.0
052690,한전기술,전력·인프라,4.45,2.0,7.0
052690,한전기술,전력·인프라,4.78,2.0,7.0
052690,한전기술,전력·인프라,7.68,2.0,7.0
052690,한전기술,전력·인프라,3.03,2.0,7.0
052690,한전기술,전력·인프라,3.4,2.0,7.0
052690,한전기술,전력·인프라,6.78,1.0,7.0
052690,한전기술,전력·인프라,7.88,2.0,7.0
052690,한전기술,전력·인프라,9.8,1.0,7.0
052690,한전기술,전력·인프라,2.6,1.0,7.0
052690,한전기술,전력·인프라,7.57,3.0,7.0
052690,한전기술,전력·인프라,9.31,2.0,7.0
052690,한전기술,전력·인프라,10.33,1.0,7.0
052690,한전기술,전력·인프라,11.8,1.0,7.0
052690,한전기술,전력·인프라,11.75,1.0,7.0
052690,한전기술,전력·인프라,5.87,4.0,7.0
052690,한전기술,전력·인프라,13.02,3.0,7.0
052690,한전기술,전력·인프라,2.43,2.0,7.0
052690,한전기술,전력·인프라,1.91,2.0,7.0
052690,한전기술,전력·인프라,11.05,1.0,7.0
052690,한전기술,전력·인프라,-2.4,7.0,7.0
052690,한전기술,전력·인프라,3.44,4.0,7.0
052690,한전기술,전력·인프라,5.22,4.0,7.0
052690,한전기술,전력·인프라,9.46,2.0,7.0
052690,한전기술,전력·인프라,1.83,3.0,7.0
052690,한전기술,전력·인프라,11.39,2.0,7.0
052690,한전기술,전력·인프라,15.51,2.0,7.0
052690,한전기술,전력·인프라,17.07,2.0,7.0
052690,한전기술,전력·인프라,3.04,3.0,7.0
052690,한전기술,전력·인프라,-5.82,7.0,7.0
052690,한전기술,전력·인프라,-0.55,6.0,7.0
052690,한전기술,전력·인프라,4.04,3.0,7.0
052690,한전기술,전력·인프라,4.09,3.0,7.0
052690,한전기술,전력·인프라,11.93,4.0,7.0
052690,한전기술,전력·인프라,20.82,1.0,7.0
052690,한전기술,전력·인프라,19.13,1.0,7.0
052690,한전기술,전력·인프라,26.59,1.0,7.0
052690,한전기술,전력·인프라,-4.3,4.0,7.0
052690,한전기술,전력·인프라,-0.95,4.0,7.0
052690,한전기술,전력·인프라,0.84,4.0,7.0
052690,한전기술,전력·인프라,0.73,3.0,7.0
052690,한전기술,전력·인프라,-2.16,4.0,7.0
052690,한전기술,전력·인프라,11.72,3.0,7.0
052690,한전기술,전력·인프라,9.72,3.0,7.0
052690,한전기술,전력·인프라,6.15,4.0,7.0
052690,한전기술,전력·인프라,12.02,3.0,7.0
052690,한전기술,전력·인프라,9.12,3.0,7.0
052690,한전기술,전력·인프라,5.47,3.0,7.0
052690,한전기술,전력·인프라,12.97,1.0,7.0
052690,한전기술,전력·인프라,21.8,1.0,7.0
052690,한전기술,전력·인프라,13.12,1.0,7.0
052690,한전기술,전력·인프라,15.09,2.0,7.0
052690,한전기술,전력·인프라,16.25,2.0,7.0
052690,한전기술,전력·인프라,-1.3,5.0,7.0
052690,한전기술,전력·인프라,5.9,3.0,7.0
052690,한전기술,전력·인프라,-1.14,4.0,7.0
052690,한전기술,전력·인프라,1.56,3.0,7.0
052690,한전기술,전력·인프라,1.81,4.0,7.0
052690,한전기술,전력·인프라,18.99,2.0,7.0
052690,한전기술,전력·인프라,-1.66,6.0,7.0
052690,한전기술,전력·인프라,-3.52,6.0,7.0
052690,한전기술,전력·인프라,-4.92,3.0,7.0
052690,한전기술,전력·인프라,-5.76,4.0,7.0
052690,한전기술,전력·인프라,-6.93,5.0,7.0
052690,한전기술,전력·인프라,2.51,4.0,7.0
052690,한전기술,전력·인프라,5.37,5.0,7.0
052690,한전기술,전력·인프라,2.68,2.0,7.0
036460,한국가스공사,전력·인프라,15.69,2.0,7.0
036460,한국가스공사,전력·인프라,25.18,1.0,7.0
036460,한국가스공사,전력·인프라,-4.93,6.0,7.0
036460,한국가스공사,전력·인프라,-1.06,3.0,7.0
036460,한국가스공사,전력·인프라,-1.19,5.0,7.0
036460,한국가스공사,전력·인프라,0.61,2.0,7.0
036460,한국가스공사,전력·인프라,-2.6,5.0,7.0
036460,한국가스공사,전력·인프라,-0.67,4.0,7.0
036460,한국가스공사,전력·인프라,1.45,5.0,7.0
036460,한국가스공사,전력·인프라,-7.67,6.0,7.0
036460,한국가스공사,전력·인프라,-6.0,6.0,7.0
036460,한국가스공사,전력·인프라,6.25,3.0,7.0
036460,한국가스공사,전력·인프라,42.58,1.0,7.0
036460,한국가스공사,전력·인프라,3.21,3.0,7.0
036460,한국가스공사,전력·인프라,3.4,2.0,7.0
036460,한국가스공사,전력·인프라,6.49,2.0,7.0
036460,한국가스공사,전력·인프라,11.38,1.0,7.0
036460,한국가스공사,전력·인프라,7.64,2.0,7.0
036460,한국가스공사,전력·인프라,-1.29,6.0,7.0
036460,한국가스공사,전력·인프라,1.02,4.0,7.0
036460,한국가스공사,전력·인프라,5.42,2.0,7.0
036460,한국가스공사,전력·인프라,10.09,2.0,7.0
036460,한국가스공사,전력·인프라,9.8,2.0,7.0
036460,한국가스공사,전력·인프라,6.53,2.0,7.0
036460,한국가스공사,전력·인프라,10.33,1.0,7.0
036460,한국가스공사,전력·인프라,4.37,2.0,7.0
036460,한국가스공사,전력·인프라,7.63,4.0,7.0
036460,한국가스공사,전력·인프라,11.07,3.0,7.0
036460,한국가스공사,전력·인프라,6.86,1.0,7.0
036460,한국가스공사,전력·인프라,3.84,2.0,7.0
036460,한국가스공사,전력·인프라,1.43,5.0,7.0
036460,한국가스공사,전력·인프라,-3.05,7.0,7.0
036460,한국가스공사,전력·인프라,3.61,4.0,7.0
036460,한국가스공사,전력·인프라,11.49,1.0,7.0
036460,한국가스공사,전력·인프라,6.06,2.0,7.0
036460,한국가스공사,전력·인프라,0.72,3.0,7.0
036460,한국가스공사,전력·인프라,24.78,1.0,7.0
036460,한국가스공사,전력·인프라,16.51,1.0,7.0
036460,한국가스공사,전력·인프라,9.27,1.0,7.0
036460,한국가스공사,전력·인프라,10.76,1.0,7.0
036460,한국가스공사,전력·인프라,-0.19,3.0,7.0
036460,한국가스공사,전력·인프라,-5.03,4.0,7.0
036460,한국가스공사,전력·인프라,5.54,4.0,7.0
036460,한국가스공사,전력·인프라,15.15,2.0,7.0
036460,한국가스공사,전력·인프라,-2.15,5.0,7.0
036460,한국가스공사,전력·인프라,22.06,1.0,7.0
036460,한국가스공사,전력·인프라,13.24,1.0,7.0
036460,한국가스공사,전력·인프라,10.49,1.0,7.0
036460,한국가스공사,전력·인프라,1.56,3.0,7.0
036460,한국가스공사,전력·인프라,2.51,4.0,7.0
036460,한국가스공사,전력·인프라,-5.14,3.0,7.0
103590,일진전기,전력·인프라,2.39,6.0,7.0
103590,일진전기,전력·인프라,-4.33,4.0,7.0
103590,일진전기,전력·인프라,-0.11,4.0,7.0
103590,일진전기,전력·인프라,19.42,1.0,7.0
103590,일진전기,전력·인프라,15.69,2.0,7.0
103590,일진전기,전력·인프라,21.86,1.0,7.0
103590,일진전기,전력·인프라,27.9,1.0,7.0
103590,일진전기,전력·인프라,22.11,1.0,7.0
103590,일진전기,전력·인프라,3.78,2.0,7.0
103590,일진전기,전력·인프라,-2.11,5.0,7.0
103590,일진전기,전력·인프라,-7.77,6.0,7.0
103590,일진전기,전력·인프라,-8.04,6.0,7.0
103590,일진전기,전력·인프라,-9.12,6.0,7.0
103590,일진전기,전력·인프라,7.0,2.0,7.0
103590,일진전기,전력·인프라,6.1,3.0,7.0
103590,일진전기,전력·인프라,4.47,4.0,7.0
103590,일진전기,전력·인프라,6.25,3.0,7.0
103590,일진전기,전력·인프라,10.42,1.0,7.0
103590,일진전기,전력·인프라,22.37,1.0,7.0
103590,일진전기,전력·인프라,26.32,1.0,7.0
103590,일진전기,전력·인프라,31.02,1.0,7.0
103590,일진전기,전력·인프라,42.58,1.0,7.0
103590,일진전기,전력·인프라,-3.61,6.0,7.0
103590,일진전기,전력·인프라,0.47,4.0,7.0
103590,일진전기,전력·인프라,2.73,3.0,7.0
103590,일진전기,전력·인프라,5.39,2.0,7.0
103590,일진전기,전력·인프라,-2.61,6.0,7.0
103590,일진전기,전력·인프라,3.52,4.0,7.0
103590,일진전기,전력·인프라,7.68,2.0,7.0
103590,일진전기,전력·인프라,-3.67,5.0,7.0
103590,일진전기,전력·인프라,10.09,2.0,7.0
103590,일진전기,전력·인프라,9.31,2.0,7.0
103590,일진전기,전력·인프라,15.07,1.0,7.0
103590,일진전기,전력·인프라,15.21,2.0,7.0
103590,일진전기,전력·인프라,9.86,3.0,7.0
103590,일진전기,전력·인프라,2.84,4.0,7.0
103590,일진전기,전력·인프라,11.16,1.0,7.0
103590,일진전기,전력·인프라,10.13,1.0,7.0
103590,일진전기,전력·인프라,9.56,1.0,7.0
103590,일진전기,전력·인프라,6.34,2.0,7.0
103590,일진전기,전력·인프라,8.65,2.0,7.0
103590,일진전기,전력·인프라,2.43,2.0,7.0
103590,일진전기,전력·인프라,10.94,1.0,7.0
103590,일진전기,전력·인프라,10.18,1.0,7.0
103590,일진전기,전력·인프라,15.57,1.0,7.0
103590,일진전기,전력·인프라,0.3,5.0,7.0
103590,일진전기,전력·인프라,0.42,4.0,7.0
103590,일진전기,전력·인프라,2.64,4.0,7.0
103590,일진전기,전력·인프라,7.32,3.0,7.0
103590,일진전기,전력·인프라,5.96,4.0,7.0
103590,일진전기,전력·인프라,12.12,3.0,7.0
103590,일진전기,전력·인프라,-0.54,4.0,7.0
103590,일진전기,전력·인프라,2.25,3.0,7.0
103590,일진전기,전력·인프라,9.66,2.0,7.0
103590,일진전기,전력·인프라,15.21,2.0,7.0
103590,일진전기,전력·인프라,10.82,2.0,7.0
103590,일진전기,전력·인프라,1.08,3.0,7.0
103590,일진전기,전력·인프라,1.93,5.0,7.0
103590,일진전기,전력·인프라,4.04,3.0,7.0
103590,일진전기,전력·인프라,3.42,6.0,7.0
103590,일진전기,전력·인프라,11.67,4.0,7.0
103590,일진전기,전력·인프라,16.14,2.0,7.0
103590,일진전기,전력·인프라,21.63,1.0,7.0
103590,일진전기,전력·인프라,15.0,1.0,7.0
103590,일진전기,전력·인프라,17.86,1.0,7.0
103590,일진전기,전력·인프라,14.44,1.0,7.0
103590,일진전기,전력·인프라,16.92,1.0,7.0
103590,일진전기,전력·인프라,4.0,2.0,7.0
103590,일진전기,전력·인프라,11.72,3.0,7.0
103590,일진전기,전력·인프라,7.34,2.0,7.0
103590,일진전기,전력·인프라,11.49,3.0,7.0
103590,일진전기,전력·인프라,16.49,2.0,7.0
103590,일진전기,전력·인프라,18.8,2.0,7.0
103590,일진전기,전력·인프라,12.6,1.0,7.0
103590,일진전기,전력·인프라,17.95,2.0,7.0
103590,일진전기,전력·인프라,16.17,1.0,7.0
103590,일진전기,전력·인프라,19.4,1.0,7.0
103590,일진전기,전력·인프라,23.11,1.0,7.0
103590,일진전기,전력·인프라,3.13,3.0,7.0
103590,일진전기,전력·인프라,-0.67,5.0,7.0
103590,일진전기,전력·인프라,-4.51,3.0,7.0
103590,일진전기,전력·인프라,-0.85,4.0,7.0
103590,일진전기,전력·인프라,-0.16,4.0,7.0
103590,일진전기,전력·인프라,11.27,3.0,7.0
103590,일진전기,전력·인프라,20.99,2.0,7.0
103590,일진전기,전력·인프라,-3.52,6.0,7.0
103590,일진전기,전력·인프라,-0.73,3.0,7.0
103590,일진전기,전력·인프라,0.71,3.0,7.0
103590,일진전기,전력·인프라,0.24,2.0,7.0
103590,일진전기,전력·인프라,5.2,2.0,7.0
103590,일진전기,전력·인프라,1.43,3.0,7.0
103590,일진전기,전력·인프라,11.52,1.0,7.0
103590,일진전기,전력·인프라,16.91,2.0,7.0
103590,일진전기,전력·인프라,22.5,1.0,7.0
103590,일진전기,전력·인프라,25.61,1.0,7.0
454910,두산로보틱스,로봇,21.92,1.0,7.0
454910,두산로보틱스,로봇,22.58,1.0,7.0
454910,두산로보틱스,로봇,31.55,1.0,7.0
454910,두산로보틱스,로봇,20.1,1.0,7.0
454910,두산로보틱스,로봇,-13.09,7.0,7.0
454910,두산로보틱스,로봇,6.45,6.0,7.0
454910,두산로보틱스,로봇,-1.67,6.0,7.0
454910,두산로보틱스,로봇,-1.92,6.0,7.0
454910,두산로보틱스,로봇,0.25,6.0,7.0
454910,두산로보틱스,로봇,-5.67,6.0,7.0
454910,두산로보틱스,로봇,-1.29,5.0,7.0
454910,두산로보틱스,로봇,5.77,2.0,7.0
454910,두산로보틱스,로봇,-5.6,7.0,7.0
454910,두산로보틱스,로봇,-2.48,6.0,7.0
454910,두산로보틱스,로봇,30.16,1.0,7.0
454910,두산로보틱스,로봇,45.4,1.0,7.0
454910,두산로보틱스,로봇,20.02,2.0,7.0
454910,두산로보틱스,로봇,-5.31,6.0,7.0
454910,두산로보틱스,로봇,-9.27,5.0,7.0
454910,두산로보틱스,로봇,7.12,3.0,7.0
454910,두산로보틱스,로봇,8.47,3.0,7.0
454910,두산로보틱스,로봇,3.09,4.0,7.0
454910,두산로보틱스,로봇,5.38,3.0,7.0
454910,두산로보틱스,로봇,5.79,2.0,7.0
454910,두산로보틱스,로봇,30.62,1.0,7.0
454910,두산로보틱스,로봇,21.91,1.0,7.0
454910,두산로보틱스,로봇,36.84,1.0,7.0
454910,두산로보틱스,로봇,22.88,1.0,7.0
454910,두산로보틱스,로봇,-4.9,3.0,7.0
454910,두산로보틱스,로봇,-3.68,4.0,7.0
454910,두산로보틱스,로봇,26.67,1.0,7.0
454910,두산로보틱스,로봇,29.66,1.0,7.0
454910,두산로보틱스,로봇,23.93,1.0,7.0
454910,두산로보틱스,로봇,34.6,1.0,7.0
454910,두산로보틱스,로봇,-16.95,7.0,7.0
454910,두산로보틱스,로봇,-0.22,3.0,7.0
454910,두산로보틱스,로봇,-5.16,4.0,7.0
454910,두산로보틱스,로봇,-3.14,4.0,7.0
454910,두산로보틱스,로봇,3.42,2.0,7.0
454910,두산로보틱스,로봇,-4.42,1.0,7.0
277810,레인보우로보틱스,로봇,2.33,4.0,7.0
277810,레인보우로보틱스,로봇,6.51,3.0,7.0
277810,레인보우로보틱스,로봇,9.33,3.0,7.0
277810,레인보우로보틱스,로봇,2.75,3.0,7.0
277810,레인보우로보틱스,로봇,2.43,5.0,7.0
277810,레인보우로보틱스,로봇,-0.15,5.0,7.0
277810,레인보우로보틱스,로봇,-4.86,6.0,7.0
277810,레인보우로보틱스,로봇,10.9,2.0,7.0
277810,레인보우로보틱스,로봇,23.87,1.0,7.0
277810,레인보우로보틱스,로봇,18.87,1.0,7.0
277810,레인보우로보틱스,로봇,40.18,1.0,7.0
277810,레인보우로보틱스,로봇,71.72,1.0,7.0
277810,레인보우로보틱스,로봇,11.03,1.0,7.0
277810,레인보우로보틱스,로봇,18.88,1.0,7.0
277810,레인보우로보틱스,로봇,1.12,4.0,7.0
277810,레인보우로보틱스,로봇,16.76,1.0,7.0
277810,레인보우로보틱스,로봇,7.95,2.0,7.0
277810,레인보우로보틱스,로봇,17.04,1.0,7.0
277810,레인보우로보틱스,로봇,20.4,1.0,7.0
277810,레인보우로보틱스,로봇,19.32,1.0,7.0
277810,레인보우로보틱스,로봇,8.69,1.0,7.0
277810,레인보우로보틱스,로봇,9.61,1.0,7.0
277810,레인보우로보틱스,로봇,-8.14,7.0,7.0
277810,레인보우로보틱스,로봇,-8.26,7.0,7.0
277810,레인보우로보틱스,로봇,-5.23,6.0,7.0
277810,레인보우로보틱스,로봇,4.74,2.0,7.0
277810,레인보우로보틱스,로봇,12.35,1.0,7.0
277810,레인보우로보틱스,로봇,13.79,1.0,7.0
277810,레인보우로보틱스,로봇,26.8,1.0,7.0
277810,레인보우로보틱스,로봇,48.69,1.0,7.0
277810,레인보우로보틱스,로봇,66.88,1.0,7.0
277810,레인보우로보틱스,로봇,-8.85,7.0,7.0
277810,레인보우로보틱스,로봇,1.15,4.0,7.0
277810,레인보우로보틱스,로봇,1.03,4.0,7.0
277810,레인보우로보틱스,로봇,3.95,4.0,7.0
277810,레인보우로보틱스,로봇,15.26,2.0,7.0
277810,레인보우로보틱스,로봇,20.29,2.0,7.0
277810,레인보우로보틱스,로봇,20.91,1.0,7.0
277810,레인보우로보틱스,로봇,21.57,1.0,7.0
277810,레인보우로보틱스,로봇,16.31,1.0,7.0
277810,레인보우로보틱스,로봇,22.88,1.0,7.0
277810,레인보우로보틱스,로봇,30.89,1.0,7.0
277810,레인보우로보틱스,로봇,2.08,4.0,7.0
277810,레인보우로보틱스,로봇,29.87,1.0,7.0
277810,레인보우로보틱스,로봇,-9.8,6.0,7.0
277810,레인보우로보틱스,로봇,-15.66,7.0,7.0
277810,레인보우로보틱스,로봇,-1.67,6.0,7.0
277810,레인보우로보틱스,로봇,7.09,5.0,7.0
277810,레인보우로보틱스,로봇,4.88,5.0,7.0
277810,레인보우로보틱스,로봇,0.02,5.0,7.0
277810,레인보우로보틱스,로봇,-1.65,5.0,7.0
277810,레인보우로보틱스,로봇,-4.16,6.0,7.0
277810,레인보우로보틱스,로봇,-0.09,7.0,7.0
277810,레인보우로보틱스,로봇,-2.16,5.0,7.0
277810,레인보우로보틱스,로봇,1.82,4.0,7.0
277810,레인보우로보틱스,로봇,-0.05,4.0,7.0
277810,레인보우로보틱스,로봇,17.94,1.0,7.0
277810,레인보우로보틱스,로봇,0.44,5.0,7.0
277810,레인보우로보틱스,로봇,3.09,4.0,7.0
277810,레인보우로보틱스,로봇,30.16,1.0,7.0
277810,레인보우로보틱스,로봇,27.02,1.0,7.0
277810,레인보우로보틱스,로봇,31.15,1.0,7.0
277810,레인보우로보틱스,로봇,10.44,2.0,7.0
277810,레인보우로보틱스,로봇,-9.27,5.0,7.0
277810,레인보우로보틱스,로봇,7.12,3.0,7.0
277810,레인보우로보틱스,로봇,8.47,3.0,7.0
277810,레인보우로보틱스,로봇,-5.4,7.0,7.0
277810,레인보우로보틱스,로봇,5.79,2.0,7.0
277810,레인보우로보틱스,로봇,3.32,2.0,7.0
277810,레인보우로보틱스,로봇,17.43,1.0,7.0
277810,레인보우로보틱스,로봇,21.91,1.0,7.0
277810,레인보우로보틱스,로봇,36.84,1.0,7.0
277810,레인보우로보틱스,로봇,22.88,1.0,7.0
277810,레인보우로보틱스,로봇,31.87,1.0,7.0
277810,레인보우로보틱스,로봇,-3.68,4.0,7.0
277810,레인보우로보틱스,로봇,34.6,1.0,7.0
277810,레인보우로보틱스,로봇,-0.22,3.0,7.0
277810,레인보우로보틱스,로봇,-7.23,4.0,7.0
277810,레인보우로보틱스,로봇,-5.63,3.0,7.0
277810,레인보우로보틱스,로봇,4.73,3.0,7.0
277810,레인보우로보틱스,로봇,0.86,5.0,7.0
090360,로보스타,로봇,-3.62,6.0,7.0
090360,로보스타,로봇,-4.93,5.0,7.0
090360,로보스타,로봇,36.8,1.0,7.0
090360,로보스타,로봇,36.4,1.0,7.0
090360,로보스타,로봇,28.49,1.0,7.0
090360,로보스타,로봇,4.29,5.0,7.0
090360,로보스타,로봇,-3.5,5.0,7.0
090360,로보스타,로봇,-7.28,7.0,7.0
090360,로보스타,로봇,4.68,2.0,7.0
090360,로보스타,로봇,6.22,2.0,7.0
090360,로보스타,로봇,6.39,4.0,7.0
090360,로보스타,로봇,11.14,3.0,7.0
090360,로보스타,로봇,23.52,1.0,7.0
090360,로보스타,로봇,33.28,1.0,7.0
090360,로보스타,로봇,-2.68,7.0,7.0
090360,로보스타,로봇,2.33,4.0,7.0
090360,로보스타,로봇,6.51,3.0,7.0
090360,로보스타,로봇,9.33,3.0,7.0
090360,로보스타,로봇,-4.21,6.0,7.0
090360,로보스타,로봇,1.02,4.0,7.0
090360,로보스타,로봇,2.75,3.0,7.0
090360,로보스타,로봇,1.07,4.0,7.0
090360,로보스타,로봇,-0.84,5.0,7.0
090360,로보스타,로봇,-1.38,5.0,7.0
090360,로보스타,로봇,6.21,3.0,7.0
090360,로보스타,로봇,10.9,2.0,7.0
090360,로보스타,로봇,23.87,1.0,7.0
090360,로보스타,로봇,40.18,1.0,7.0
090360,로보스타,로봇,40.47,1.0,7.0
090360,로보스타,로봇,71.72,1.0,7.0
090360,로보스타,로봇,11.03,1.0,7.0
090360,로보스타,로봇,7.07,4.0,7.0
090360,로보스타,로봇,18.88,1.0,7.0
090360,로보스타,로봇,16.55,1.0,7.0
090360,로보스타,로봇,17.04,1.0,7.0
090360,로보스타,로봇,20.4,1.0,7.0
090360,로보스타,로봇,21.14,1.0,7.0
090360,로보스타,로봇,-11.23,7.0,7.0
090360,로보스타,로봇,-5.23,6.0,7.0
090360,로보스타,로봇,-3.49,5.0,7.0
090360,로보스타,로봇,14.61,1.0,7.0
090360,로보스타,로봇,17.96,1.0,7.0
090360,로보스타,로봇,34.06,1.0,7.0
090360,로보스타,로봇,44.12,1.0,7.0
090360,로보스타,로봇,26.8,1.0,7.0
090360,로보스타,로봇,15.92,2.0,7.0
090360,로보스타,로봇,16.64,2.0,7.0
090360,로보스타,로봇,19.44,2.0,7.0
090360,로보스타,로봇,66.88,1.0,7.0
090360,로보스타,로봇,38.95,1.0,7.0
090360,로보스타,로봇,1.9,3.0,7.0
090360,로보스타,로봇,-4.3,6.0,7.0
090360,로보스타,로봇,-1.55,7.0,7.0
090360,로보스타,로봇,15.26,2.0,7.0
090360,로보스타,로봇,20.29,2.0,7.0
090360,로보스타,로봇,25.84,1.0,7.0
090360,로보스타,로봇,14.5,1.0,7.0
090360,로보스타,로봇,16.31,1.0,7.0
090360,로보스타,로봇,22.88,1.0,7.0
090360,로보스타,로봇,30.89,1.0,7.0
090360,로보스타,로봇,21.48,1.0,7.0
090360,로보스타,로봇,3.48,3.0,7.0
090360,로보스타,로봇,15.05,1.0,7.0
090360,로보스타,로봇,-6.29,7.0,7.0
090360,로보스타,로봇,-1.51,5.0,7.0
090360,로보스타,로봇,9.13,2.0,7.0
090360,로보스타,로봇,11.9,1.0,7.0
090360,로보스타,로봇,3.09,4.0,7.0
090360,로보스타,로봇,30.16,1.0,7.0
090360,로보스타,로봇,32.96,1.0,7.0
090360,로보스타,로봇,49.38,1.0,7.0
090360,로보스타,로봇,56.67,1.0,7.0
090360,로보스타,로봇,-5.31,6.0,7.0
090360,로보스타,로봇,10.44,2.0,7.0
090360,로보스타,로봇,7.98,3.0,7.0
090360,로보스타,로봇,-17.8,7.0,7.0
090360,로보스타,로봇,-9.27,5.0,7.0
090360,로보스타,로봇,7.12,3.0,7.0
090360,로보스타,로봇,5.79,2.0,7.0
090360,로보스타,로봇,13.69,1.0,7.0
090360,로보스타,로봇,7.15,1.0,7.0
090360,로보스타,로봇,13.17,1.0,7.0
090360,로보스타,로봇,19.93,1.0,7.0
090360,로보스타,로봇,21.78,2.0,7.0
090360,로보스타,로봇,28.2,1.0,7.0
090360,로보스타,로봇,36.06,1.0,7.0
090360,로보스타,로봇,34.38,1.0,7.0
090360,로보스타,로봇,20.85,2.0,7.0
090360,로보스타,로봇,8.23,2.0,7.0
090360,로보스타,로봇,22.88,1.0,7.0
090360,로보스타,로봇,8.2,1.0,7.0
090360,로보스타,로봇,26.67,1.0,7.0
090360,로보스타,로봇,-16.95,7.0,7.0
090360,로보스타,로봇,-0.22,3.0,7.0
090360,로보스타,로봇,-3.14,4.0,7.0
090360,로보스타,로봇,0.21,3.0,7.0
090360,로보스타,로봇,-6.19,3.0,7.0
090360,로보스타,로봇,3.42,2.0,7.0
090360,로보스타,로봇,-6.93,2.0,7.0
090360,로보스타,로봇,-26.21,3.0,7.0
090360,로보스타,로봇,-4.42,1.0,7.0
090360,로보스타,로봇,1.95,1.0,7.0
058610,에스피지,로봇,36.8,1.0,7.0
058610,에스피지,로봇,10.17,3.0,7.0
058610,에스피지,로봇,-1.0,5.0,7.0
058610,에스피지,로봇,4.29,5.0,7.0
058610,에스피지,로봇,6.12,3.0,7.0
058610,에스피지,로봇,6.19,2.0,7.0
058610,에스피지,로봇,3.85,1.0,7.0
058610,에스피지,로봇,-6.9,7.0,7.0
058610,에스피지,로봇,4.68,2.0,7.0
058610,에스피지,로봇,10.83,2.0,7.0
058610,에스피지,로봇,15.32,1.0,7.0
058610,에스피지,로봇,22.45,1.0,7.0
058610,에스피지,로봇,25.63,1.0,7.0
058610,에스피지,로봇,23.52,1.0,7.0
058610,에스피지,로봇,10.55,2.0,7.0
058610,에스피지,로봇,8.62,3.0,7.0
058610,에스피지,로봇,8.93,2.0,7.0
058610,에스피지,로봇,-3.73,6.0,7.0
058610,에스피지,로봇,2.3,5.0,7.0
058610,에스피지,로봇,2.07,4.0,7.0
058610,에스피지,로봇,-0.31,5.0,7.0
058610,에스피지,로봇,6.21,3.0,7.0
058610,에스피지,로봇,6.97,3.0,7.0
058610,에스피지,로봇,9.98,2.0,7.0
058610,에스피지,로봇,23.87,1.0,7.0
058610,에스피지,로봇,71.72,1.0,7.0
058610,에스피지,로봇,61.56,1.0,7.0
058610,에스피지,로봇,18.88,1.0,7.0
058610,에스피지,로봇,20.71,1.0,7.0
058610,에스피지,로봇,20.01,1.0,7.0
058610,에스피지,로봇,10.98,1.0,7.0
058610,에스피지,로봇,5.53,2.0,7.0
058610,에스피지,로봇,17.04,1.0,7.0
058610,에스피지,로봇,8.69,1.0,7.0
058610,에스피지,로봇,14.89,1.0,7.0
058610,에스피지,로봇,21.14,1.0,7.0
058610,에스피지,로봇,-8.14,7.0,7.0
058610,에스피지,로봇,4.74,2.0,7.0
058610,에스피지,로봇,13.79,1.0,7.0
058610,에스피지,로봇,17.96,1.0,7.0
058610,에스피지,로봇,26.8,1.0,7.0
058610,에스피지,로봇,19.4,2.0,7.0
058610,에스피지,로봇,24.42,1.0,7.0
058610,에스피지,로봇,25.74,1.0,7.0
058610,에스피지,로봇,27.57,1.0,7.0
058610,에스피지,로봇,48.69,1.0,7.0
058610,에스피지,로봇,7.19,1.0,7.0
058610,에스피지,로봇,-8.85,7.0,7.0
058610,에스피지,로봇,-1.78,6.0,7.0
058610,에스피지,로봇,15.26,2.0,7.0
058610,에스피지,로봇,20.91,1.0,7.0
058610,에스피지,로봇,14.5,1.0,7.0
058610,에스피지,로봇,22.88,1.0,7.0
058610,에스피지,로봇,30.89,1.0,7.0
058610,에스피지,로봇,23.09,1.0,7.0
058610,에스피지,로봇,22.58,1.0,7.0
058610,에스피지,로봇,29.87,1.0,7.0
058610,에스피지,로봇,18.9,1.0,7.0
058610,에스피지,로봇,1.28,6.0,7.0
058610,에스피지,로봇,-8.81,5.0,7.0
058610,에스피지,로봇,-4.08,4.0,7.0
058610,에스피지,로봇,9.13,2.0,7.0
058610,에스피지,로봇,0.44,5.0,7.0
058610,에스피지,로봇,3.09,4.0,7.0
058610,에스피지,로봇,30.16,1.0,7.0
058610,에스피지,로봇,49.38,1.0,7.0
058610,에스피지,로봇,50.46,1.0,7.0
058610,에스피지,로봇,23.85,1.0,7.0
058610,에스피지,로봇,6.51,3.0,7.0
058610,에스피지,로봇,7.97,3.0,7.0
058610,에스피지,로봇,10.03,2.0,7.0
058610,에스피지,로봇,7.12,3.0,7.0
058610,에스피지,로봇,8.47,3.0,7.0
058610,에스피지,로봇,5.79,2.0,7.0
058610,에스피지,로봇,13.69,1.0,7.0
058610,에스피지,로봇,6.64,1.0,7.0
058610,에스피지,로봇,21.78,2.0,7.0
058610,에스피지,로봇,36.06,1.0,7.0
058610,에스피지,로봇,33.01,1.0,7.0
058610,에스피지,로봇,21.91,1.0,7.0
058610,에스피지,로봇,36.84,1.0,7.0
058610,에스피지,로봇,6.72,3.0,7.0
058610,에스피지,로봇,6.59,3.0,7.0
058610,에스피지,로봇,7.55,2.0,7.0
058610,에스피지,로봇,9.54,3.0,7.0
058610,에스피지,로봇,13.37,2.0,7.0
058610,에스피지,로봇,29.68,1.0,7.0
058610,에스피지,로봇,26.67,1.0,7.0
058610,에스피지,로봇,-0.22,3.0,7.0
058610,에스피지,로봇,-7.23,4.0,7.0
058610,에스피지,로봇,-5.63,3.0,7.0
058610,에스피지,로봇,4.73,3.0,7.0
108490,로보티즈,로봇,-10.24,7.0,7.0
108490,로보티즈,로봇,36.8,1.0,7.0
108490,로보티즈,로봇,28.49,1.0,7.0
108490,로보티즈,로봇,-7.41,7.0,7.0
108490,로보티즈,로봇,5.13,4.0,7.0
108490,로보티즈,로봇,-0.89,7.0,7.0
108490,로보티즈,로봇,4.29,5.0,7.0
108490,로보티즈,로봇,1.9,5.0,7.0
108490,로보티즈,로봇,4.68,2.0,7.0
108490,로보티즈,로봇,18.67,1.0,7.0
108490,로보티즈,로봇,23.52,1.0,7.0
108490,로보티즈,로봇,-10.37,7.0,7.0
108490,로보티즈,로봇,2.33,4.0,7.0
108490,로보티즈,로봇,2.75,3.0,7.0
108490,로보티즈,로봇,-0.84,5.0,7.0
108490,로보티즈,로봇,6.21,3.0,7.0
108490,로보티즈,로봇,10.9,2.0,7.0
108490,로보티즈,로봇,23.87,1.0,7.0
108490,로보티즈,로봇,18.87,1.0,7.0
108490,로보티즈,로봇,23.11,1.0,7.0
108490,로보티즈,로봇,26.82,1.0,7.0
108490,로보티즈,로봇,40.18,1.0,7.0
108490,로보티즈,로봇,71.72,1.0,7.0
108490,로보티즈,로봇,-7.53,7.0,7.0
108490,로보티즈,로봇,11.03,1.0,7.0
108490,로보티즈,로봇,7.07,4.0,7.0
108490,로보티즈,로봇,22.02,1.0,7.0
108490,로보티즈,로봇,1.12,4.0,7.0
108490,로보티즈,로봇,13.25,1.0,7.0
108490,로보티즈,로봇,-3.54,5.0,7.0
108490,로보티즈,로봇,17.04,1.0,7.0
108490,로보티즈,로봇,20.4,1.0,7.0
108490,로보티즈,로봇,17.58,1.0,7.0
108490,로보티즈,로봇,19.54,1.0,7.0
108490,로보티즈,로봇,21.14,1.0,7.0
108490,로보티즈,로봇,22.58,1.0,7.0
108490,로보티즈,로봇,-5.23,6.0,7.0
108490,로보티즈,로봇,20.29,1.0,7.0
108490,로보티즈,로봇,34.06,1.0,7.0
108490,로보티즈,로봇,26.8,1.0,7.0
108490,로보티즈,로봇,66.88,1.0,7.0
108490,로보티즈,로봇,-8.85,7.0,7.0
108490,로보티즈,로봇,15.26,2.0,7.0
108490,로보티즈,로봇,25.84,1.0,7.0
108490,로보티즈,로봇,14.5,1.0,7.0
108490,로보티즈,로봇,22.88,1.0,7.0
108490,로보티즈,로봇,-14.64,6.0,7.0
108490,로보티즈,로봇,21.48,1.0,7.0
108490,로보티즈,로봇,3.48,3.0,7.0
108490,로보티즈,로봇,15.05,1.0,7.0
108490,로보티즈,로봇,16.29,1.0,7.0
108490,로보티즈,로봇,-6.29,7.0,7.0
108490,로보티즈,로봇,-3.92,7.0,7.0
108490,로보티즈,로봇,-1.92,6.0,7.0
108490,로보티즈,로봇,9.13,2.0,7.0
108490,로보티즈,로봇,11.9,1.0,7.0
108490,로보티즈,로봇,-2.52,6.0,7.0
108490,로보티즈,로봇,30.16,1.0,7.0
108490,로보티즈,로봇,32.96,1.0,7.0
108490,로보티즈,로봇,49.38,1.0,7.0
108490,로보티즈,로봇,47.26,1.0,7.0
108490,로보티즈,로봇,56.67,1.0,7.0
108490,로보티즈,로봇,-14.3,7.0,7.0
108490,로보티즈,로봇,-7.39,7.0,7.0
108490,로보티즈,로봇,6.4,3.0,7.0
108490,로보티즈,로봇,8.74,3.0,7.0
108490,로보티즈,로봇,10.44,2.0,7.0
108490,로보티즈,로봇,10.03,2.0,7.0
108490,로보티즈,로봇,7.98,3.0,7.0
108490,로보티즈,로봇,-9.27,5.0,7.0
108490,로보티즈,로봇,7.12,3.0,7.0
108490,로보티즈,로봇,8.28,1.0,7.0
108490,로보티즈,로봇,-2.34,6.0,7.0
108490,로보티즈,로봇,-2.82,6.0,7.0
108490,로보티즈,로봇,5.79,2.0,7.0
108490,로보티즈,로봇,9.06,2.0,7.0
108490,로보티즈,로봇,13.69,1.0,7.0
108490,로보티즈,로봇,19.93,1.0,7.0
108490,로보티즈,로봇,30.62,1.0,7.0
108490,로보티즈,로봇,21.78,2.0,7.0
108490,로보티즈,로봇,22.88,1.0,7.0
108490,로보티즈,로봇,34.6,1.0,7.0
108490,로보티즈,로봇,46.68,1.0,7.0
108490,로보티즈,로봇,-5.3,5.0,7.0
108490,로보티즈,로봇,-8.55,5.0,7.0
108490,로보티즈,로봇,-0.22,3.0,7.0
108490,로보티즈,로봇,-7.23,4.0,7.0
108490,로보티즈,로봇,-5.63,3.0,7.0
108490,로보티즈,로봇,-11.14,1.0,7.0
348340,뉴로메카,로봇,14.61,1.0,7.0
348340,뉴로메카,로봇,17.96,1.0,7.0
348340,뉴로메카,로봇,19.3,1.0,7.0
348340,뉴로메카,로봇,21.97,1.0,7.0
348340,뉴로메카,로봇,25.62,1.0,7.0
348340,뉴로메카,로봇,44.12,1.0,7.0
348340,뉴로메카,로봇,1.19,4.0,7.0
348340,뉴로메카,로봇,26.8,1.0,7.0
348340,뉴로메카,로봇,19.4,2.0,7.0
348340,뉴로메카,로봇,48.69,1.0,7.0
348340,뉴로메카,로봇,66.88,1.0,7.0
348340,뉴로메카,로봇,67.64,1.0,7.0
348340,뉴로메카,로봇,68.12,1.0,7.0
348340,뉴로메카,로봇,70.58,1.0,7.0
348340,뉴로메카,로봇,3.95,4.0,7.0
348340,뉴로메카,로봇,15.26,2.0,7.0
348340,뉴로메카,로봇,11.52,1.0,7.0
348340,뉴로메카,로봇,20.91,1.0,7.0
348340,뉴로메카,로봇,14.5,1.0,7.0
348340,뉴로메카,로봇,8.1,2.0,7.0
348340,뉴로메카,로봇,4.22,2.0,7.0
348340,뉴로메카,로봇,15.05,1.0,7.0
348340,뉴로메카,로봇,-5.67,6.0,7.0
348340,뉴로메카,로봇,-1.94,7.0,7.0
348340,뉴로메카,로봇,9.13,2.0,7.0
348340,뉴로메카,로봇,16.23,1.0,7.0
348340,뉴로메카,로봇,18.71,1.0,7.0
348340,뉴로메카,로봇,0.44,5.0,7.0
348340,뉴로메카,로봇,-2.4,6.0,7.0
348340,뉴로메카,로봇,30.16,1.0,7.0
348340,뉴로메카,로봇,23.85,1.0,7.0
348340,뉴로메카,로봇,7.12,3.0,7.0
348340,뉴로메카,로봇,8.47,3.0,7.0
348340,뉴로메카,로봇,5.79,2.0,7.0
348340,뉴로메카,로봇,9.06,2.0,7.0
348340,뉴로메카,로봇,6.89,2.0,7.0
348340,뉴로메카,로봇,13.69,1.0,7.0
348340,뉴로메카,로봇,21.56,1.0,7.0
348340,뉴로메카,로봇,13.95,2.0,7.0
348340,뉴로메카,로봇,21.91,1.0,7.0
348340,뉴로메카,로봇,36.84,1.0,7.0
348340,뉴로메카,로봇,13.37,2.0,7.0
348340,뉴로메카,로봇,27.56,1.0,7.0
348340,뉴로메카,로봇,42.75,1.0,7.0
348340,뉴로메카,로봇,-12.97,6.0,7.0
348340,뉴로메카,로봇,-9.09,5.0,7.0
348340,뉴로메카,로봇,-5.78,5.0,7.0
348340,뉴로메카,로봇,-3.68,4.0,7.0
348340,뉴로메카,로봇,0.68,3.0,7.0
348340,뉴로메카,로봇,23.93,1.0,7.0
348340,뉴로메카,로봇,17.79,1.0,7.0
348340,뉴로메카,로봇,-12.46,7.0,7.0
348340,뉴로메카,로봇,-11.35,7.0,7.0
348340,뉴로메카,로봇,-0.51,3.0,7.0
