종목,종목명,섹터,신호일,진입일,진입가,섹터강도,r1,r2,r3,r5,r7,r10,r15,r20,why1,why2,why3,why5,why7,why10,why15,why20
005930,삼성전자,반도체,2020-06-03,2020-06-04,55800.0,1.86,-2.509,1.0753,0.0,-2.3297,-7.8853,-7.8853,-7.8853,-7.8853,기간만료,기간만료,기간만료,기간만료,손절,손절,손절,손절
005930,삼성전자,반도체,2020-07-28,2020-07-29,60300.0,13.25,-0.995,-1.3267,-4.1459,-5.141,-5.141,-5.141,-5.141,-5.141,기간만료,기간만료,기간만료,손절,손절,손절,손절,손절
005930,삼성전자,반도체,2021-01-08,2021-01-11,90000.0,2.52,0.3333,-0.2222,-1.4444,-3.7778,-6.1111,-6.1111,-6.1111,-6.1111,기간만료,기간만료,기간만료,기간만료,손절,손절,손절,손절
005930,삼성전자,반도체,2021-01-11,2021-01-12,90300.0,3.78,-0.5537,-1.7719,-0.5537,-6.423,-6.423,-6.423,-6.423,-6.423,기간만료,기간만료,기간만료,손절,손절,손절,손절,손절
005930,삼성전자,반도체,2021-11-22,2021-11-23,76000.0,22.56,0.0,-1.1842,-3.2895,-3.6842,-5.2632,-5.2632,-5.2632,-5.2632,기간만료,기간만료,기간만료,기간만료,손절,손절,손절,손절
005930,삼성전자,반도체,2023-04-07,2023-04-10,64800.0,23.45,2.1605,1.5432,1.2346,0.3086,1.0802,0.7716,-1.8519,-1.8519,기간만료,기간만료,기간만료,기간만료,기간만료,기간만료,20일선이탈,20일선이탈
005930,삼성전자,반도체,2023-05-30,2023-05-31,72400.0,7.86,-2.0718,-0.9669,0.4144,-2.7624,-0.4144,-0.4144,-3.0387,-3.0387,기간만료,기간만료,기간만료,기간만료,기간만료,기간만료,기간만료,20일선이탈
005930,삼성전자,반도체,2023-09-01,2023-09-04,72900.0,3.57,-2.7435,-3.0178,-3.9781,-3.4294,-2.4691,-2.1948,-6.31,-6.31,기간만료,기간만료,기간만료,기간만료,기간만료,기간만료,손절,손절
005930,삼성전자,반도체,2024-03-20,2024-03-21,79200.0,8.13,0.5051,0.5051,0.6313,0.2525,5.0505,7.5758,6.9444,1.8939,기간만료,기간만료,기간만료,기간만료,기간만료,기간만료,기간만료,20일선이탈
005930,삼성전자,반도체,2024-03-21,2024-03-22,79600.0,8.81,0.0,0.1256,-0.5025,2.0101,4.1457,6.1558,4.1457,1.3819,기간만료,기간만료,기간만료,기간만료,기간만료,기간만료,기간만료,20일선이탈
005930,삼성전자,반도체,2024-07-04,2024-07-05,85600.0,0.88,2.6869,2.5701,2.3364,0.3505,1.5187,0.0,-1.4019,-1.4019,기간만료,기간만료,기간만료,기간만료,기간만료,기간만료,20일선이탈,20일선이탈
005930,삼성전자,반도체,2024-07-05,2024-07-08,87900.0,-0.61,-0.1138,-0.3413,0.6826,-3.6405,-0.9101,-3.9818,-3.9818,-3.9818,기간만료,기간만료,기간만료,기간만료,기간만료,기간만료,20일선이탈,20일선이탈
005930,삼성전자,반도체,2025-09-12,2025-09-15,77200.0,-0.69,-0.3886,2.4611,2.4611,11.1399,9.3264,9.5855,23.4456,27.5907,기간만료,기간만료,기간만료,기간만료,기간만료,기간만료,기간만료,기간만료
005930,삼성전자,반도체,2025-10-02,2025-10-10,94000.0,17.93,-2.8723,1.383,-1.8085,3.4043,4.7872,4.1489,11.7021,2.5532,기간만료,기간만료,기간만료,기간만료,기간만료,기간만료,기간만료,기간만료
005930,삼성전자,반도체,2025-10-31,2025-11-03,106900.0,1.73,4.5837,-5.5192,-2.9935,-2.9935,-2.9935,-2.9935,-2.9935,-2.9935,기간만료,기간만료,손절,손절,손절,손절,손절,손절
005930,삼성전자,반도체,2026-01-05,2026-01-06,135300.0,7.8,6.0606,2.2173,0.5174,3.3259,2.7347,9.7561,11.2343,16.7036,기간만료,기간만료,기간만료,기간만료,기간만료,기간만료,기간만료,기간만료
005930,삼성전자,반도체,2026-05-06,2026-05-07,272000.0,13.4,-4.4118,4.5956,6.6176,3.6765,-0.9191,6.9853,13.7868,7.7206,기간만료,기간만료,기간만료,기간만료,기간만료,기간만료,기간만료,기간만료
000660,SK하이닉스,반도체,2020-05-28,2020-05-29,82600.0,5.16,-0.6053,-0.6053,-0.6053,-0.6053,-0.6053,-0.6053,-0.6053,-0.6053,기간만료,20일선이탈,20일선이탈,20일선이탈,20일선이탈,20일선이탈,20일선이탈,20일선이탈
000660,SK하이닉스,반도체,2020-06-03,2020-06-04,90000.0,1.86,-1.6667,3.3333,1.1111,-0.7778,-6.5556,-6.5556,-6.5556,-6.5556,기간만료,기간만료,기간만료,기간만료,손절,손절,손절,손절
000660,SK하이닉스,반도체,2020-07-30,2020-07-31,85700.0,13.91,-3.8506,-3.8506,-3.8506,-3.8506,-3.8506,-3.8506,-3.8506,-3.8506,기간만료,20일선이탈,20일선이탈,20일선이탈,20일선이탈,20일선이탈,20일선이탈,20일선이탈
000660,SK하이닉스,반도체,2020-11-16,2020-11-17,97400.0,1.77,2.4641,-1.232,1.6427,3.6961,-0.616,1.232,21.1499,21.6632,기간만료,기간만료,기간만료,기간만료,기간만료,기간만료,기간만료,기간만료
000660,SK하이닉스,반도체,2021-11-22,2021-11-23,119500.0,22.56,0.8368,0.8368,-2.5105,-1.2552,-3.3473,-0.4184,0.8368,3.7657,기간만료,기간만료,기간만료,기간만료,기간만료,기간만료,기간만료,기간만료
000660,SK하이닉스,반도체,2022-03-18,2022-03-21,124000.0,1.34,-2.4194,0.0,-2.4194,-1.6129,-1.6129,-1.6129,-1.6129,-1.6129,기간만료,기간만료,기간만료,20일선이탈,20일선이탈,20일선이탈,20일선이탈,20일선이탈
000660,SK하이닉스,반도체,2022-10-05,2022-10-06,90900.0,-0.52,-1.4301,-1.3201,0.11,5.6106,5.5006,-1.2101,-4.1804,-4.1804,기간만료,기간만료,기간만료,기간만료,기간만료,기간만료,기간만료,20일선이탈
000660,SK하이닉스,반도체,2023-01-04,2023-01-05,83300.0,1.89,-2.2809,1.9208,2.6411,5.7623,3.2413,0.8403,9.6038,9.7239,기간만료,기간만료,기간만료,기간만료,기간만료,기간만료,기간만료,기간만료
000660,SK하이닉스,반도체,2023-04-07,2023-04-10,88700.0,23.45,2.2548,3.6077,0.9019,0.3382,-0.7892,-0.7892,-0.7892,-0.7892,기간만료,기간만료,기간만료,기간만료,기간만료,20일선이탈,20일선이탈,20일선이탈
000660,SK하이닉스,반도체,2023-05-25,2023-05-26,107500.0,7.06,5.3023,2.3256,-1.3953,2.4186,-0.4651,8.8372,6.0465,6.0465,기간만료,기간만료,기간만료,기간만료,기간만료,기간만료,기간만료,기간만료
000660,SK하이닉스,반도체,2023-05-26,2023-05-30,113200.0,7.17,-2.8269,-6.3604,-1.9435,-3.9753,-2.5618,4.947,2.6502,0.8834,기간만료,기간만료,기간만료,기간만료,기간만료,기간만료,기간만료,기간만료
000660,SK하이닉스,반도체,2023-07-27,2023-07-28,126200.0,16.3,1.4263,-1.7433,-2.2979,-5.7052,-5.7052,-5.7052,-5.7052,-5.7052,기간만료,기간만료,기간만료,손절,손절,손절,손절,손절
000660,SK하이닉스,반도체,2023-07-28,2023-07-31,128000.0,21.55,-3.125,-3.6719,-7.0312,-7.0312,-7.0312,-7.0312,-7.0312,-7.0312,기간만료,기간만료,손절,손절,손절,손절,손절,손절
000660,SK하이닉스,반도체,2023-12-14,2023-12-15,137000.0,2.68,1.4599,2.1898,2.1168,4.1606,2.7737,2.1898,1.4599,1.4599,기간만료,기간만료,기간만료,기간만료,기간만료,기간만료,20일선이탈,20일선이탈
000660,SK하이닉스,반도체,2024-03-21,2024-03-22,169000.0,8.81,0.8876,1.7751,4.5562,6.0355,11.2426,9.3491,9.7041,4.142,기간만료,기간만료,기간만료,기간만료,기간만료,기간만료,기간만료,20일선이탈
000660,SK하이닉스,반도체,2025-01-06,2025-01-07,205000.0,17.86,-5.8049,-1.9512,-1.9512,-1.9512,-1.9512,-1.9512,-1.9512,-1.9512,기간만료,손절,손절,손절,손절,손절,손절,손절
042700,한미반도체,반도체,2020-05-20,2020-05-21,4835.0,10.24,-0.7239,-3.2058,4.9638,-2.1717,-7.3423,-7.3423,-7.3423,-7.3423,기간만료,기간만료,기간만료,기간만료,손절,손절,손절,손절
042700,한미반도체,반도체,2020-05-25,2020-05-26,5075.0,11.92,-3.6453,-6.798,-6.798,-6.798,-6.798,-6.798,-6.798,-6.798,기간만료,손절,손절,손절,손절,손절,손절,손절
042700,한미반도체,반도체,2020-07-08,2020-07-09,4250.0,4.97,0.0,3.2941,4.3529,8.9412,15.8824,42.3529,47.0588,41.1765,기간만료,기간만료,기간만료,기간만료,기간만료,기간만료,기간만료,기간만료
042700,한미반도체,반도체,2020-07-17,2020-07-20,4925.0,10.35,-1.8274,12.1827,22.8426,21.8274,25.3807,21.8274,18.7817,15.2284,기간만료,기간만료,기간만료,기간만료,기간만료,기간만료,기간만료,20일선이탈
042700,한미반도체,반도체,2020-07-21,2020-07-22,5525.0,11.16,9.5023,4.0724,8.5973,11.7647,11.3122,10.4072,12.6697,2.7149,기간만료,기간만료,기간만료,기간만료,기간만료,기간만료,기간만료,20일선이탈
042700,한미반도체,반도체,2020-07-22,2020-07-23,6050.0,10.3,-4.9587,-0.8264,0.8264,3.3058,-0.8264,-0.8264,-2.4793,-6.1983,기간만료,기간만료,기간만료,기간만료,기간만료,기간만료,기간만료,손절
042700,한미반도체,반도체,2020-07-23,2020-07-24,5750.0,11.67,4.3478,6.087,7.3913,6.9565,7.3913,3.4783,-1.3043,-1.3043,기간만료,기간만료,기간만료,기간만료,기간만료,기간만료,기간만료,20일선이탈
042700,한미반도체,반도체,2020-09-08,2020-09-09,5500.0,-3.13,7.2727,4.5455,2.2727,0.4545,-5.4545,-5.4545,-5.4545,-5.4545,기간만료,기간만료,기간만료,기간만료,기간만료,20일선이탈,20일선이탈,20일선이탈
042700,한미반도체,반도체,2020-10-13,2020-10-14,5625.0,-0.98,0.0,-2.2222,4.8889,-0.8889,-3.5556,-9.3333,-9.3333,-9.3333,기간만료,기간만료,기간만료,기간만료,기간만료,손절,손절,손절
042700,한미반도체,반도체,2020-10-16,2020-10-19,5900.0,-2.08,-4.661,-5.5085,-5.5085,-5.5085,-5.5085,-5.5085,-5.5085,-5.5085,기간만료,손절,손절,손절,손절,손절,손절,손절
042700,한미반도체,반도체,2020-11-16,2020-11-17,6250.0,1.77,0.8,-2.8,2.4,2.8,-1.2,-1.6,2.0,10.0,기간만료,기간만료,기간만료,기간만료,기간만료,기간만료,기간만료,기간만료
042700,한미반도체,반도체,2020-12-08,2020-12-09,6750.0,5.93,-0.3704,2.2222,4.0741,5.1852,24.4444,28.1481,35.9259,30.3704,기간만료,기간만료,기간만료,기간만료,기간만료,기간만료,기간만료,기간만료
042700,한미반도체,반도체,2020-12-16,2020-12-17,7925.0,4.3,5.9937,3.7855,7.2555,5.3628,5.3628,15.142,10.7256,26.8139,기간만료,기간만료,기간만료,기간만료,기간만료,기간만료,기간만료,기간만료
042700,한미반도체,반도체,2020-12-17,2020-12-18,8400.0,5.04,-2.0833,1.1905,2.9762,0.0,6.5476,7.1429,5.3571,22.3214,기간만료,기간만료,기간만료,기간만료,기간만료,기간만료,기간만료,기간만료
042700,한미반도체,반도체,2021-01-15,2021-01-18,9625.0,10.96,4.4156,6.7532,8.3117,8.3117,9.8701,-1.2987,-1.2987,-1.2987,기간만료,기간만료,기간만료,기간만료,기간만료,기간만료,20일선이탈,20일선이탈
042700,한미반도체,반도체,2021-01-18,2021-01-19,10050.0,12.07,2.2388,3.7313,4.9751,5.2239,-3.7313,-5.4726,-5.4726,-5.4726,기간만료,기간만료,기간만료,기간만료,기간만료,손절,손절,손절
042700,한미반도체,반도체,2021-02-19,2021-02-22,12175.0,1.38,-4.1068,-7.8029,-7.8029,-7.8029,-7.8029,-7.8029,-7.8029,-7.8029,기간만료,손절,손절,손절,손절,손절,손절,손절
042700,한미반도체,반도체,2021-04-01,2021-04-02,13250.0,7.17,3.3962,14.5283,16.7925,21.8868,24.5283,17.9245,28.4906,30.1887,기간만료,기간만료,기간만료,기간만료,기간만료,기간만료,기간만료,기간만료
042700,한미반도체,반도체,2021-04-05,2021-04-06,15175.0,12.79,1.9769,0.8237,6.425,8.7315,4.7776,7.4135,25.2059,10.8731,기간만료,기간만료,기간만료,기간만료,기간만료,기간만료,기간만료,기간만료
042700,한미반도체,반도체,2021-04-06,2021-04-07,15475.0,13.74,-1.1309,4.3619,5.1696,3.231,0.9693,6.3005,23.4249,7.2698,기간만료,기간만료,기간만료,기간만료,기간만료,기간만료,기간만료,기간만료
042700,한미반도체,반도체,2021-06-03,2021-06-04,17300.0,0.0,0.0,-0.289,-2.6012,-5.6358,-5.6358,-5.6358,-5.6358,-5.6358,기간만료,기간만료,기간만료,20일선이탈,20일선이탈,20일선이탈,20일선이탈,20일선이탈
042700,한미반도체,반도체,2021-07-02,2021-07-05,17975.0,0.79,-2.3644,-2.3644,-2.0862,-6.5369,-6.5369,-6.5369,-6.5369,-6.5369,기간만료,기간만료,기간만료,손절,손절,손절,손절,손절
042700,한미반도체,반도체,2021-07-19,2021-07-20,18250.0,3.75,3.8356,3.9726,8.6301,5.3425,5.6164,3.1507,2.8767,-0.137,기간만료,기간만료,기간만료,기간만료,기간만료,기간만료,기간만료,20일선이탈
042700,한미반도체,반도체,2021-07-20,2021-07-21,18950.0,4.07,0.1319,4.6174,6.3325,-0.9235,-3.6939,0.6596,-3.8259,-3.8259,기간만료,기간만료,기간만료,기간만료,기간만료,기간만료,기간만료,20일선이탈
042700,한미반도체,반도체,2021-07-22,2021-07-23,19825.0,4.43,1.6393,-3.0265,-5.2963,-7.9445,-7.9445,-7.9445,-7.9445,-7.9445,기간만료,기간만료,기간만료,손절,손절,손절,손절,손절
042700,한미반도체,반도체,2021-10-15,2021-10-18,15600.0,-5.63,-0.1603,-0.8013,-0.8013,-0.8013,-0.8013,-0.8013,-0.8013,-0.8013,기간만료,기간만료,20일선이탈,20일선이탈,20일선이탈,20일선이탈,20일선이탈,20일선이탈
042700,한미반도체,반도체,2021-11-15,2021-11-16,17300.0,8.77,2.0231,0.289,2.8902,10.2601,3.3237,-0.7225,-0.7225,-0.7225,기간만료,기간만료,기간만료,기간만료,기간만료,기간만료,20일선이탈,20일선이탈
042700,한미반도체,반도체,2021-11-22,2021-11-23,19075.0,22.56,-1.9659,-6.291,-6.291,-6.291,-6.291,-6.291,-6.291,-6.291,기간만료,손절,손절,손절,손절,손절,손절,손절
042700,한미반도체,반도체,2021-12-02,2021-12-03,18475.0,18.86,-1.0825,2.571,5.2774,-2.571,-0.406,-3.1123,-4.4655,-4.4655,기간만료,기간만료,기간만료,기간만료,기간만료,기간만료,20일선이탈,20일선이탈
042700,한미반도체,반도체,2022-01-14,2022-01-17,18775.0,7.74,-0.7989,-3.8615,-3.8615,-3.8615,-3.8615,-3.8615,-3.8615,-3.8615,기간만료,기간만료,손절,손절,손절,손절,손절,손절
042700,한미반도체,반도체,2022-03-25,2022-03-28,17250.0,2.62,0.4348,2.7536,-0.2899,1.4493,1.1594,-2.3188,-6.6667,-6.6667,기간만료,기간만료,기간만료,기간만료,기간만료,기간만료,20일선이탈,20일선이탈
042700,한미반도체,반도체,2022-04-14,2022-04-15,17200.0,3.35,-1.4535,-1.4535,-1.4535,-1.4535,-1.4535,-1.4535,-1.4535,-1.4535,기간만료,20일선이탈,20일선이탈,20일선이탈,20일선이탈,20일선이탈,20일선이탈,20일선이탈
042700,한미반도체,반도체,2022-07-11,2022-07-12,13600.0,-4.61,-1.8382,1.1029,4.7794,0.0,0.7353,2.9412,-1.8382,-1.8382,기간만료,기간만료,기간만료,기간만료,기간만료,기간만료,기간만료,20일선이탈
042700,한미반도체,반도체,2022-07-22,2022-07-25,14250.0,3.3,-1.7544,-2.807,0.0,-4.5614,-4.5614,-4.5614,-4.5614,-4.5614,기간만료,기간만료,기간만료,손절,손절,손절,손절,손절
042700,한미반도체,반도체,2022-09-19,2022-09-20,13200.0,-0.85,-1.8939,-5.6818,-3.4091,-9.8485,-9.8485,-9.8485,-9.8485,-9.8485,기간만료,기간만료,기간만료,손절,손절,손절,손절,손절
042700,한미반도체,반도체,2022-11-14,2022-11-15,12850.0,-4.15,4.6693,0.3891,2.7237,0.7782,1.5564,2.3346,0.7782,-3.5019,기간만료,기간만료,기간만료,기간만료,기간만료,기간만료,기간만료,20일선이탈
042700,한미반도체,반도체,2022-11-29,2022-11-30,13600.0,2.34,1.4706,-1.8382,-3.3088,-8.8235,-8.8235,-8.8235,-8.8235,-8.8235,기간만료,기간만료,기간만료,손절,손절,손절,손절,손절
042700,한미반도체,반도체,2023-01-04,2023-01-05,12650.0,1.89,-3.1621,-3.1621,-3.1621,-3.1621,-3.1621,-3.1621,-3.1621,-3.1621,기간만료,20일선이탈,20일선이탈,20일선이탈,20일선이탈,20일선이탈,20일선이탈,20일선이탈
042700,한미반도체,반도체,2023-01-10,2023-01-11,13250.0,3.1,-0.7547,-0.7547,-0.3774,0.3774,0.0,4.8302,9.5094,17.2075,기간만료,기간만료,기간만료,기간만료,기간만료,기간만료,기간만료,기간만료
042700,한미반도체,반도체,2023-03-07,2023-03-08,15990.0,0.22,2.5641,-3.3146,-6.4415,-6.4415,-6.4415,-6.4415,-6.4415,-6.4415,기간만료,기간만료,손절,손절,손절,손절,손절,손절
042700,한미반도체,반도체,2023-03-17,2023-03-20,16080.0,0.66,-0.1866,-0.6841,-0.1866,26.8657,35.5721,31.8408,27.7985,23.01,기간만료,기간만료,기간만료,기간만료,기간만료,기간만료,기간만료,기간만료
042700,한미반도체,반도체,2023-03-24,2023-03-27,20400.0,15.65,0.2451,6.8627,5.3922,3.9216,-7.2059,-7.2059,-7.2059,-7.2059,기간만료,기간만료,기간만료,기간만료,손절,손절,손절,손절
042700,한미반도체,반도체,2023-03-27,2023-03-28,20450.0,17.95,6.6015,5.1345,13.4474,-0.978,-7.4328,-7.4328,-7.4328,-7.4328,기간만료,기간만료,기간만료,기간만료,손절,손절,손절,손절
042700,한미반도체,반도체,2023-03-28,2023-03-29,21800.0,19.56,-1.3761,6.422,-2.7523,-2.7523,-2.7523,-2.7523,-2.7523,-2.7523,기간만료,기간만료,손절,손절,손절,손절,손절,손절
042700,한미반도체,반도체,2023-05-19,2023-05-22,25950.0,8.16,1.5414,0.3854,10.4046,9.0559,0.3854,-3.0829,3.4682,17.9191,기간만료,기간만료,기간만료,기간만료,기간만료,기간만료,기간만료,기간만료
042700,한미반도체,반도체,2023-05-25,2023-05-26,28150.0,7.06,0.5329,-3.3748,-7.46,-7.46,-7.46,-7.46,-7.46,-7.46,기간만료,기간만료,손절,손절,손절,손절,손절,손절
042700,한미반도체,반도체,2023-06-15,2023-06-16,28700.0,18.71,3.1359,1.0453,6.6202,2.2648,5.0523,5.4007,1.9164,1.9164,기간만료,기간만료,기간만료,기간만료,기간만료,기간만료,기간만료,20일선이탈
042700,한미반도체,반도체,2023-07-13,2023-07-14,43250.0,7.35,4.0462,12.7168,12.6012,1.0405,8.5549,7.2832,13.2948,4.2775,기간만료,기간만료,기간만료,기간만료,기간만료,기간만료,기간만료,20일선이탈
042700,한미반도체,반도체,2023-07-14,2023-07-17,45000.0,12.35,8.3333,8.2222,-2.6667,-3.8889,5.7778,6.4444,3.5556,0.2222,기간만료,기간만료,기간만료,기간만료,기간만료,기간만료,기간만료,20일선이탈
042700,한미반도체,반도체,2023-08-18,2023-08-21,58800.0,8.15,5.7823,-6.8027,-6.8027,-6.8027,-6.8027,-6.8027,-6.8027,-6.8027,기간만료,손절,손절,손절,손절,손절,손절,손절
042700,한미반도체,반도체,2023-10-13,2023-10-16,56400.0,6.7,4.4326,1.2411,1.5957,3.5461,4.6099,0.1773,-6.0284,-6.0284,기간만료,기간만료,기간만료,기간만료,기간만료,기간만료,손절,손절
042700,한미반도체,반도체,2023-11-07,2023-11-08,63100.0,11.14,-3.1696,-2.6941,-3.1696,-7.607,-7.607,-7.607,-7.607,-7.607,기간만료,기간만료,기간만료,손절,손절,손절,손절,손절
042700,한미반도체,반도체,2023-12-27,2023-12-28,61700.0,-0.61,0.0,-3.5656,-3.8898,-4.5381,-4.5381,-4.5381,-4.5381,-4.5381,기간만료,기간만료,기간만료,20일선이탈,20일선이탈,20일선이탈,20일선이탈,20일선이탈
042700,한미반도체,반도체,2024-02-08,2024-02-13,82200.0,1.69,-3.4063,-2.5547,-8.1509,-8.1509,-8.1509,-8.1509,-8.1509,-8.1509,기간만료,기간만료,손절,손절,손절,손절,손절,손절
042700,한미반도체,반도체,2024-02-13,2024-02-14,79400.0,6.75,0.8816,-4.9118,-4.9118,-4.9118,-4.9118,-4.9118,-4.9118,-4.9118,기간만료,손절,손절,손절,손절,손절,손절,손절
042700,한미반도체,반도체,2024-02-26,2024-02-27,76700.0,-3.91,7.0404,14.3416,14.6023,22.9465,33.7679,32.9857,22.8162,43.807,기간만료,기간만료,기간만료,기간만료,기간만료,기간만료,기간만료,기간만료
042700,한미반도체,반도체,2024-03-04,2024-03-05,96000.0,10.66,-1.7708,5.625,6.875,1.7708,3.125,0.5208,3.125,51.0417,기간만료,기간만료,기간만료,기간만료,기간만료,기간만료,기간만료,기간만료
042700,한미반도체,반도체,2024-03-26,2024-03-27,110300.0,7.7,4.6238,21.8495,21.5775,28.1052,19.1296,22.3028,22.8468,19.6736,기간만료,기간만료,기간만료,기간만료,기간만료,기간만료,기간만료,20일선이탈
042700,한미반도체,반도체,2024-03-28,2024-03-29,134400.0,8.12,-0.2232,7.8869,5.1339,-2.2321,-1.7857,7.8125,-1.7113,-1.7857,기간만료,기간만료,기간만료,기간만료,기간만료,기간만료,기간만료,손절
042700,한미반도체,반도체,2024-05-27,2024-05-28,157100.0,0.62,5.9198,6.2381,4.1375,-6.3017,-6.3017,-6.3017,-6.3017,-6.3017,기간만료,기간만료,기간만료,손절,손절,손절,손절,손절
042700,한미반도체,반도체,2024-05-28,2024-05-29,166400.0,2.75,0.3005,-1.6827,-4.988,-11.5385,-11.5385,-11.5385,-11.5385,-11.5385,기간만료,기간만료,기간만료,손절,손절,손절,손절,손절
042700,한미반도체,반도체,2024-09-26,2024-09-27,114200.0,-0.57,-2.8021,-7.7058,-7.7058,-7.7058,-7.7058,-7.7058,-7.7058,-7.7058,기간만료,손절,손절,손절,손절,손절,손절,손절
042700,한미반도체,반도체,2024-10-17,2024-10-18,113600.0,14.17,-7.6585,-7.6585,-7.6585,-7.6585,-7.6585,-7.6585,-7.6585,-7.6585,손절,손절,손절,손절,손절,손절,손절,손절
042700,한미반도체,반도체,2024-12-11,2024-12-12,82700.0,-2.9,1.0883,2.2975,2.1765,-0.6046,-2.5393,-0.8464,24.5466,30.8343,기간만료,기간만료,기간만료,기간만료,기간만료,기간만료,기간만료,기간만료
042700,한미반도체,반도체,2024-12-12,2024-12-13,83600.0,0.47,1.1962,1.0766,3.4689,1.7943,5.8612,-0.7177,18.0622,27.7512,기간만료,기간만료,기간만료,기간만료,기간만료,기간만료,기간만료,기간만료
042700,한미반도체,반도체,2025-01-08,2025-01-09,115500.0,15.36,0.0,-2.9437,-6.3203,-6.3203,-6.3203,-6.3203,-6.3203,-6.3203,기간만료,기간만료,손절,손절,손절,손절,손절,손절
042700,한미반도체,반도체,2025-01-22,2025-01-23,124800.0,15.39,-1.2821,-13.4615,-13.3013,-13.3013,-13.3013,-13.3013,-13.3013,-13.3013,기간만료,기간만료,손절,손절,손절,손절,손절,손절
042700,한미반도체,반도체,2025-04-18,2025-04-21,76100.0,-11.14,-4.0736,2.4967,16.4258,7.3587,0.657,3.6794,11.6951,8.41,기간만료,기간만료,기간만료,기간만료,기간만료,기간만료,기간만료,기간만료
042700,한미반도체,반도체,2025-04-23,2025-04-24,88600.0,-7.35,-2.3702,-2.3702,-2.3702,-2.3702,-2.3702,-2.3702,-2.3702,-2.3702,손절,손절,손절,손절,손절,손절,손절,손절
042700,한미반도체,반도체,2025-05-16,2025-05-19,88700.0,1.8,-1.0147,-2.9312,-6.9899,-6.9899,-6.9899,-6.9899,-6.9899,-6.9899,기간만료,기간만료,손절,손절,손절,손절,손절,손절
042700,한미반도체,반도체,2025-06-19,2025-06-20,93800.0,1.02,-3.5181,-1.5991,4.5842,12.0469,7.4627,1.8124,3.0917,-4.371,기간만료,기간만료,기간만료,기간만료,기간만료,기간만료,기간만료,20일선이탈
042700,한미반도체,반도체,2025-06-26,2025-06-27,105100.0,6.55,-2.7593,-4.0913,-9.1342,-9.1342,-9.1342,-9.1342,-9.1342,-9.1342,기간만료,기간만료,손절,손절,손절,손절,손절,손절
042700,한미반도체,반도체,2025-07-31,2025-08-01,89700.0,-3.06,-2.1182,-2.1182,-2.1182,-2.1182,-2.1182,-2.1182,-2.1182,-2.1182,기간만료,20일선이탈,20일선이탈,20일선이탈,20일선이탈,20일선이탈,20일선이탈,20일선이탈
042700,한미반도체,반도체,2025-09-10,2025-09-11,89000.0,1.22,1.6854,4.0449,3.3708,2.9213,7.5281,4.382,20.1124,62.9213,기간만료,기간만료,기간만료,기간만료,기간만료,기간만료,기간만료,기간만료
042700,한미반도체,반도체,2025-09-11,2025-09-12,90500.0,-1.11,2.3204,1.6575,1.989,2.8729,5.4144,-0.1105,27.6243,62.0994,기간만료,기간만료,기간만료,기간만료,기간만료,기간만료,기간만료,기간만료
042700,한미반도체,반도체,2025-09-30,2025-10-01,97500.0,14.17,0.9231,9.641,18.4615,32.3077,48.7179,52.5128,49.4359,36.1026,기간만료,기간만료,기간만료,기간만료,기간만료,기간만료,기간만료,기간만료
042700,한미반도체,반도체,2025-10-02,2025-10-10,106900.0,17.93,8.0449,25.4443,20.6735,35.6408,43.218,44.9953,31.1506,28.0636,기간만료,기간만료,기간만료,기간만료,기간만료,기간만료,기간만료,20일선이탈
042700,한미반도체,반도체,2025-10-10,2025-10-13,115500.0,22.83,16.1039,11.6883,22.5108,27.013,28.7446,31.5152,22.8571,18.5281,기간만료,기간만료,기간만료,기간만료,기간만료,기간만료,기간만료,20일선이탈
042700,한미반도체,반도체,2025-10-13,2025-10-14,134100.0,24.77,-3.8031,5.5183,8.1283,14.1685,9.918,10.7383,9.3214,2.088,기간만료,기간만료,기간만료,기간만료,기간만료,기간만료,기간만료,20일선이탈
042700,한미반도체,반도체,2025-12-22,2025-12-23,128100.0,2.02,-0.2342,-1.7174,6.3232,-0.3903,31.9282,41.9984,44.9649,32.5527,기간만료,기간만료,기간만료,기간만료,기간만료,기간만료,기간만료,기간만료
042700,한미반도체,반도체,2025-12-26,2025-12-29,136200.0,2.68,-4.2584,-6.3142,-6.3142,-6.3142,-6.3142,-6.3142,-6.3142,-6.3142,기간만료,손절,손절,손절,손절,손절,손절,손절
042700,한미반도체,반도체,2026-01-02,2026-01-05,154900.0,5.77,9.1026,25.4358,17.9471,14.3964,14.7837,13.9445,10.5229,32.3434,기간만료,기간만료,기간만료,기간만료,기간만료,기간만료,기간만료,기간만료
042700,한미반도체,반도체,2026-01-05,2026-01-06,169000.0,7.8,14.9704,8.1065,7.6331,1.5385,2.6627,4.3787,0.4734,16.8639,기간만료,기간만료,기간만료,기간만료,기간만료,기간만료,기간만료,기간만료
042700,한미반도체,반도체,2026-01-06,2026-01-07,194300.0,12.81,-5.9701,-6.3819,-8.8008,-8.8008,-8.8008,-8.8008,-8.8008,-8.8008,기간만료,기간만료,손절,손절,손절,손절,손절,손절
042700,한미반도체,반도체,2026-01-29,2026-01-30,199900.0,21.19,2.5513,-1.2006,-1.2006,-1.2006,-1.2006,-1.2006,-1.2006,-1.2006,기간만료,손절,손절,손절,손절,손절,손절,손절
042700,한미반도체,반도체,2026-02-12,2026-02-13,205500.0,18.41,0.7299,-2.4331,-1.9465,2.4331,28.2238,46.9586,48.4185,46.472,기간만료,기간만료,기간만료,기간만료,기간만료,기간만료,기간만료,기간만료
042700,한미반도체,반도체,2026-02-26,2026-02-27,263500.0,14.26,19.1651,-0.759,14.611,15.1803,23.9089,15.5598,14.4213,2.0873,기간만료,기간만료,기간만료,기간만료,기간만료,기간만료,기간만료,20일선이탈
042700,한미반도체,반도체,2026-02-27,2026-03-03,314000.0,12.88,-16.7197,-16.7197,-16.7197,-16.7197,-16.7197,-16.7197,-16.7197,-16.7197,손절,손절,손절,손절,손절,손절,손절,손절
042700,한미반도체,반도체,2026-04-27,2026-04-28,367000.0,17.29,-2.7248,0.0,4.9046,8.4469,6.9482,7.0845,-17.4387,-17.4387,기간만료,기간만료,기간만료,기간만료,기간만료,기간만료,손절,손절
042700,한미반도체,반도체,2026-04-30,2026-05-04,385000.0,16.93,2.7273,3.3766,0.0,3.2468,2.0779,-21.2987,-21.2987,-21.2987,기간만료,기간만료,기간만료,기간만료,기간만료,손절,손절,손절
042700,한미반도체,반도체,2026-06-12,2026-06-15,365000.0,13.79,-1.7808,-10.9589,-10.9589,-10.9589,-10.9589,-10.9589,-10.9589,-10.9589,기간만료,손절,손절,손절,손절,손절,손절,손절
042700,한미반도체,반도체,2026-07-15,2026-07-16,263000.0,1.52,-9.8859,-9.8859,-9.8859,-9.8859,-9.8859,-9.8859,-9.8859,-9.8859,손절,손절,손절,손절,손절,손절,손절,손절
000990,DB하이텍,반도체,2020-05-25,2020-05-26,32800.0,11.92,-1.9817,-6.0976,-6.0976,-6.0976,-6.0976,-6.0976,-6.0976,-6.0976,기간만료,손절,손절,손절,손절,손절,손절,손절
000990,DB하이텍,반도체,2020-07-10,2020-07-13,30800.0,11.83,-1.9481,1.2987,4.2208,2.7597,0.487,-2.7597,12.6623,9.5779,기간만료,기간만료,기간만료,기간만료,기간만료,기간만료,기간만료,기간만료
000990,DB하이텍,반도체,2020-07-28,2020-07-29,33750.0,13.25,0.7407,4.7407,2.8148,5.3333,1.9259,-1.037,12.2963,5.3333,기간만료,기간만료,기간만료,기간만료,기간만료,기간만료,기간만료,기간만료
000990,DB하이텍,반도체,2020-07-30,2020-07-31,35350.0,13.91,-1.8388,-1.5559,0.5658,-2.6874,-2.8289,-5.5163,-5.5163,-5.5163,기간만료,기간만료,기간만료,기간만료,기간만료,손절,손절,손절
000990,DB하이텍,반도체,2020-08-13,2020-08-14,37200.0,-0.09,1.0753,-5.1075,-5.1075,-5.1075,-5.1075,-5.1075,-5.1075,-5.1075,기간만료,손절,손절,손절,손절,손절,손절,손절
000990,DB하이텍,반도체,2020-08-19,2020-08-20,37900.0,-1.81,-1.715,-6.8602,-6.8602,-6.8602,-6.8602,-6.8602,-6.8602,-6.8602,기간만료,손절,손절,손절,손절,손절,손절,손절
000990,DB하이텍,반도체,2020-11-04,2020-11-05,35000.0,0.56,3.0,0.5714,-0.5714,-1.1429,-4.5714,-4.5714,-4.5714,-4.5714,기간만료,기간만료,기간만료,기간만료,20일선이탈,20일선이탈,20일선이탈,20일선이탈
000990,DB하이텍,반도체,2020-11-25,2020-11-26,36500.0,2.35,1.6438,0.274,-2.0548,0.9589,-2.7397,-2.7397,-2.7397,-2.7397,기간만료,기간만료,기간만료,기간만료,기간만료,20일선이탈,20일선이탈,20일선이탈
000990,DB하이텍,반도체,2020-12-17,2020-12-18,36550.0,5.04,-1.6416,-1.6416,-1.6416,-1.6416,-1.6416,-1.6416,-1.6416,-1.6416,기간만료,20일선이탈,20일선이탈,20일선이탈,20일선이탈,20일선이탈,20일선이탈,20일선이탈
000990,DB하이텍,반도체,2020-12-22,2020-12-23,39450.0,5.55,1.1407,9.7592,22.0532,32.3194,31.052,48.289,51.0773,77.9468,기간만료,기간만료,기간만료,기간만료,기간만료,기간만료,기간만료,기간만료
000990,DB하이텍,반도체,2020-12-23,2020-12-24,39900.0,6.76,8.5213,20.6767,21.5539,26.0652,37.8446,39.599,63.4085,77.193,기간만료,기간만료,기간만료,기간만료,기간만료,기간만료,기간만료,기간만료
000990,DB하이텍,반도체,2020-12-24,2020-12-28,43300.0,7.06,11.2009,12.0092,20.5543,19.3995,25.6351,41.5704,48.9607,55.4273,기간만료,기간만료,기간만료,기간만료,기간만료,기간만료,기간만료,기간만료
000990,DB하이텍,반도체,2020-12-28,2020-12-29,48150.0,9.29,0.7269,8.4112,4.4652,14.2264,21.4953,23.3645,44.3406,32.918,기간만료,기간만료,기간만료,기간만료,기간만료,기간만료,기간만료,기간만료
000990,DB하이텍,반도체,2020-12-29,2020-12-30,48500.0,10.85,7.6289,3.7113,6.5979,12.1649,14.8454,23.7113,51.7526,40.4124,기간만료,기간만료,기간만료,기간만료,기간만료,기간만료,기간만료,기간만료
000990,DB하이텍,반도체,2021-04-19,2021-04-20,58100.0,6.39,4.6472,7.2289,3.4423,0.8606,-2.926,-2.926,-2.926,-2.926,기간만료,기간만료,기간만료,기간만료,기간만료,20일선이탈,20일선이탈,20일선이탈
000990,DB하이텍,반도체,2021-04-20,2021-04-21,60800.0,7.74,2.4671,-1.1513,0.6579,-2.9605,-7.2368,-7.2368,-7.2368,-7.2368,기간만료,기간만료,기간만료,기간만료,손절,손절,손절,손절
000990,DB하이텍,반도체,2021-06-03,2021-06-04,56100.0,0.0,3.9216,0.5348,-1.2478,-2.3173,2.6738,0.3565,7.6649,11.2299,기간만료,기간만료,기간만료,기간만료,기간만료,기간만료,기간만료,기간만료
000990,DB하이텍,반도체,2021-06-24,2021-06-25,60400.0,-1.53,0.3311,0.1656,0.9934,3.3113,0.6623,-2.4834,7.947,9.9338,기간만료,기간만료,기간만료,기간만료,기간만료,기간만료,기간만료,기간만료
000990,DB하이텍,반도체,2021-07-12,2021-07-13,64400.0,3.68,-0.4658,0.1553,1.2422,-1.2422,2.4845,-0.3106,-2.6398,-2.6398,기간만료,기간만료,기간만료,기간만료,기간만료,기간만료,20일선이탈,20일선이탈
000990,DB하이텍,반도체,2021-11-15,2021-11-16,66100.0,8.77,0.7564,1.2103,4.236,14.5234,11.9516,13.767,4.6899,4.5386,기간만료,기간만료,기간만료,기간만료,기간만료,기간만료,기간만료,20일선이탈
000990,DB하이텍,반도체,2021-11-19,2021-11-22,72400.0,17.88,4.558,6.768,2.2099,-1.9337,-6.2155,-6.2155,-6.2155,-6.2155,기간만료,기간만료,기간만료,기간만료,손절,손절,손절,손절
000990,DB하이텍,반도체,2021-11-22,2021-11-23,75700.0,22.56,2.1136,-2.2457,-2.5099,-0.6605,-10.3038,-10.3038,-10.3038,-10.3038,기간만료,기간만료,기간만료,기간만료,손절,손절,손절,손절
000990,DB하이텍,반도체,2022-01-07,2022-01-10,78500.0,4.31,1.2739,1.4013,5.2229,6.879,5.0955,-1.6561,-2.5478,-2.5478,기간만료,기간만료,기간만료,기간만료,기간만료,기간만료,20일선이탈,20일선이탈
000990,DB하이텍,반도체,2022-01-12,2022-01-13,82600.0,4.31,-1.6949,1.5738,1.816,0.4843,-6.5375,-6.5375,-6.5375,-6.5375,기간만료,기간만료,기간만료,기간만료,손절,손절,손절,손절
000990,DB하이텍,반도체,2022-03-23,2022-03-24,74100.0,2.66,5.803,2.5641,4.5884,2.5641,-0.9447,-5.803,-5.803,-5.803,기간만료,기간만료,기간만료,기간만료,기간만료,손절,손절,손절
000990,DB하이텍,반도체,2022-05-16,2022-05-17,71500.0,1.05,2.5175,0.2797,4.7552,3.3566,-0.8392,-1.1189,-1.1189,-1.1189,기간만료,기간만료,기간만료,기간만료,기간만료,20일선이탈,20일선이탈,20일선이탈
000990,DB하이텍,반도체,2022-08-12,2022-08-16,45300.0,-4.25,1.766,-1.5453,1.3245,-3.9735,-3.9735,-3.9735,-3.9735,-3.9735,기간만료,기간만료,기간만료,기간만료,20일선이탈,20일선이탈,20일선이탈,20일선이탈
000990,DB하이텍,반도체,2022-11-15,2022-11-16,49350.0,1.09,-2.229,-2.4316,-2.4316,-5.7751,-5.7751,-5.7751,-5.7751,-5.7751,기간만료,기간만료,기간만료,손절,손절,손절,손절,손절
000990,DB하이텍,반도체,2023-01-06,2023-01-09,42650.0,3.71,1.0551,4.4549,4.5721,1.7585,0.2345,5.7444,7.6202,10.0821,기간만료,기간만료,기간만료,기간만료,기간만료,기간만료,기간만료,기간만료
000990,DB하이텍,반도체,2023-03-08,2023-03-09,52100.0,-0.85,-6.334,-11.5163,-11.5163,-11.5163,-11.5163,-11.5163,-11.5163,-11.5163,기간만료,손절,손절,손절,손절,손절,손절,손절
000990,DB하이텍,반도체,2023-03-24,2023-03-27,57800.0,15.65,2.0761,4.1522,10.8997,26.4706,30.6228,34.4291,23.5294,16.09,기간만료,기간만료,기간만료,기간만료,기간만료,기간만료,기간만료,20일선이탈
000990,DB하이텍,반도체,2023-03-29,2023-03-30,64100.0,19.11,9.5164,14.0406,19.9688,15.6006,21.2168,17.0047,4.6802,4.6802,기간만료,기간만료,기간만료,기간만료,기간만료,기간만료,기간만료,20일선이탈
000990,DB하이텍,반도체,2023-03-31,2023-04-03,73100.0,21.82,5.1984,3.2832,1.368,6.2927,5.8824,-2.3256,-3.8304,-3.8304,기간만료,기간만료,기간만료,기간만료,기간만료,기간만료,손절,손절
000990,DB하이텍,반도체,2023-05-26,2023-05-30,63000.0,7.17,-1.5873,-4.7619,1.5873,-1.746,-1.2698,0.9524,5.873,0.1587,기간만료,기간만료,기간만료,기간만료,기간만료,기간만료,기간만료,기간만료
000990,DB하이텍,반도체,2023-06-02,2023-06-05,63700.0,4.88,-2.8257,-4.3956,-2.3548,-1.7268,-2.1978,1.2559,0.6279,-0.9419,기간만료,기간만료,기간만료,기간만료,기간만료,기간만료,기간만료,20일선이탈
000990,DB하이텍,반도체,2023-11-27,2023-11-28,60300.0,7.72,0.1658,-4.3118,1.8242,-2.1559,-3.6484,-1.3267,0.4975,-1.1609,기간만료,기간만료,기간만료,기간만료,기간만료,기간만료,기간만료,20일선이탈
000990,DB하이텍,반도체,2023-11-30,2023-12-01,61400.0,7.06,-3.0945,-3.9088,-4.2345,-1.3029,-3.0945,-0.3257,-2.9316,-2.9316,기간만료,기간만료,기간만료,기간만료,기간만료,기간만료,기간만료,20일선이탈
000990,DB하이텍,반도체,2024-04-01,2024-04-02,47300.0,8.47,-3.0655,-3.4884,-5.1797,-6.7653,-6.7653,-6.7653,-6.7653,-6.7653,기간만료,기간만료,기간만료,손절,손절,손절,손절,손절
000990,DB하이텍,반도체,2024-06-17,2024-06-18,44200.0,4.15,3.0543,10.4072,26.4706,16.9683,12.7828,9.5023,15.6109,16.9683,기간만료,기간만료,기간만료,기간만료,기간만료,기간만료,기간만료,기간만료
000990,DB하이텍,반도체,2024-06-18,2024-06-19,45550.0,4.06,7.135,22.7223,15.9166,13.7212,6.4764,5.8178,13.7212,15.258,기간만료,기간만료,기간만료,기간만료,기간만료,기간만료,기간만료,기간만료
000990,DB하이텍,반도체,2024-06-20,2024-06-21,55900.0,2.3,-5.5456,-5.5456,-5.5456,-5.5456,-5.5456,-5.5456,-5.5456,-5.5456,손절,손절,손절,손절,손절,손절,손절,손절
000990,DB하이텍,반도체,2024-09-24,2024-09-25,40500.0,-7.0,1.6049,-0.3704,-1.1111,0.0,1.7284,0.9877,-4.8148,-4.8148,기간만료,기간만료,기간만료,기간만료,기간만료,기간만료,기간만료,20일선이탈
000990,DB하이텍,반도체,2024-12-11,2024-12-12,33650.0,-2.9,-1.4859,2.3774,3.1204,0.2972,-1.3373,-1.9316,-6.0921,-6.0921,기간만료,기간만료,기간만료,기간만료,기간만료,기간만료,손절,손절
000990,DB하이텍,반도체,2025-02-07,2025-02-10,39750.0,-0.9,7.2956,8.6792,7.1698,9.3082,14.8428,14.9686,6.9182,2.1384,기간만료,기간만료,기간만료,기간만료,기간만료,기간만료,기간만료,20일선이탈
000990,DB하이텍,반도체,2025-02-10,2025-02-11,42650.0,3.89,1.2896,-0.1172,-2.6964,4.9238,6.0961,5.51,4.1032,-4.8066,기간만료,기간만료,기간만료,기간만료,기간만료,기간만료,기간만료,손절
000990,DB하이텍,반도체,2025-06-02,2025-06-04,42700.0,1.58,1.5222,5.5035,4.2155,7.0258,1.8735,11.4754,11.2412,7.7283,기간만료,기간만료,기간만료,기간만료,기간만료,기간만료,기간만료,기간만료
000990,DB하이텍,반도체,2025-06-18,2025-06-19,47600.0,1.33,-0.3151,-2.416,-0.9454,-0.2101,-2.416,-3.3613,-0.9454,-2.416,기간만료,기간만료,기간만료,기간만료,기간만료,기간만료,기간만료,20일선이탈
000990,DB하이텍,반도체,2025-08-26,2025-08-27,46550.0,3.65,-1.5038,-2.0408,-2.4705,-4.6187,-4.6187,-4.6187,-4.6187,-4.6187,기간만료,기간만료,기간만료,20일선이탈,20일선이탈,20일선이탈,20일선이탈,20일선이탈
000990,DB하이텍,반도체,2025-09-10,2025-09-11,52500.0,1.22,-1.7143,0.1905,1.9048,9.7143,13.9048,7.8095,9.7143,6.6667,기간만료,기간만료,기간만료,기간만료,기간만료,기간만료,기간만료,20일선이탈
000990,DB하이텍,반도체,2025-09-16,2025-09-17,55900.0,4.71,3.0411,3.3989,6.9767,2.1467,1.9678,5.7245,0.1789,0.1789,기간만료,기간만료,기간만료,기간만료,기간만료,기간만료,20일선이탈,20일선이탈
000990,DB하이텍,반도체,2025-10-10,2025-10-13,56500.0,22.83,5.3097,-0.885,-0.885,-0.885,-0.885,-0.885,-0.885,-0.885,기간만료,기간만료,20일선이탈,20일선이탈,20일선이탈,20일선이탈,20일선이탈,20일선이탈
000990,DB하이텍,반도체,2025-11-10,2025-11-11,62100.0,-5.88,9.8229,14.9758,5.314,10.467,9.1787,-0.161,-0.161,-0.161,기간만료,기간만료,기간만료,기간만료,기간만료,20일선이탈,20일선이탈,20일선이탈
000990,DB하이텍,반도체,2025-11-11,2025-11-12,68200.0,-1.68,4.6921,-4.1056,-0.1466,-1.4663,-7.6246,-9.0909,-9.0909,-9.0909,기간만료,기간만료,기간만료,기간만료,기간만료,손절,손절,손절
000990,DB하이텍,반도체,2026-01-14,2026-01-15,80300.0,9.84,6.4757,4.1096,5.8531,15.193,13.9477,32.005,34.122,20.0498,기간만료,기간만료,기간만료,기간만료,기간만료,기간만료,기간만료,기간만료
000990,DB하이텍,반도체,2026-04-20,2026-04-21,123700.0,0.25,-2.3444,6.7098,25.7882,29.1027,26.5966,30.962,45.9175,28.1326,기간만료,기간만료,기간만료,기간만료,기간만료,기간만료,기간만료,20일선이탈
240810,원익IPS,반도체,2020-05-06,2020-05-07,31050.0,3.62,4.0258,4.9919,3.8647,3.7037,6.1192,13.8486,7.7295,3.0596,기간만료,기간만료,기간만료,기간만료,기간만료,기간만료,기간만료,20일선이탈
240810,원익IPS,반도체,2020-06-24,2020-06-25,34550.0,-5.66,1.3025,3.4732,2.6049,0.7236,0.1447,0.1447,-1.8813,-1.8813,기간만료,기간만료,기간만료,기간만료,기간만료,기간만료,20일선이탈,20일선이탈
240810,원익IPS,반도체,2020-06-26,2020-06-29,35750.0,-1.05,-0.8392,0.979,-2.6573,-3.2168,-3.0769,-1.958,-5.1748,-5.1748,기간만료,기간만료,기간만료,기간만료,기간만료,기간만료,손절,손절
240810,원익IPS,반도체,2020-07-28,2020-07-29,37650.0,13.25,3.0544,3.0544,2.7888,3.0544,0.7968,-2.1248,-7.4369,-7.4369,기간만료,기간만료,기간만료,기간만료,기간만료,기간만료,손절,손절
240810,원익IPS,반도체,2020-10-29,2020-10-30,32900.0,0.02,-2.2796,-2.5836,1.3678,6.9909,3.7994,1.5198,17.7812,15.1976,기간만료,기간만료,기간만료,기간만료,기간만료,기간만료,기간만료,기간만료
240810,원익IPS,반도체,2020-11-04,2020-11-05,35400.0,0.56,-0.565,-2.2599,-3.5311,-3.6723,-5.6497,-5.6497,-5.6497,-5.6497,기간만료,기간만료,기간만료,기간만료,손절,손절,손절,손절
240810,원익IPS,반도체,2020-11-16,2020-11-17,36500.0,1.77,0.274,0.137,6.1644,8.9041,3.2877,9.589,18.2192,17.9452,기간만료,기간만료,기간만료,기간만료,기간만료,기간만료,기간만료,기간만료
240810,원익IPS,반도체,2020-11-19,2020-11-20,38750.0,3.79,-0.5161,2.5806,0.5161,-2.1935,3.2258,8.5161,11.3548,17.1613,기간만료,기간만료,기간만료,기간만료,기간만료,기간만료,기간만료,기간만료
240810,원익IPS,반도체,2021-01-05,2021-01-06,46050.0,7.91,-0.1086,-0.4343,-1.6287,-2.063,-1.6287,0.3257,17.6982,7.2747,기간만료,기간만료,기간만료,기간만료,기간만료,기간만료,기간만료,기간만료
240810,원익IPS,반도체,2021-01-15,2021-01-18,45450.0,10.96,0.11,1.6502,7.8108,13.5314,19.2519,4.5105,5.0605,5.0605,기간만료,기간만료,기간만료,기간만료,기간만료,기간만료,기간만료,20일선이탈
240810,원익IPS,반도체,2021-01-20,2021-01-21,49000.0,13.44,5.3061,5.3061,8.7755,3.0612,-3.0612,0.102,-2.551,-2.551,기간만료,기간만료,기간만료,기간만료,기간만료,기간만료,20일선이탈,20일선이탈
240810,원익IPS,반도체,2021-04-02,2021-04-05,57400.0,8.24,2.2648,-1.9164,-2.9617,-2.439,-1.5679,-1.9164,-1.0453,-6.2718,기간만료,기간만료,기간만료,기간만료,기간만료,기간만료,기간만료,손절
240810,원익IPS,반도체,2021-04-05,2021-04-06,58700.0,12.79,-4.0886,-5.1107,-5.2811,-5.2811,-5.2811,-5.2811,-5.2811,-5.2811,기간만료,기간만료,손절,손절,손절,손절,손절,손절
240810,원익IPS,반도체,2021-07-22,2021-07-23,48750.0,4.43,-0.5128,-2.2564,-2.2564,-2.2564,-2.2564,-2.2564,-2.2564,-2.2564,기간만료,기간만료,20일선이탈,20일선이탈,20일선이탈,20일선이탈,20일선이탈,20일선이탈
240810,원익IPS,반도체,2021-08-09,2021-08-10,51200.0,3.35,-4.9805,-8.9844,-8.9844,-8.9844,-8.9844,-8.9844,-8.9844,-8.9844,기간만료,손절,손절,손절,손절,손절,손절,손절
240810,원익IPS,반도체,2021-10-28,2021-10-29,41950.0,1.62,-2.9797,-2.2646,-1.0727,-2.8605,-7.1514,-7.1514,-7.1514,-7.1514,기간만료,기간만료,기간만료,기간만료,손절,손절,손절,손절
240810,원익IPS,반도체,2021-11-22,2021-11-23,44000.0,22.56,-2.0455,-4.2045,-7.2727,-7.2727,-7.2727,-7.2727,-7.2727,-7.2727,기간만료,기간만료,손절,손절,손절,손절,손절,손절
240810,원익IPS,반도체,2021-12-02,2021-12-03,42500.0,18.86,-0.1176,2.0,4.2353,-0.8235,-3.4118,-3.8824,-4.8235,-4.8235,기간만료,기간만료,기간만료,기간만료,기간만료,기간만료,20일선이탈,20일선이탈
240810,원익IPS,반도체,2022-04-19,2022-04-20,41200.0,0.29,-0.7282,-1.699,-5.2184,-4.9757,-4.9757,-4.9757,-4.9757,-4.9757,기간만료,기간만료,기간만료,손절,손절,손절,손절,손절
240810,원익IPS,반도체,2022-10-14,2022-10-17,25750.0,2.06,0.1942,-1.5534,-2.7184,1.165,5.2427,3.6893,3.6893,13.3981,기간만료,기간만료,기간만료,기간만료,기간만료,기간만료,기간만료,기간만료
240810,원익IPS,반도체,2023-01-04,2023-01-05,27800.0,1.89,-2.518,5.7554,4.8561,4.3165,3.2374,2.1583,9.3525,11.1511,기간만료,기간만료,기간만료,기간만료,기간만료,기간만료,기간만료,기간만료
240810,원익IPS,반도체,2023-01-06,2023-01-09,29400.0,3.71,-0.8503,-1.5306,-1.3605,-2.381,-1.7007,1.1905,5.4422,9.8639,기간만료,기간만료,기간만료,기간만료,기간만료,기간만료,기간만료,기간만료
240810,원익IPS,반도체,2023-03-16,2023-03-17,32300.0,-4.15,5.8824,2.1672,0.9288,5.418,3.096,11.3003,3.87,1.548,기간만료,기간만료,기간만료,기간만료,기간만료,기간만료,기간만료,20일선이탈
240810,원익IPS,반도체,2023-03-17,2023-03-20,34200.0,0.66,-3.5088,-4.6784,-4.6784,-4.6784,-4.6784,-4.6784,-4.6784,-4.6784,기간만료,손절,손절,손절,손절,손절,손절,손절
240810,원익IPS,반도체,2023-05-19,2023-05-22,32850.0,8.16,-0.761,-1.9787,0.1522,0.0,-2.5875,-3.0441,-0.761,-2.5875,기간만료,기간만료,기간만료,기간만료,기간만료,기간만료,기간만료,20일선이탈
240810,원익IPS,반도체,2023-07-28,2023-07-31,38050.0,21.55,-1.7083,-5.9133,-8.0158,-8.0158,-8.0158,-8.0158,-8.0158,-8.0158,기간만료,기간만료,손절,손절,손절,손절,손절,손절
240810,원익IPS,반도체,2023-09-14,2023-09-15,34200.0,4.21,-1.9006,0.731,-1.9006,-5.848,-2.6316,-5.848,-5.848,-5.848,기간만료,기간만료,기간만료,기간만료,기간만료,손절,손절,손절
240810,원익IPS,반도체,2023-11-02,2023-11-03,33850.0,9.22,3.3973,4.2836,5.7607,2.3634,6.7947,3.1019,2.8065,1.1817,기간만료,기간만료,기간만료,기간만료,기간만료,기간만료,기간만료,20일선이탈
240810,원익IPS,반도체,2024-01-19,2024-01-22,34700.0,6.02,-1.8732,-5.4755,-5.4755,-5.4755,-5.4755,-5.4755,-5.4755,-5.4755,기간만료,손절,손절,손절,손절,손절,손절,손절
240810,원익IPS,반도체,2024-02-29,2024-03-04,33500.0,4.03,-2.0896,-1.3433,5.9701,-0.7463,2.8358,2.3881,8.3582,24.3284,기간만료,기간만료,기간만료,기간만료,기간만료,기간만료,기간만료,기간만료
240810,원익IPS,반도체,2024-03-06,2024-03-07,35500.0,15.71,-0.5634,-6.338,-5.2113,-3.662,-3.3803,5.7746,4.507,19.4366,기간만료,기간만료,기간만료,기간만료,기간만료,기간만료,기간만료,기간만료
240810,원익IPS,반도체,2024-03-20,2024-03-21,37550.0,8.13,1.1984,-3.3289,-2.6631,-1.1984,10.9188,12.9161,8.2557,0.7989,기간만료,기간만료,기간만료,기간만료,기간만료,기간만료,기간만료,20일선이탈
240810,원익IPS,반도체,2024-03-29,2024-04-01,41650.0,10.72,2.0408,-2.2809,1.8007,3.1212,-7.0828,-7.0828,-7.0828,-7.0828,기간만료,기간만료,기간만료,기간만료,손절,손절,손절,손절
240810,원익IPS,반도체,2024-07-04,2024-07-05,40250.0,0.88,-2.7329,-0.2484,-2.6087,-7.4534,-7.4534,-7.4534,-7.4534,-7.4534,기간만료,기간만료,기간만료,손절,손절,손절,손절,손절
240810,원익IPS,반도체,2025-02-11,2025-02-12,26050.0,0.8,-1.5355,-2.6871,1.7274,0.7678,1.7274,6.5259,-3.8388,-3.8388,기간만료,기간만료,기간만료,기간만료,기간만료,기간만료,기간만료,20일선이탈
240810,원익IPS,반도체,2025-02-19,2025-02-20,26650.0,5.42,-0.5629,-3.0019,2.0638,0.7505,-6.0038,-6.0038,-6.0038,-6.0038,기간만료,기간만료,기간만료,기간만료,기간만료,손절,손절,손절
240810,원익IPS,반도체,2025-06-11,2025-06-12,26600.0,1.78,-1.6917,-5.4511,-5.4511,-5.4511,-5.4511,-5.4511,-5.4511,-5.4511,기간만료,손절,손절,손절,손절,손절,손절,손절
240810,원익IPS,반도체,2025-07-03,2025-07-04,29500.0,5.11,-3.7288,-6.2712,-5.4237,-5.4237,-5.4237,-5.4237,-5.4237,-5.4237,기간만료,기간만료,손절,손절,손절,손절,손절,손절
240810,원익IPS,반도체,2025-07-28,2025-07-29,33900.0,-3.1,-2.9499,-1.1799,-6.9322,-9.292,-9.292,-9.292,-9.292,-9.292,기간만료,기간만료,기간만료,손절,손절,손절,손절,손절
240810,원익IPS,반도체,2025-07-29,2025-07-30,32900.0,-2.79,1.8237,-4.1033,-6.535,-6.535,-6.535,-6.535,-6.535,-6.535,기간만료,기간만료,손절,손절,손절,손절,손절,손절
240810,원익IPS,반도체,2025-08-07,2025-08-08,32300.0,-0.45,10.3715,15.3251,21.517,27.8638,27.5542,27.8638,23.2198,16.7183,기간만료,기간만료,기간만료,기간만료,기간만료,기간만료,기간만료,20일선이탈
240810,원익IPS,반도체,2025-08-08,2025-08-11,35650.0,0.55,4.4881,10.0982,12.3422,15.007,19.2146,14.3058,10.6592,5.7504,기간만료,기간만료,기간만료,기간만료,기간만료,기간만료,기간만료,20일선이탈
240810,원익IPS,반도체,2025-08-13,2025-08-14,40050.0,2.91,3.1211,2.372,2.8714,2.9963,1.7478,2.1223,-5.8677,-5.8677,기간만료,기간만료,기간만료,기간만료,기간만료,기간만료,20일선이탈,20일선이탈
240810,원익IPS,반도체,2025-09-10,2025-09-11,44450.0,1.22,-0.7874,1.6873,1.0124,1.5748,6.8616,0.6749,30.0337,21.0349,기간만료,기간만료,기간만료,기간만료,기간만료,기간만료,기간만료,기간만료
240810,원익IPS,반도체,2025-10-02,2025-10-10,57800.0,17.93,-5.5363,0.8651,-7.0934,-7.0934,-7.0934,-7.0934,-7.0934,-7.0934,기간만료,기간만료,손절,손절,손절,손절,손절,손절
240810,원익IPS,반도체,2025-12-26,2025-12-29,69200.0,2.68,-5.4913,-5.4913,-5.4913,-5.4913,-5.4913,-5.4913,-5.4913,-5.4913,손절,손절,손절,손절,손절,손절,손절,손절
240810,원익IPS,반도체,2026-01-02,2026-01-05,83000.0,5.77,-4.2169,-4.2169,-4.2169,-4.2169,-4.2169,-4.2169,-4.2169,-4.2169,손절,손절,손절,손절,손절,손절,손절,손절
240810,원익IPS,반도체,2026-01-29,2026-01-30,110000.0,21.19,-2.2727,-0.9091,-0.9091,-0.9091,-0.9091,-0.9091,-0.9091,-0.9091,기간만료,손절,손절,손절,손절,손절,손절,손절
240810,원익IPS,반도체,2026-03-24,2026-03-25,135800.0,20.48,-5.3019,-12.2239,-12.2239,-12.2239,-12.2239,-12.2239,-12.2239,-12.2239,기간만료,손절,손절,손절,손절,손절,손절,손절
240810,원익IPS,반도체,2026-05-06,2026-05-07,130600.0,13.4,0.6891,10.2603,9.4946,-1.1485,-12.9403,-12.9403,-12.9403,-12.9403,기간만료,기간만료,기간만료,기간만료,손절,손절,손절,손절
240810,원익IPS,반도체,2026-06-05,2026-06-08,126000.0,-3.19,-10.6349,-10.6349,-10.6349,-10.6349,-10.6349,-10.6349,-10.6349,-10.6349,손절,손절,손절,손절,손절,손절,손절,손절
240810,원익IPS,반도체,2026-06-11,2026-06-12,163100.0,8.56,9.5034,8.0932,-2.3912,3.0043,5.5794,-5.5181,-5.5181,-5.5181,기간만료,기간만료,기간만료,기간만료,기간만료,손절,손절,손절
240810,원익IPS,반도체,2026-06-12,2026-06-15,178600.0,13.79,-1.2878,-10.8623,-10.8623,-10.8623,-10.8623,-10.8623,-10.8623,-10.8623,기간만료,손절,손절,손절,손절,손절,손절,손절
039030,이오테크닉스,반도체,2020-06-24,2020-06-25,87400.0,-5.66,2.5172,2.5172,2.5172,2.5172,2.5172,2.5172,2.5172,2.5172,기간만료,20일선이탈,20일선이탈,20일선이탈,20일선이탈,20일선이탈,20일선이탈,20일선이탈
039030,이오테크닉스,반도체,2020-06-26,2020-06-29,89500.0,-1.05,0.4469,7.486,12.8492,11.9553,17.2067,28.4916,18.6592,14.9721,기간만료,기간만료,기간만료,기간만료,기간만료,기간만료,기간만료,기간만료
039030,이오테크닉스,반도체,2020-06-30,2020-07-01,96200.0,-1.11,4.9896,5.1975,4.158,9.0437,15.1767,15.0728,9.1476,6.9647,기간만료,기간만료,기간만료,기간만료,기간만료,기간만료,기간만료,20일선이탈
039030,이오테크닉스,반도체,2020-07-01,2020-07-02,101000.0,2.8,0.198,-0.7921,7.5248,3.4653,13.8614,11.2871,5.6436,1.8812,기간만료,기간만료,기간만료,기간만료,기간만료,기간만료,기간만료,20일선이탈
039030,이오테크닉스,반도체,2020-07-28,2020-07-29,113700.0,13.25,1.3193,3.6939,-2.5506,0.2639,7.2999,6.9481,4.8373,-2.3747,기간만료,기간만료,기간만료,기간만료,기간만료,기간만료,기간만료,20일선이탈
039030,이오테크닉스,반도체,2020-11-16,2020-11-17,103000.0,1.77,-2.9126,-1.6505,3.5922,5.3398,2.0388,0.2913,-2.5243,-2.5243,기간만료,기간만료,기간만료,기간만료,기간만료,기간만료,20일선이탈,20일선이탈
039030,이오테크닉스,반도체,2020-12-04,2020-12-07,105300.0,1.61,-1.1396,-4.0836,-4.0836,-4.0836,-4.0836,-4.0836,-4.0836,-4.0836,기간만료,기간만료,20일선이탈,20일선이탈,20일선이탈,20일선이탈,20일선이탈,20일선이탈
039030,이오테크닉스,반도체,2021-03-02,2021-03-03,106900.0,4.2,-2.3386,-5.8934,-5.8934,-5.8934,-5.8934,-5.8934,-5.8934,-5.8934,기간만료,기간만료,20일선이탈,20일선이탈,20일선이탈,20일선이탈,20일선이탈,20일선이탈
039030,이오테크닉스,반도체,2021-03-16,2021-03-17,114700.0,2.49,1.0462,-0.5231,0.0,-0.5231,3.1386,4.9695,15.17,9.4159,기간만료,기간만료,기간만료,기간만료,기간만료,기간만료,기간만료,기간만료
039030,이오테크닉스,반도체,2021-04-01,2021-04-02,128000.0,7.17,1.7187,6.4844,3.2031,-0.3125,-1.5625,-2.1875,-3.4375,-3.4375,기간만료,기간만료,기간만료,기간만료,기간만료,기간만료,20일선이탈,20일선이탈
039030,이오테크닉스,반도체,2021-06-03,2021-06-04,115100.0,0.0,0.5213,-0.7819,-3.649,-3.649,-3.649,-3.649,-3.649,-3.649,기간만료,기간만료,기간만료,20일선이탈,20일선이탈,20일선이탈,20일선이탈,20일선이탈
039030,이오테크닉스,반도체,2021-06-17,2021-06-18,117900.0,-2.76,-3.2231,-4.0712,-2.2901,0.8482,0.0848,0.7634,-1.5267,-2.7142,기간만료,기간만료,기간만료,기간만료,기간만료,기간만료,기간만료,20일선이탈
039030,이오테크닉스,반도체,2021-07-26,2021-07-27,120700.0,4.02,-1.8227,-4.5568,-4.0597,-4.8882,-2.6512,0.9114,-5.2196,-5.2196,기간만료,기간만료,기간만료,기간만료,기간만료,기간만료,20일선이탈,20일선이탈
039030,이오테크닉스,반도체,2021-08-17,2021-08-18,120800.0,-3.63,-2.1523,1.7384,0.0828,3.5596,-0.6623,0.0,2.8146,-1.6556,기간만료,기간만료,기간만료,기간만료,기간만료,기간만료,기간만료,20일선이탈
039030,이오테크닉스,반도체,2021-10-28,2021-10-29,107600.0,1.62,-1.0223,1.487,3.4387,-0.6506,-1.8587,-6.7844,-6.7844,-6.7844,기간만료,기간만료,기간만료,기간만료,기간만료,손절,손절,손절
039030,이오테크닉스,반도체,2021-11-15,2021-11-16,108500.0,8.77,0.0,0.3687,1.0138,2.9493,2.9493,-1.1982,-1.1982,-1.1982,기간만료,기간만료,기간만료,기간만료,기간만료,기간만료,20일선이탈,20일선이탈
039030,이오테크닉스,반도체,2021-12-23,2021-12-24,117800.0,6.41,1.4431,0.0849,2.8862,3.9898,-2.292,-3.3107,-3.3107,-3.3107,기간만료,기간만료,기간만료,기간만료,기간만료,기간만료,20일선이탈,20일선이탈
039030,이오테크닉스,반도체,2022-04-05,2022-04-06,112500.0,-0.6,-0.3556,1.5111,0.5333,-1.3333,0.8,5.1556,2.4,0.9778,기간만료,기간만료,기간만료,기간만료,기간만료,기간만료,기간만료,20일선이탈
039030,이오테크닉스,반도체,2022-04-19,2022-04-20,118300.0,0.29,1.268,2.1978,0.6762,-2.6205,-3.973,-3.973,-3.973,-3.973,기간만료,기간만료,기간만료,기간만료,20일선이탈,20일선이탈,20일선이탈,20일선이탈
039030,이오테크닉스,반도체,2022-08-08,2022-08-09,79300.0,-2.19,-3.5309,-3.5309,-3.5309,-3.5309,-3.5309,-3.5309,-3.5309,-3.5309,기간만료,20일선이탈,20일선이탈,20일선이탈,20일선이탈,20일선이탈,20일선이탈,20일선이탈
039030,이오테크닉스,반도체,2022-11-11,2022-11-14,69100.0,-2.91,-2.026,4.3415,2.026,0.1447,-2.8944,-2.8944,-2.8944,-2.8944,기간만료,기간만료,기간만료,기간만료,기간만료,20일선이탈,20일선이탈,20일선이탈
039030,이오테크닉스,반도체,2022-12-26,2022-12-27,71100.0,-2.64,0.1406,-2.5316,-6.0478,-6.0478,-6.0478,-6.0478,-6.0478,-6.0478,기간만료,기간만료,손절,손절,손절,손절,손절,손절
039030,이오테크닉스,반도체,2023-03-17,2023-03-20,76500.0,0.66,1.3072,-0.915,-1.8301,7.1895,10.4575,16.9935,15.0327,12.6797,기간만료,기간만료,기간만료,기간만료,기간만료,기간만료,기간만료,기간만료
039030,이오테크닉스,반도체,2023-03-24,2023-03-27,82000.0,15.65,-1.2195,3.0488,6.4634,9.1463,8.5366,7.3171,5.122,1.5854,기간만료,기간만료,기간만료,기간만료,기간만료,기간만료,기간만료,20일선이탈
039030,이오테크닉스,반도체,2023-03-28,2023-03-29,84500.0,19.56,3.3136,7.3373,5.9172,5.3254,2.6036,4.7337,-1.4201,-1.4201,기간만료,기간만료,기간만료,기간만료,기간만료,기간만료,기간만료,20일선이탈
039030,이오테크닉스,반도체,2023-03-30,2023-03-31,90700.0,21.13,-1.323,-0.5513,-1.8743,-4.4101,-4.4101,-4.4101,-4.4101,-4.4101,기간만료,기간만료,기간만료,손절,손절,손절,손절,손절
039030,이오테크닉스,반도체,2023-04-04,2023-04-05,89000.0,19.73,-2.2472,-2.5843,-1.1236,-0.5618,-3.3708,-6.4045,-6.4045,-6.4045,기간만료,기간만료,기간만료,기간만료,기간만료,손절,손절,손절
039030,이오테크닉스,반도체,2023-04-07,2023-04-10,88000.0,23.45,-0.9091,0.5682,-1.5909,-2.0455,-5.3409,-5.3409,-5.3409,-5.3409,기간만료,기간만료,기간만료,기간만료,손절,손절,손절,손절
039030,이오테크닉스,반도체,2023-05-25,2023-05-26,94800.0,7.06,-2.3207,-2.9536,-3.3755,-2.7426,-3.3755,3.903,9.9156,11.3924,기간만료,기간만료,기간만료,기간만료,기간만료,기간만료,기간만료,기간만료
039030,이오테크닉스,반도체,2023-07-13,2023-07-14,120500.0,7.35,2.2407,6.556,8.1328,2.9876,3.7344,29.5436,40.166,24.3983,기간만료,기간만료,기간만료,기간만료,기간만료,기간만료,기간만료,기간만료
039030,이오테크닉스,반도체,2023-07-14,2023-07-17,123200.0,12.35,4.2208,5.763,1.3799,0.1623,2.2727,31.0877,32.0617,22.7273,기간만료,기간만료,기간만료,기간만료,기간만료,기간만료,기간만료,기간만료
039030,이오테크닉스,반도체,2023-07-27,2023-07-28,156100.0,16.3,3.4593,1.6015,6.9827,8.1999,0.0,-3.9718,8.6483,-0.1281,기간만료,기간만료,기간만료,기간만료,기간만료,기간만료,기간만료,기간만료
039030,이오테크닉스,반도체,2023-07-28,2023-07-31,161500.0,21.55,-1.7957,3.4056,-4.8916,0.743,-11.4551,-11.4551,-11.4551,-11.4551,기간만료,기간만료,기간만료,기간만료,손절,손절,손절,손절
039030,이오테크닉스,반도체,2023-08-03,2023-08-04,168900.0,22.42,-3.6708,-7.5784,-7.5784,-7.5784,-7.5784,-7.5784,-7.5784,-7.5784,기간만료,손절,손절,손절,손절,손절,손절,손절
039030,이오테크닉스,반도체,2023-10-13,2023-10-16,160700.0,6.7,-1.6801,-2.8625,-3.9203,-6.3472,-6.3472,-6.3472,-6.3472,-6.3472,기간만료,기간만료,기간만료,손절,손절,손절,손절,손절
039030,이오테크닉스,반도체,2024-01-05,2024-01-08,156200.0,-0.71,3.137,-0.6402,1.4085,0.3841,-0.5122,-0.5122,-0.5122,-0.5122,기간만료,기간만료,기간만료,기간만료,기간만료,20일선이탈,20일선이탈,20일선이탈
039030,이오테크닉스,반도체,2024-01-19,2024-01-22,194000.0,6.02,0.0515,-1.3918,-0.1546,-7.3196,-7.3196,-7.3196,-7.3196,-7.3196,기간만료,기간만료,기간만료,손절,손절,손절,손절,손절
039030,이오테크닉스,반도체,2024-01-22,2024-01-23,194100.0,9.57,-1.4426,-0.2061,-4.2246,-7.3673,-7.3673,-7.3673,-7.3673,-7.3673,기간만료,기간만료,기간만료,손절,손절,손절,손절,손절
039030,이오테크닉스,반도체,2024-02-28,2024-02-29,199900.0,4.7,5.8029,2.5513,0.3002,1.0505,-7.4537,-7.4537,-7.4537,-7.4537,기간만료,기간만료,기간만료,기간만료,손절,손절,손절,손절
039030,이오테크닉스,반도체,2024-03-29,2024-04-01,210000.0,10.72,-5.2381,-5.2381,-5.2381,-5.2381,-5.2381,-5.2381,-5.2381,-5.2381,손절,손절,손절,손절,손절,손절,손절,손절
039030,이오테크닉스,반도체,2024-04-04,2024-04-05,252000.0,11.57,0.0,0.3968,-3.1746,6.3492,-0.3968,-8.3333,-8.3333,-8.3333,기간만료,기간만료,기간만료,기간만료,기간만료,손절,손절,손절
039030,이오테크닉스,반도체,2024-07-04,2024-07-05,204000.0,0.88,-2.402,4.1667,1.7157,-1.2255,2.2059,-10.2451,-10.2451,-10.2451,기간만료,기간만료,기간만료,기간만료,기간만료,손절,손절,손절
039030,이오테크닉스,반도체,2024-12-05,2024-12-06,140300.0,-7.65,-1.3542,-1.283,-7.9116,-7.9116,-7.9116,-7.9116,-7.9116,-7.9116,기간만료,기간만료,손절,손절,손절,손절,손절,손절
039030,이오테크닉스,반도체,2024-12-27,2024-12-30,138000.0,8.93,-0.0725,5.0725,20.4348,16.6667,21.0145,14.4928,15.1449,0.4348,기간만료,기간만료,기간만료,기간만료,기간만료,기간만료,기간만료,20일선이탈
039030,이오테크닉스,반도체,2025-01-03,2025-01-06,166200.0,15.95,4.3321,-3.1288,2.4669,-3.911,-4.9338,-4.9338,-4.9338,-4.9338,기간만료,기간만료,기간만료,기간만료,손절,손절,손절,손절
039030,이오테크닉스,반도체,2025-02-19,2025-02-20,151500.0,5.42,-0.9901,-0.198,-3.5644,-6.7327,-6.7327,-6.7327,-6.7327,-6.7327,기간만료,기간만료,기간만료,손절,손절,손절,손절,손절
039030,이오테크닉스,반도체,2025-06-17,2025-06-18,153600.0,-2.98,2.3438,0.5208,2.2135,5.9896,12.0443,13.3464,22.7214,37.0443,기간만료,기간만료,기간만료,기간만료,기간만료,기간만료,기간만료,기간만료
039030,이오테크닉스,반도체,2025-07-03,2025-07-04,188900.0,5.11,-3.8115,-2.0116,-0.2118,5.7173,9.8465,19.3753,12.2287,12.7581,기간만료,기간만료,기간만료,기간만료,기간만료,기간만료,기간만료,기간만료
039030,이오테크닉스,반도체,2025-07-10,2025-07-11,199700.0,-1.91,6.1592,3.9059,5.4081,12.9194,10.9164,6.1592,6.66,0.0501,기간만료,기간만료,기간만료,기간만료,기간만료,기간만료,기간만료,20일선이탈
039030,이오테크닉스,반도체,2025-07-11,2025-07-14,212000.0,1.33,-2.1226,-0.7075,3.5377,5.6604,1.1792,4.2453,-5.7547,-5.7547,기간만료,기간만료,기간만료,기간만료,기간만료,기간만료,기간만료,20일선이탈
039030,이오테크닉스,반도체,2025-07-16,2025-07-17,219500.0,1.11,2.7335,2.0501,0.9112,-0.4556,0.6834,-2.7335,-8.9749,-8.9749,기간만료,기간만료,기간만료,기간만료,기간만료,기간만료,손절,손절
039030,이오테크닉스,반도체,2025-09-18,2025-09-22,244500.0,9.9,1.8405,-2.454,-3.8855,-4.7035,-4.7035,-4.7035,-4.7035,-4.7035,기간만료,기간만료,기간만료,손절,손절,손절,손절,손절
039030,이오테크닉스,반도체,2025-11-04,2025-11-05,285000.0,4.77,0.1754,-7.3684,-7.3684,-7.3684,-7.3684,-7.3684,-7.3684,-7.3684,기간만료,기간만료,손절,손절,손절,손절,손절,손절
039030,이오테크닉스,반도체,2025-12-29,2025-12-30,264500.0,-0.55,2.8355,12.2873,17.0132,14.9338,18.3365,16.8242,7.9395,7.9395,기간만료,기간만료,기간만료,기간만료,기간만료,기간만료,20일선이탈,20일선이탈
039030,이오테크닉스,반도체,2026-01-05,2026-01-06,309500.0,7.8,2.4233,-1.7771,-1.454,0.4847,-0.1616,-4.8465,-7.7544,-7.7544,기간만료,기간만료,기간만료,기간만료,기간만료,기간만료,손절,손절
039030,이오테크닉스,반도체,2026-06-11,2026-06-12,507000.0,8.56,17.9487,5.5227,-2.3669,1.9724,0.5917,-6.7061,-6.7061,-6.7061,기간만료,기간만료,기간만료,기간만료,기간만료,손절,손절,손절
039030,이오테크닉스,반도체,2026-06-12,2026-06-15,598000.0,13.79,-10.5351,-10.5351,-10.5351,-10.5351,-10.5351,-10.5351,-10.5351,-10.5351,손절,손절,손절,손절,손절,손절,손절,손절
403870,HPSP,반도체,2022-08-31,2022-09-01,16125.0,-0.79,-2.0155,-3.876,-6.9767,-6.9767,-6.9767,-6.9767,-6.9767,-6.9767,기간만료,기간만료,손절,손절,손절,손절,손절,손절
403870,HPSP,반도체,2022-11-07,2022-11-08,16100.0,-3.46,0.9317,0.3106,5.5901,-0.9317,1.087,-7.6087,-7.6087,-7.6087,기간만료,기간만료,기간만료,기간만료,기간만료,손절,손절,손절
403870,HPSP,반도체,2023-01-13,2023-01-16,14350.0,0.48,2.2648,2.7875,0.3484,2.6132,1.3937,-0.5226,5.0523,9.0592,기간만료,기간만료,기간만료,기간만료,기간만료,기간만료,기간만료,기간만료
403870,HPSP,반도체,2023-03-02,2023-03-03,15850.0,1.4,5.5205,8.3596,4.4164,2.9968,-2.3659,-2.3659,-2.3659,-2.3659,기간만료,기간만료,기간만료,기간만료,기간만료,20일선이탈,20일선이탈,20일선이탈
403870,HPSP,반도체,2023-03-03,2023-03-06,16725.0,-0.19,2.6906,-1.0463,0.5979,-7.7728,-7.7728,-7.7728,-7.7728,-7.7728,기간만료,기간만료,기간만료,손절,손절,손절,손절,손절
403870,HPSP,반도체,2023-03-06,2023-03-07,17175.0,1.05,-3.639,-2.0378,-4.9491,-10.1892,-10.1892,-10.1892,-10.1892,-10.1892,기간만료,기간만료,기간만료,손절,손절,손절,손절,손절
403870,HPSP,반도체,2023-03-15,2023-03-16,17590.0,-6.27,-4.4912,-4.4912,-4.4912,-4.4912,-4.4912,-4.4912,-4.4912,-4.4912,손절,손절,손절,손절,손절,손절,손절,손절
403870,HPSP,반도체,2023-03-17,2023-03-20,18600.0,0.66,31.1828,17.2043,21.7742,43.2796,47.5806,34.1398,29.0323,18.8172,기간만료,기간만료,기간만료,기간만료,기간만료,기간만료,기간만료,20일선이탈
403870,HPSP,반도체,2023-03-20,2023-03-21,24400.0,4.63,-10.6557,-10.6557,-10.6557,-10.6557,-10.6557,-10.6557,-10.6557,-10.6557,손절,손절,손절,손절,손절,손절,손절,손절
403870,HPSP,반도체,2023-03-22,2023-03-23,22650.0,5.64,15.4525,17.66,19.2053,17.8808,10.1545,7.064,-2.4283,-2.4283,기간만료,기간만료,기간만료,기간만료,기간만료,기간만료,20일선이탈,20일선이탈
403870,HPSP,반도체,2023-03-24,2023-03-27,26650.0,15.65,1.3133,3.0019,0.1876,-6.379,-6.379,-6.379,-6.379,-6.379,기간만료,기간만료,기간만료,손절,손절,손절,손절,손절
403870,HPSP,반도체,2023-05-19,2023-05-22,24950.0,8.16,-1.4028,-5.2104,-2.8056,6.2124,7.2144,9.2184,16.6333,20.2405,기간만료,기간만료,기간만료,기간만료,기간만료,기간만료,기간만료,기간만료
403870,HPSP,반도체,2023-05-26,2023-05-30,26500.0,7.17,-1.3208,0.9434,11.3208,2.8302,3.0189,9.8113,13.2075,14.5283,기간만료,기간만료,기간만료,기간만료,기간만료,기간만료,기간만료,기간만료
403870,HPSP,반도체,2023-07-13,2023-07-14,31550.0,7.35,8.8748,14.4216,13.6292,10.935,8.3994,13.9461,14.2631,8.3994,기간만료,기간만료,기간만료,기간만료,기간만료,기간만료,기간만료,20일선이탈
403870,HPSP,반도체,2023-07-14,2023-07-17,34350.0,12.35,5.0946,4.3668,1.4556,-2.0378,2.4745,9.8981,4.3668,-0.4367,기간만료,기간만료,기간만료,기간만료,기간만료,기간만료,기간만료,20일선이탈
403870,HPSP,반도체,2023-07-31,2023-08-01,36700.0,19.11,1.0899,-6.812,-6.812,-6.812,-6.812,-6.812,-6.812,-6.812,기간만료,손절,손절,손절,손절,손절,손절,손절
403870,HPSP,반도체,2023-09-04,2023-09-05,36700.0,2.95,-3.6785,-8.4469,-8.4469,-8.4469,-8.4469,-8.4469,-8.4469,-8.4469,기간만료,손절,손절,손절,손절,손절,손절,손절
403870,HPSP,반도체,2023-10-13,2023-10-16,34900.0,6.7,-0.1433,-1.5759,-2.5788,-3.5817,2.149,-5.3009,-5.3009,-5.3009,기간만료,기간만료,기간만료,기간만료,기간만료,손절,손절,손절
403870,HPSP,반도체,2023-10-25,2023-10-26,35250.0,14.17,-6.2411,-6.2411,-6.2411,-6.2411,-6.2411,-6.2411,-6.2411,-6.2411,손절,손절,손절,손절,손절,손절,손절,손절
403870,HPSP,반도체,2023-11-28,2023-11-29,41000.0,12.8,5.3659,10.7317,16.4634,7.8049,14.5122,8.0488,10.7317,12.1951,기간만료,기간만료,기간만료,기간만료,기간만료,기간만료,기간만료,기간만료
403870,HPSP,반도체,2023-11-29,2023-11-30,43200.0,10.72,5.0926,10.5324,6.25,6.25,4.3981,4.8611,7.2917,1.8519,기간만료,기간만료,기간만료,기간만료,기간만료,기간만료,기간만료,기간만료
403870,HPSP,반도체,2023-11-30,2023-12-01,45400.0,7.06,5.1762,1.1013,-2.6432,3.4141,-1.4317,12.5551,9.2511,-3.0837,기간만료,기간만료,기간만료,기간만료,기간만료,기간만료,기간만료,20일선이탈
403870,HPSP,반도체,2023-12-14,2023-12-15,51100.0,2.68,-9.002,-9.002,-9.002,-9.002,-9.002,-9.002,-9.002,-9.002,손절,손절,손절,손절,손절,손절,손절,손절
403870,HPSP,반도체,2024-01-19,2024-01-22,49700.0,6.02,-3.7223,1.2072,-0.2012,-4.829,-4.9296,-4.9296,-4.9296,-4.9296,기간만료,기간만료,기간만료,기간만료,손절,손절,손절,손절
403870,HPSP,반도체,2024-01-23,2024-01-24,50300.0,7.95,-1.3917,-5.9642,-5.9642,-5.9642,-5.9642,-5.9642,-5.9642,-5.9642,기간만료,기간만료,손절,손절,손절,손절,손절,손절
403870,HPSP,반도체,2024-02-08,2024-02-13,49400.0,1.69,16.3968,26.3158,24.4939,13.9676,20.4453,7.2874,5.2632,5.2632,기간만료,기간만료,기간만료,기간만료,기간만료,기간만료,20일선이탈,20일선이탈
403870,HPSP,반도체,2024-02-13,2024-02-14,57500.0,6.75,8.5217,6.9565,0.1739,-4.3478,2.4348,-7.8261,-7.8261,-7.8261,기간만료,기간만료,기간만료,기간만료,기간만료,손절,손절,손절
403870,HPSP,반도체,2024-02-14,2024-02-15,62400.0,9.59,-1.4423,-7.6923,-7.6923,-7.6923,-7.6923,-7.6923,-7.6923,-7.6923,기간만료,손절,손절,손절,손절,손절,손절,손절
403870,HPSP,반도체,2024-05-16,2024-05-17,41200.0,-7.32,1.4563,2.7913,3.3981,-0.3641,-6.5534,-6.5534,-6.5534,-6.5534,기간만료,기간만료,기간만료,기간만료,손절,손절,손절,손절
403870,HPSP,반도체,2024-05-28,2024-05-29,45550.0,2.75,-5.4885,-7.7936,-7.7936,-7.7936,-7.7936,-7.7936,-7.7936,-7.7936,기간만료,손절,손절,손절,손절,손절,손절,손절
403870,HPSP,반도체,2024-07-11,2024-07-12,42000.0,0.85,1.9048,-2.1429,-3.4524,-15.0,-15.0,-15.0,-15.0,-15.0,기간만료,기간만료,기간만료,손절,손절,손절,손절,손절
403870,HPSP,반도체,2024-09-20,2024-09-23,28050.0,-13.03,8.7344,10.5169,14.6168,12.8342,14.9733,13.0125,14.6168,8.3779,기간만료,기간만료,기간만료,기간만료,기간만료,기간만료,기간만료,20일선이탈
403870,HPSP,반도체,2024-10-11,2024-10-14,33450.0,11.17,1.1958,-4.0359,-3.8864,-3.8864,-3.8864,-3.8864,-3.8864,-3.8864,기간만료,기간만료,손절,손절,손절,손절,손절,손절
403870,HPSP,반도체,2024-11-01,2024-11-04,33500.0,1.11,1.791,10.4478,9.2537,3.8806,-2.3881,4.3284,-6.2687,-6.2687,기간만료,기간만료,기간만료,기간만료,기간만료,기간만료,손절,손절
403870,HPSP,반도체,2024-11-06,2024-11-07,36600.0,0.47,-2.5956,-4.918,-10.929,-10.929,-10.929,-10.929,-10.929,-10.929,기간만료,기간만료,손절,손절,손절,손절,손절,손절
403870,HPSP,반도체,2025-01-17,2025-01-20,32500.0,8.94,0.4615,0.9231,1.6923,-3.0769,-9.3846,-9.3846,-9.3846,-9.3846,기간만료,기간만료,기간만료,기간만료,손절,손절,손절,손절
403870,HPSP,반도체,2025-01-20,2025-01-21,32650.0,8.54,0.4594,1.2251,-2.7565,-9.8009,-9.8009,-9.8009,-9.8009,-9.8009,기간만료,기간만료,기간만료,손절,손절,손절,손절,손절
403870,HPSP,반도체,2025-01-24,2025-01-31,31500.0,10.04,-6.5079,-5.5556,-5.5556,-5.5556,-5.5556,-5.5556,-5.5556,-5.5556,기간만료,손절,손절,손절,손절,손절,손절,손절
403870,HPSP,반도체,2025-06-11,2025-06-12,27900.0,1.78,1.6129,-2.3297,2.1505,3.2258,-1.9713,9.4982,-1.4337,-1.4337,기간만료,기간만료,기간만료,기간만료,기간만료,기간만료,기간만료,20일선이탈
403870,HPSP,반도체,2025-06-12,2025-06-13,28350.0,-0.29,-3.8801,0.5291,-1.2346,0.5291,-0.7055,4.5855,-2.9982,-2.9982,기간만료,기간만료,기간만료,기간만료,기간만료,기간만료,20일선이탈,20일선이탈
403870,HPSP,반도체,2025-07-30,2025-07-31,27300.0,-0.96,-4.0293,-9.1575,-9.1575,-9.1575,-9.1575,-9.1575,-9.1575,-9.1575,기간만료,손절,손절,손절,손절,손절,손절,손절
403870,HPSP,반도체,2025-08-29,2025-09-01,26350.0,2.84,-2.0873,-2.0873,-2.0873,-2.0873,-2.0873,-2.0873,-2.0873,-2.0873,기간만료,20일선이탈,20일선이탈,20일선이탈,20일선이탈,20일선이탈,20일선이탈,20일선이탈
403870,HPSP,반도체,2025-09-12,2025-09-15,31000.0,-0.69,0.3226,-3.0645,-2.4194,13.7097,12.0968,10.1613,23.5484,20.0,기간만료,기간만료,기간만료,기간만료,기간만료,기간만료,기간만료,기간만료
403870,HPSP,반도체,2025-09-15,2025-09-16,31100.0,2.81,-3.3762,-2.7331,9.0032,8.6817,7.074,9.4855,14.791,14.791,기간만료,기간만료,기간만료,기간만료,기간만료,기간만료,기간만료,기간만료
403870,HPSP,반도체,2025-09-18,2025-09-22,33900.0,9.9,3.9823,-0.295,2.5074,0.295,0.4425,2.2124,3.6873,6.6372,기간만료,기간만료,기간만료,기간만료,기간만료,기간만료,기간만료,20일선이탈
403870,HPSP,반도체,2025-09-22,2025-09-23,35250.0,13.72,-4.1135,-1.4184,-5.5319,-3.1206,0.8511,8.6525,5.5319,2.5532,기간만료,기간만료,기간만료,기간만료,기간만료,기간만료,기간만료,20일선이탈
403870,HPSP,반도체,2025-12-29,2025-12-30,32500.0,-0.55,3.0769,8.4615,7.6923,5.3846,4.6154,3.6923,4.4615,4.4615,기간만료,기간만료,기간만료,기간만료,기간만료,기간만료,기간만료,20일선이탈
403870,HPSP,반도체,2026-01-02,2026-01-05,35250.0,5.77,-0.7092,2.8369,-2.8369,-2.8369,-2.8369,-2.8369,-2.8369,-2.8369,기간만료,기간만료,손절,손절,손절,손절,손절,손절
403870,HPSP,반도체,2026-01-06,2026-01-07,36250.0,12.81,-5.5172,-5.5172,-5.5172,-5.5172,-5.5172,-5.5172,-5.5172,-5.5172,손절,손절,손절,손절,손절,손절,손절,손절
403870,HPSP,반도체,2026-01-16,2026-01-19,35400.0,10.63,-1.1299,-6.9209,-4.096,-4.096,-4.096,-4.096,-4.096,-4.096,기간만료,기간만료,손절,손절,손절,손절,손절,손절
403870,HPSP,반도체,2026-01-28,2026-01-29,46650.0,19.21,-5.5734,-3.537,-3.8585,-3.8585,-3.8585,-3.8585,-3.8585,-3.8585,기간만료,기간만료,손절,손절,손절,손절,손절,손절
403870,HPSP,반도체,2026-03-18,2026-03-19,48300.0,9.08,9.1097,1.9669,6.0041,0.4141,-9.2133,-9.2133,-9.2133,-9.2133,기간만료,기간만료,기간만료,기간만료,손절,손절,손절,손절
403870,HPSP,반도체,2026-04-23,2026-04-24,51600.0,7.92,6.2016,6.3953,2.7132,4.6512,10.4651,8.5271,-3.9729,-3.9729,기간만료,기간만료,기간만료,기간만료,기간만료,기간만료,20일선이탈,20일선이탈
403870,HPSP,반도체,2026-04-24,2026-04-27,54800.0,11.23,0.1825,-3.2847,-1.2774,2.5547,-1.6423,-6.7518,-6.7518,-6.7518,기간만료,기간만료,기간만료,기간만료,기간만료,손절,손절,손절
403870,HPSP,반도체,2026-05-26,2026-05-27,61900.0,8.37,-11.147,-11.147,-11.147,-11.147,-11.147,-11.147,-11.147,-11.147,손절,손절,손절,손절,손절,손절,손절,손절
403870,HPSP,반도체,2026-06-09,2026-06-10,55900.0,-3.3,-7.1556,-7.1556,-7.1556,-7.1556,-7.1556,-7.1556,-7.1556,-7.1556,손절,손절,손절,손절,손절,손절,손절,손절
403870,HPSP,반도체,2026-06-11,2026-06-12,57300.0,8.56,25.4799,40.4887,16.0558,7.6789,3.8394,-7.5044,-7.5044,-7.5044,기간만료,기간만료,기간만료,기간만료,기간만료,손절,손절,손절
403870,HPSP,반도체,2026-06-12,2026-06-15,71900.0,13.79,11.9611,-7.5104,-7.5104,-7.5104,-7.5104,-7.5104,-7.5104,-7.5104,기간만료,손절,손절,손절,손절,손절,손절,손절
403870,HPSP,반도체,2026-06-15,2026-06-16,80500.0,8.47,-17.3913,-17.3913,-17.3913,-17.3913,-17.3913,-17.3913,-17.3913,-17.3913,손절,손절,손절,손절,손절,손절,손절,손절
058470,리노공업,반도체,2020-07-14,2020-07-15,24560.0,13.5,0.9772,-3.9902,-3.5016,-3.9088,-3.9088,-3.9088,-3.9088,-3.9088,기간만료,기간만료,기간만료,손절,손절,손절,손절,손절
058470,리노공업,반도체,2020-07-27,2020-07-28,28580.0,12.45,-4.8286,0.14,-0.5598,-3.8488,-1.0497,-4.1987,-5.2484,-5.2484,기간만료,기간만료,기간만료,기간만료,기간만료,기간만료,손절,손절
058470,리노공업,반도체,2021-02-19,2021-02-22,34200.0,1.38,0.5848,-5.7895,-6.4327,-6.4327,-6.4327,-6.4327,-6.4327,-6.4327,기간만료,기간만료,손절,손절,손절,손절,손절,손절
058470,리노공업,반도체,2021-04-19,2021-04-20,35040.0,6.39,-0.3995,-2.6826,-4.395,-3.1963,-7.5913,-7.5913,-7.5913,-7.5913,기간만료,기간만료,기간만료,기간만료,손절,손절,손절,손절
058470,리노공업,반도체,2021-09-10,2021-09-13,38200.0,1.84,7.5916,12.0942,10.4712,1.5183,0.6806,-6.3351,-6.3351,-6.3351,기간만료,기간만료,기간만료,기간만료,기간만료,20일선이탈,20일선이탈,20일선이탈
058470,리노공업,반도체,2021-09-13,2021-09-14,41100.0,2.73,4.1849,2.6764,-1.6058,-5.6448,-5.6448,-5.6448,-5.6448,-5.6448,기간만료,기간만료,기간만료,손절,손절,손절,손절,손절
058470,리노공업,반도체,2021-09-14,2021-09-15,42820.0,2.95,-1.4479,-5.5582,-5.5582,-5.5582,-5.5582,-5.5582,-5.5582,-5.5582,기간만료,손절,손절,손절,손절,손절,손절,손절
058470,리노공업,반도체,2021-11-15,2021-11-16,36480.0,8.77,-0.1096,2.0285,5.9759,13.5965,9.7039,9.1009,10.8553,9.1009,기간만료,기간만료,기간만료,기간만료,기간만료,기간만료,기간만료,기간만료
058470,리노공업,반도체,2021-11-19,2021-11-22,42080.0,17.88,-1.5209,-5.3232,-4.8954,-6.0837,-6.0837,-6.0837,-6.0837,-6.0837,기간만료,기간만료,기간만료,손절,손절,손절,손절,손절
058470,리노공업,반도체,2022-08-16,2022-08-17,28260.0,-5.21,-0.6369,2.3355,1.0616,-2.3355,2.5478,0.3539,1.2031,-0.9908,기간만료,기간만료,기간만료,기간만료,기간만료,기간만료,기간만료,20일선이탈
058470,리노공업,반도체,2022-11-11,2022-11-14,29600.0,-2.91,-1.4189,4.6622,4.7973,13.2432,13.7162,14.8649,17.3649,8.8514,기간만료,기간만료,기간만료,기간만료,기간만료,기간만료,기간만료,20일선이탈
058470,리노공업,반도체,2022-11-15,2022-11-16,30980.0,1.09,0.1291,8.1343,8.1988,8.6507,10.8457,10.2001,8.1988,4.0026,기간만료,기간만료,기간만료,기간만료,기간만료,기간만료,기간만료,20일선이탈
058470,리노공업,반도체,2022-11-17,2022-11-18,33500.0,4.81,0.0597,0.9552,0.4776,2.5075,1.5522,5.0149,-3.8209,-3.8209,기간만료,기간만료,기간만료,기간만료,기간만료,기간만료,20일선이탈,20일선이탈
058470,리노공업,반도체,2023-05-30,2023-05-31,26240.0,7.86,-2.2866,0.3811,-0.3811,0.4573,3.8872,5.564,4.8018,14.0244,기간만료,기간만료,기간만료,기간만료,기간만료,기간만료,기간만료,기간만료
058470,리노공업,반도체,2023-06-28,2023-06-29,29920.0,7.91,-2.6738,0.1337,2.607,3.0749,-2.0053,3.3422,6.6845,8.8235,기간만료,기간만료,기간만료,기간만료,기간만료,기간만료,기간만료,기간만료
058470,리노공업,반도체,2023-11-16,2023-11-17,33500.0,7.42,4.3582,7.7612,8.597,6.3284,14.3881,17.0746,21.4925,22.9851,기간만료,기간만료,기간만료,기간만료,기간만료,기간만료,기간만료,기간만료
058470,리노공업,반도체,2023-11-17,2023-11-20,34960.0,6.8,3.2609,4.0618,5.2632,1.659,9.4394,11.8421,20.1373,18.4211,기간만료,기간만료,기간만료,기간만료,기간만료,기간만료,기간만료,기간만료
058470,리노공업,반도체,2023-11-27,2023-11-28,38320.0,7.72,-0.1566,1.1482,2.3486,6.4718,1.3048,13.7787,6.7328,2.8184,기간만료,기간만료,기간만료,기간만료,기간만료,기간만료,기간만료,20일선이탈
058470,리노공업,반도체,2024-01-02,2024-01-03,43300.0,-5.32,-1.1547,-2.5404,-5.7737,-5.7737,-5.7737,-5.7737,-5.7737,-5.7737,기간만료,기간만료,손절,손절,손절,손절,손절,손절
058470,리노공업,반도체,2024-01-22,2024-01-23,45800.0,9.57,-0.655,-0.4367,-4.5852,-4.1485,-4.1485,-4.1485,-4.1485,-4.1485,기간만료,기간만료,기간만료,손절,손절,손절,손절,손절
058470,리노공업,반도체,2024-02-13,2024-02-14,41800.0,6.75,5.2632,3.11,-1.1962,-1.1962,-1.1962,-1.1962,-1.1962,-1.1962,기간만료,기간만료,기간만료,20일선이탈,20일선이탈,20일선이탈,20일선이탈,20일선이탈
058470,리노공업,반도체,2024-03-08,2024-03-11,41500.0,13.03,15.1807,16.8675,11.5663,21.2048,25.5422,19.5181,24.8193,27.2289,기간만료,기간만료,기간만료,기간만료,기간만료,기간만료,기간만료,기간만료
058470,리노공업,반도체,2024-03-11,2024-03-12,47800.0,15.6,1.4644,-3.1381,0.4184,4.6025,7.7406,2.3013,13.3891,4.3933,기간만료,기간만료,기간만료,기간만료,기간만료,기간만료,기간만료,기간만료
058470,리노공업,반도체,2024-03-15,2024-03-18,50300.0,2.75,-0.5964,3.5785,2.3857,-1.3917,-1.9881,2.9821,4.9702,-0.7952,기간만료,기간만료,기간만료,기간만료,기간만료,기간만료,기간만료,20일선이탈
058470,리노공업,반도체,2024-05-03,2024-05-07,56900.0,-4.42,4.0422,1.9332,2.2847,2.9877,-5.2724,-5.2724,-5.2724,-5.2724,기간만료,기간만료,기간만료,기간만료,손절,손절,손절,손절
058470,리노공업,반도체,2024-05-07,2024-05-08,59200.0,-4.11,-2.027,-1.6892,-2.7027,-4.8986,-8.9527,-8.9527,-8.9527,-8.9527,기간만료,기간만료,기간만료,기간만료,손절,손절,손절,손절
058470,리노공업,반도체,2024-12-12,2024-12-13,34820.0,0.47,0.8041,3.0442,7.9265,9.0178,12.1769,9.3624,14.7616,10.741,기간만료,기간만료,기간만료,기간만료,기간만료,기간만료,기간만료,기간만료
058470,리노공업,반도체,2024-12-17,2024-12-18,37580.0,6.03,-0.6919,1.0112,2.182,7.2379,1.3305,13.3582,4.3108,2.6078,기간만료,기간만료,기간만료,기간만료,기간만료,기간만료,기간만료,20일선이탈
058470,리노공업,반도체,2025-04-25,2025-04-28,37900.0,-5.09,-3.8259,-4.4855,-4.4855,-4.4855,-4.4855,-4.4855,-4.4855,-4.4855,기간만료,손절,손절,손절,손절,손절,손절,손절
058470,리노공업,반도체,2025-05-13,2025-05-14,41050.0,-0.38,-2.5579,-4.1413,-3.7759,-3.7759,-3.7759,-3.7759,-3.7759,-3.7759,기간만료,기간만료,기간만료,손절,손절,손절,손절,손절
058470,리노공업,반도체,2025-06-04,2025-06-05,44650.0,0.71,9.2945,9.4065,8.6226,9.7424,11.1982,12.8779,13.1019,11.4222,기간만료,기간만료,기간만료,기간만료,기간만료,기간만료,기간만료,20일선이탈
058470,리노공업,반도체,2025-06-05,2025-06-09,48800.0,2.06,0.1025,-0.6148,1.4344,-3.1762,-0.7172,3.4836,4.5082,1.9467,기간만료,기간만료,기간만료,기간만료,기간만료,기간만료,기간만료,20일선이탈
058470,리노공업,반도체,2025-07-16,2025-07-17,52600.0,1.11,-3.6122,-3.6122,-3.6122,-3.6122,-3.6122,-3.6122,-3.6122,-3.6122,기간만료,20일선이탈,20일선이탈,20일선이탈,20일선이탈,20일선이탈,20일선이탈,20일선이탈
058470,리노공업,반도체,2025-08-13,2025-08-14,47750.0,2.91,-2.6178,-2.6178,-2.6178,-2.6178,-2.6178,-2.6178,-2.6178,-2.6178,기간만료,20일선이탈,20일선이탈,20일선이탈,20일선이탈,20일선이탈,20일선이탈,20일선이탈
058470,리노공업,반도체,2025-09-22,2025-09-23,54800.0,13.72,-5.6569,-4.1971,-7.2993,-7.2993,-7.2993,-7.2993,-7.2993,-7.2993,기간만료,기간만료,손절,손절,손절,손절,손절,손절
058470,리노공업,반도체,2025-11-25,2025-11-26,65700.0,0.7,-3.0441,-0.761,6.6971,1.9787,-1.5221,-1.3699,-7.0015,-7.0015,기간만료,기간만료,기간만료,기간만료,기간만료,기간만료,손절,손절
058470,리노공업,반도체,2025-11-26,2025-11-27,63700.0,0.03,2.3548,10.0471,5.1805,2.1978,2.8257,0.9419,-4.0816,-4.0816,기간만료,기간만료,기간만료,기간만료,기간만료,기간만료,20일선이탈,20일선이탈
058470,리노공업,반도체,2026-01-06,2026-01-07,65700.0,12.81,-2.5875,-1.5221,-2.8919,-2.2831,1.3699,-4.2618,30.7458,45.5099,기간만료,기간만료,기간만료,기간만료,기간만료,기간만료,기간만료,기간만료
058470,리노공업,반도체,2026-01-26,2026-01-27,75300.0,9.23,14.077,24.834,23.2404,29.4821,25.498,30.2789,32.0053,34.927,기간만료,기간만료,기간만료,기간만료,기간만료,기간만료,기간만료,기간만료
058470,리노공업,반도체,2026-01-27,2026-01-28,85900.0,10.81,9.4296,8.0326,17.2293,11.2922,9.8952,11.8743,11.2922,22.7008,기간만료,기간만료,기간만료,기간만료,기간만료,기간만료,기간만료,기간만료
058470,리노공업,반도체,2026-01-28,2026-01-29,94000.0,19.21,-1.2766,7.1277,3.7234,0.5319,6.0638,3.4043,1.5957,19.8936,기간만료,기간만료,기간만료,기간만료,기간만료,기간만료,기간만료,기간만료
058470,리노공업,반도체,2026-01-29,2026-01-30,92800.0,21.19,8.5129,5.0647,3.0172,1.7241,5.7112,3.556,5.4957,22.5216,기간만료,기간만료,기간만료,기간만료,기간만료,기간만료,기간만료,기간만료
058470,리노공업,반도체,2026-01-30,2026-02-02,100700.0,19.34,-3.1778,-3.1778,-3.1778,-3.1778,-3.1778,-3.1778,-3.1778,-3.1778,손절,손절,손절,손절,손절,손절,손절,손절
058470,리노공업,반도체,2026-02-03,2026-02-04,95600.0,14.11,-1.1506,-1.2552,4.2887,0.523,0.523,0.0,10.251,32.0084,기간만료,기간만료,기간만료,기간만료,기간만료,기간만료,기간만료,기간만료
058470,리노공업,반도체,2026-03-03,2026-03-04,112700.0,9.63,0.8873,0.8873,0.8873,0.8873,0.8873,0.8873,0.8873,0.8873,손절,손절,손절,손절,손절,손절,손절,손절
058470,리노공업,반도체,2026-04-30,2026-05-04,122500.0,16.93,-2.3673,-5.4694,-8.9796,-8.9796,-8.9796,-8.9796,-8.9796,-8.9796,기간만료,기간만료,손절,손절,손절,손절,손절,손절
058470,리노공업,반도체,2026-06-12,2026-06-15,107000.0,13.79,-8.4112,-8.4112,-8.4112,-8.4112,-8.4112,-8.4112,-8.4112,-8.4112,손절,손절,손절,손절,손절,손절,손절,손절
036930,주성엔지니어링,반도체,2020-05-21,2020-05-22,5910.0,10.92,-2.5381,-1.3536,-1.0152,-4.5685,-7.1066,-7.1066,-7.1066,-7.1066,기간만료,기간만료,기간만료,기간만료,손절,손절,손절,손절
036930,주성엔지니어링,반도체,2020-07-01,2020-07-02,6690.0,2.8,-1.3453,6.8759,9.417,6.577,17.9372,18.5351,15.0972,10.6129,기간만료,기간만료,기간만료,기간만료,기간만료,기간만료,기간만료,20일선이탈
036930,주성엔지니어링,반도체,2020-07-03,2020-07-06,7150.0,3.32,2.3776,2.5175,-0.2797,10.3497,7.6923,8.5315,1.958,3.4965,기간만료,기간만료,기간만료,기간만료,기간만료,기간만료,기간만료,20일선이탈
036930,주성엔지니어링,반도체,2020-07-10,2020-07-13,7890.0,11.83,0.0,-2.4081,0.507,-1.6477,-3.6755,-7.6046,-7.6046,-7.6046,기간만료,기간만료,기간만료,기간만료,기간만료,손절,손절,손절
036930,주성엔지니어링,반도체,2020-08-07,2020-08-10,7750.0,1.96,2.5806,0.9032,-1.9355,-7.3548,-7.3548,-7.3548,-7.3548,-7.3548,기간만료,기간만료,기간만료,손절,손절,손절,손절,손절
036930,주성엔지니어링,반도체,2020-09-07,2020-09-08,8070.0,-6.07,-7.6828,-7.6828,-7.6828,-7.6828,-7.6828,-7.6828,-7.6828,-7.6828,손절,손절,손절,손절,손절,손절,손절,손절
036930,주성엔지니어링,반도체,2020-09-17,2020-09-18,7300.0,-0.1,-0.6849,-1.3699,-3.5616,-3.5616,-3.5616,-3.5616,-3.5616,-3.5616,기간만료,기간만료,손절,손절,손절,손절,손절,손절
036930,주성엔지니어링,반도체,2020-10-19,2020-10-20,7260.0,-1.14,2.6171,-0.6887,1.9284,-2.3416,0.2755,-4.27,-4.27,-4.27,기간만료,기간만료,기간만료,기간만료,기간만료,20일선이탈,20일선이탈,20일선이탈
036930,주성엔지니어링,반도체,2020-10-27,2020-10-28,7630.0,-5.23,-4.5872,-4.194,-8.9122,-8.9122,-8.9122,-8.9122,-8.9122,-8.9122,기간만료,기간만료,손절,손절,손절,손절,손절,손절
036930,주성엔지니어링,반도체,2020-11-12,2020-11-13,7450.0,-2.67,0.1342,3.3557,-1.6107,-1.0738,1.6107,3.2215,15.302,15.5705,기간만료,기간만료,기간만료,기간만료,기간만료,기간만료,기간만료,기간만료
036930,주성엔지니어링,반도체,2020-12-02,2020-12-03,8660.0,1.23,-0.8083,0.2309,-0.2309,-1.3857,-3.9261,-4.8499,-4.8499,-4.8499,기간만료,기간만료,기간만료,기간만료,기간만료,손절,손절,손절
036930,주성엔지니어링,반도체,2021-01-13,2021-01-14,8580.0,7.08,7.3427,8.9744,13.5198,21.2121,20.6294,17.1329,18.8811,29.9534,기간만료,기간만료,기간만료,기간만료,기간만료,기간만료,기간만료,기간만료
036930,주성엔지니어링,반도체,2021-01-14,2021-01-15,9210.0,8.25,1.5201,5.7546,11.835,15.6352,13.4636,8.5776,18.3496,27.5787,기간만료,기간만료,기간만료,기간만료,기간만료,기간만료,기간만료,기간만료
036930,주성엔지니어링,반도체,2021-01-15,2021-01-18,9350.0,10.96,4.1711,10.1604,11.2299,10.6952,9.6257,0.5348,16.0428,25.1337,기간만료,기간만료,기간만료,기간만료,기간만료,기간만료,기간만료,기간만료
036930,주성엔지니어링,반도체,2021-01-19,2021-01-20,10300.0,8.07,0.9709,3.3981,0.4854,-0.4854,-2.9126,-8.7379,-8.7379,-8.7379,기간만료,기간만료,기간만료,기간만료,기간만료,손절,손절,손절
036930,주성엔지니어링,반도체,2021-04-14,2021-04-15,12800.0,5.15,3.125,6.25,14.8438,15.625,13.6719,7.8125,2.3438,2.3438,기간만료,기간만료,기간만료,기간만료,기간만료,기간만료,20일선이탈,20일선이탈
036930,주성엔지니어링,반도체,2021-04-15,2021-04-16,13200.0,3.78,3.0303,11.3636,9.8485,8.3333,7.197,5.6818,-0.7576,-0.7576,기간만료,기간만료,기간만료,기간만료,기간만료,기간만료,20일선이탈,20일선이탈
036930,주성엔지니어링,반도체,2021-04-19,2021-04-20,14700.0,6.39,-1.3605,0.6803,-2.7211,-3.7415,-6.1224,-6.1224,-6.1224,-6.1224,기간만료,기간만료,기간만료,기간만료,손절,손절,손절,손절
036930,주성엔지니어링,반도체,2021-06-22,2021-06-23,14900.0,-1.8,7.047,4.3624,3.0201,0.6711,2.349,1.3423,-3.6913,-3.6913,기간만료,기간만료,기간만료,기간만료,기간만료,기간만료,20일선이탈,20일선이탈
036930,주성엔지니어링,반도체,2021-06-23,2021-06-24,15950.0,-0.46,-2.5078,-3.7618,-3.7618,-3.7618,-3.7618,-3.7618,-3.7618,-3.7618,기간만료,손절,손절,손절,손절,손절,손절,손절
036930,주성엔지니어링,반도체,2021-07-22,2021-07-23,15250.0,4.43,-1.6393,-2.9508,-2.9508,-2.9508,-2.9508,-2.9508,-2.9508,-2.9508,기간만료,기간만료,20일선이탈,20일선이탈,20일선이탈,20일선이탈,20일선이탈,20일선이탈
036930,주성엔지니어링,반도체,2021-08-05,2021-08-06,15200.0,2.77,0.0,-0.3289,-4.9342,-4.9342,-4.9342,-4.9342,-4.9342,-4.9342,기간만료,기간만료,기간만료,20일선이탈,20일선이탈,20일선이탈,20일선이탈,20일선이탈
036930,주성엔지니어링,반도체,2021-09-07,2021-09-08,12750.0,-5.51,2.7451,1.9608,1.9608,-0.3922,-0.3922,-3.9216,-3.9216,-3.9216,기간만료,기간만료,기간만료,기간만료,기간만료,기간만료,20일선이탈,20일선이탈
036930,주성엔지니어링,반도체,2021-11-15,2021-11-16,13050.0,8.77,11.1111,12.6437,13.0268,23.7548,27.2031,32.9502,50.9579,45.977,기간만료,기간만료,기간만료,기간만료,기간만료,기간만료,기간만료,기간만료
036930,주성엔지니어링,반도체,2021-11-16,2021-11-17,14500.0,12.16,1.3793,1.7241,7.2414,17.5862,15.5172,12.7586,42.7586,32.7586,기간만료,기간만료,기간만료,기간만료,기간만료,기간만료,기간만료,기간만료
036930,주성엔지니어링,반도체,2021-11-17,2021-11-18,14700.0,14.02,0.3401,5.7823,9.8639,12.9252,10.2041,13.6054,27.8912,35.034,기간만료,기간만료,기간만료,기간만료,기간만료,기간만료,기간만료,기간만료
036930,주성엔지니어링,반도체,2021-11-22,2021-11-23,16150.0,22.56,5.5728,2.7864,3.7152,7.4303,3.4056,21.9814,17.9567,20.1238,기간만료,기간만료,기간만료,기간만료,기간만료,기간만료,기간만료,기간만료
036930,주성엔지니어링,반도체,2021-11-23,2021-11-24,17050.0,21.15,-2.6393,-1.7595,-4.9853,-4.1056,-4.1056,-4.1056,-4.1056,-4.1056,기간만료,기간만료,기간만료,손절,손절,손절,손절,손절
036930,주성엔지니어링,반도체,2021-12-02,2021-12-03,19750.0,18.86,-0.5063,-0.2532,4.8101,-3.2911,-3.5443,1.0127,9.3671,6.5823,기간만료,기간만료,기간만료,기간만료,기간만료,기간만료,기간만료,기간만료
036930,주성엔지니어링,반도체,2022-02-24,2022-02-25,22700.0,0.58,8.5903,13.4361,20.2643,18.5022,8.5903,2.2026,2.2026,2.2026,기간만료,기간만료,기간만료,기간만료,기간만료,기간만료,20일선이탈,20일선이탈
036930,주성엔지니어링,반도체,2022-02-25,2022-02-28,24650.0,-0.7,4.4625,10.7505,11.7647,6.288,0.0,-5.8824,-5.8824,-5.8824,기간만료,기간만료,기간만료,기간만료,기간만료,손절,손절,손절
036930,주성엔지니어링,반도체,2022-07-29,2022-08-01,17150.0,2.28,4.6647,0.5831,4.3732,-4.0816,-7.2886,-7.2886,-7.2886,-7.2886,기간만료,기간만료,기간만료,기간만료,손절,손절,손절,손절
036930,주성엔지니어링,반도체,2022-08-01,2022-08-02,17950.0,2.21,-3.8997,-0.2786,-1.1142,-8.3565,-8.3565,-8.3565,-8.3565,-8.3565,기간만료,기간만료,기간만료,손절,손절,손절,손절,손절
036930,주성엔지니어링,반도체,2022-12-14,2022-12-15,12550.0,-1.96,-3.9841,-3.9841,-3.9841,-3.9841,-3.9841,-3.9841,-3.9841,-3.9841,기간만료,20일선이탈,20일선이탈,20일선이탈,20일선이탈,20일선이탈,20일선이탈,20일선이탈
036930,주성엔지니어링,반도체,2023-03-17,2023-03-20,11610.0,0.66,0.5168,5.5125,1.3781,33.1611,38.932,36.2618,49.0095,51.8519,기간만료,기간만료,기간만료,기간만료,기간만료,기간만료,기간만료,기간만료
036930,주성엔지니어링,반도체,2023-03-21,2023-03-22,12250.0,2.93,-3.9184,9.3061,26.2041,31.6735,37.3061,25.7143,55.9184,36.5714,기간만료,기간만료,기간만료,기간만료,기간만료,기간만료,기간만료,기간만료
036930,주성엔지니어링,반도체,2023-03-23,2023-03-24,13390.0,7.62,15.4593,21.2845,20.463,25.6161,16.1314,14.1897,43.764,25.0934,기간만료,기간만료,기간만료,기간만료,기간만료,기간만료,기간만료,기간만료
036930,주성엔지니어링,반도체,2023-03-24,2023-03-27,15460.0,15.65,5.0453,4.3338,8.2794,2.3286,-0.3881,11.9017,14.0362,10.608,기간만료,기간만료,기간만료,기간만료,기간만료,기간만료,기간만료,기간만료
036930,주성엔지니어링,반도체,2023-03-27,2023-03-28,16240.0,17.95,-0.6773,3.0788,3.5714,-4.2488,-5.1724,-5.1724,-5.1724,-5.1724,기간만료,기간만료,기간만료,기간만료,손절,손절,손절,손절
036930,주성엔지니어링,반도체,2023-04-10,2023-04-11,17060.0,22.88,11.9578,6.9168,12.837,1.6999,-2.1102,-4.8652,-4.8652,-4.8652,기간만료,기간만료,기간만료,기간만료,기간만료,기간만료,20일선이탈,20일선이탈
036930,주성엔지니어링,반도체,2023-04-11,2023-04-12,19100.0,27.59,-4.5026,0.7853,0.7853,0.7853,0.7853,0.7853,0.7853,0.7853,기간만료,손절,손절,손절,손절,손절,손절,손절
036930,주성엔지니어링,반도체,2023-05-19,2023-05-22,17250.0,8.16,-0.3478,-3.0725,-0.2899,-0.9855,-4.0,-2.8406,2.2029,8.2319,기간만료,기간만료,기간만료,기간만료,기간만료,기간만료,기간만료,기간만료
036930,주성엔지니어링,반도체,2023-06-20,2023-06-21,18670.0,9.48,-6.5345,-5.3562,-5.3562,-5.3562,-5.3562,-5.3562,-5.3562,-5.3562,기간만료,손절,손절,손절,손절,손절,손절,손절
036930,주성엔지니어링,반도체,2023-06-29,2023-06-30,19150.0,10.74,0.2611,0.9922,1.3055,-5.2742,-5.2742,-5.2742,-5.2742,-5.2742,기간만료,기간만료,기간만료,손절,손절,손절,손절,손절
036930,주성엔지니어링,반도체,2023-07-17,2023-07-18,21450.0,15.94,-1.3986,-1.6317,0.0,7.9254,10.7226,28.9044,24.9417,15.6177,기간만료,기간만료,기간만료,기간만료,기간만료,기간만료,기간만료,20일선이탈
036930,주성엔지니어링,반도체,2023-07-27,2023-07-28,28050.0,16.3,0.713,-1.426,3.3868,-6.7736,-6.7736,-6.7736,-6.7736,-6.7736,기간만료,기간만료,기간만료,손절,손절,손절,손절,손절
036930,주성엔지니어링,반도체,2023-07-28,2023-07-31,28250.0,21.55,-2.1239,2.6549,-7.4336,-7.4336,-7.4336,-7.4336,-7.4336,-7.4336,기간만료,기간만료,손절,손절,손절,손절,손절,손절
036930,주성엔지니어링,반도체,2023-09-14,2023-09-15,31450.0,4.21,-2.8617,-6.2003,-6.2003,-6.2003,-6.2003,-6.2003,-6.2003,-6.2003,기간만료,손절,손절,손절,손절,손절,손절,손절
036930,주성엔지니어링,반도체,2023-11-06,2023-11-07,31050.0,7.4,5.9581,3.8647,-0.161,8.8567,18.1965,15.942,9.0177,7.0853,기간만료,기간만료,기간만료,기간만료,기간만료,기간만료,기간만료,기간만료
036930,주성엔지니어링,반도체,2023-11-15,2023-11-16,36700.0,5.27,-1.7711,-3.8147,-1.9074,-7.7657,-7.7657,-7.7657,-7.7657,-7.7657,기간만료,기간만료,기간만료,손절,손절,손절,손절,손절
036930,주성엔지니어링,반도체,2024-01-25,2024-01-26,34200.0,7.67,-4.6784,-2.7778,-3.9474,-8.1871,-8.1871,-8.1871,-8.1871,-8.1871,기간만료,기간만료,기간만료,손절,손절,손절,손절,손절
036930,주성엔지니어링,반도체,2024-02-27,2024-02-28,34700.0,-0.75,13.6888,8.0692,9.5101,9.366,0.8646,1.7291,-3.3141,-3.3141,기간만료,기간만료,기간만료,기간만료,기간만료,기간만료,20일선이탈,20일선이탈
036930,주성엔지니어링,반도체,2024-02-28,2024-02-29,39450.0,4.7,-4.943,-4.943,-4.943,-4.943,-4.943,-4.943,-4.943,-4.943,손절,손절,손절,손절,손절,손절,손절,손절
036930,주성엔지니어링,반도체,2024-04-02,2024-04-03,36050.0,9.67,-1.5257,-1.5257,-1.5257,-1.5257,-1.5257,-1.5257,-1.5257,-1.5257,기간만료,20일선이탈,20일선이탈,20일선이탈,20일선이탈,20일선이탈,20일선이탈,20일선이탈
036930,주성엔지니어링,반도체,2024-06-05,2024-06-07,33800.0,0.15,1.0355,2.2189,1.7751,7.3964,4.7337,2.5148,-1.7751,-1.7751,기간만료,기간만료,기간만료,기간만료,기간만료,기간만료,20일선이탈,20일선이탈
036930,주성엔지니어링,반도체,2024-06-07,2024-06-10,34150.0,-0.22,1.1713,0.7321,7.1742,1.0249,6.1493,1.0249,-2.7818,-2.7818,기간만료,기간만료,기간만료,기간만료,기간만료,기간만료,20일선이탈,20일선이탈
036930,주성엔지니어링,반도체,2024-06-28,2024-07-01,36950.0,-1.38,4.3302,2.0298,3.3829,-3.9242,-3.9242,-3.9242,-3.9242,-3.9242,기간만료,기간만료,기간만료,기간만료,20일선이탈,20일선이탈,20일선이탈,20일선이탈
036930,주성엔지니어링,반도체,2024-10-29,2024-10-30,30300.0,4.14,-2.8053,-2.8053,-2.8053,-2.8053,-2.8053,-2.8053,-2.8053,-2.8053,기간만료,20일선이탈,20일선이탈,20일선이탈,20일선이탈,20일선이탈,20일선이탈,20일선이탈
036930,주성엔지니어링,반도체,2025-02-14,2025-02-17,34550.0,2.99,-0.7236,0.1447,10.4197,3.7627,3.0391,-6.3676,-6.3676,-6.3676,기간만료,기간만료,기간만료,기간만료,기간만료,기간만료,20일선이탈,20일선이탈
036930,주성엔지니어링,반도체,2025-02-19,2025-02-20,38150.0,5.42,0.9174,-6.0288,-8.1258,-8.1258,-8.1258,-8.1258,-8.1258,-8.1258,기간만료,기간만료,손절,손절,손절,손절,손절,손절
036930,주성엔지니어링,반도체,2025-03-17,2025-03-18,37950.0,-0.58,0.527,5.1383,4.7431,11.9895,5.9289,3.6891,-9.8814,-9.8814,기간만료,기간만료,기간만료,기간만료,기간만료,기간만료,20일선이탈,20일선이탈
036930,주성엔지니어링,반도체,2025-03-20,2025-03-21,39750.0,-2.26,5.5346,6.9182,0.6289,1.3836,-1.0063,-6.6667,-13.9623,-13.9623,기간만료,기간만료,기간만료,기간만료,기간만료,기간만료,손절,손절
036930,주성엔지니어링,반도체,2025-03-21,2025-03-24,41950.0,0.11,1.3111,-4.6484,-4.1716,-10.8462,-10.8462,-10.8462,-10.8462,-10.8462,기간만료,기간만료,기간만료,손절,손절,손절,손절,손절
036930,주성엔지니어링,반도체,2025-09-15,2025-09-16,30100.0,2.81,-0.4983,0.3322,7.309,4.3189,5.1495,3.1561,3.3223,4.3189,기간만료,기간만료,기간만료,기간만료,기간만료,기간만료,기간만료,20일선이탈
036930,주성엔지니어링,반도체,2025-09-18,2025-09-22,32300.0,9.9,2.1672,-2.7864,-0.4644,-4.9536,-3.87,-3.096,-2.7864,-2.7864,기간만료,기간만료,기간만료,기간만료,기간만료,기간만료,기간만료,20일선이탈
036930,주성엔지니어링,반도체,2025-12-01,2025-12-02,30000.0,4.97,2.8333,0.6667,-1.6667,-2.6667,-3.8333,-8.3333,-8.3333,-8.3333,기간만료,기간만료,기간만료,기간만료,기간만료,손절,손절,손절
036930,주성엔지니어링,반도체,2026-01-02,2026-01-05,31850.0,5.77,-1.7268,2.8257,-2.3548,8.6342,3.4537,-1.5699,0.314,33.752,기간만료,기간만료,기간만료,기간만료,기간만료,기간만료,기간만료,기간만료
036930,주성엔지니어링,반도체,2026-01-05,2026-01-06,31300.0,7.8,4.6326,-0.639,8.147,6.869,3.6741,1.278,5.5911,39.6166,기간만료,기간만료,기간만료,기간만료,기간만료,기간만료,기간만료,기간만료
036930,주성엔지니어링,반도체,2026-01-06,2026-01-07,32750.0,12.81,-5.0382,-5.0382,-5.0382,-5.0382,-5.0382,-5.0382,-5.0382,-5.0382,손절,손절,손절,손절,손절,손절,손절,손절
036930,주성엔지니어링,반도체,2026-01-08,2026-01-09,33850.0,11.16,2.2157,-1.1817,-2.6588,-2.8065,-7.3855,-7.3855,-7.3855,-7.3855,기간만료,기간만료,기간만료,기간만료,손절,손절,손절,손절
036930,주성엔지니어링,반도체,2026-01-27,2026-01-28,37450.0,10.81,6.008,2.9372,13.7517,23.6315,18.024,32.9773,51.6689,46.3284,기간만료,기간만료,기간만료,기간만료,기간만료,기간만료,기간만료,기간만료
036930,주성엔지니어링,반도체,2026-03-03,2026-03-04,58900.0,9.63,-3.2258,-3.2258,-3.2258,-3.2258,-3.2258,-3.2258,-3.2258,-3.2258,손절,손절,손절,손절,손절,손절,손절,손절
036930,주성엔지니어링,반도체,2026-03-05,2026-03-06,67000.0,12.12,-6.7164,-3.1343,-3.1343,-3.1343,-3.1343,-3.1343,-3.1343,-3.1343,기간만료,손절,손절,손절,손절,손절,손절,손절
036930,주성엔지니어링,반도체,2026-03-10,2026-03-11,70900.0,12.76,-7.6164,-7.6164,-7.6164,-7.6164,-7.6164,-7.6164,-7.6164,-7.6164,손절,손절,손절,손절,손절,손절,손절,손절
036930,주성엔지니어링,반도체,2026-03-20,2026-03-23,71500.0,14.69,7.1329,7.6923,3.3566,-7.5524,-13.2867,-13.2867,-13.2867,-13.2867,기간만료,기간만료,기간만료,기간만료,손절,손절,손절,손절
036930,주성엔지니어링,반도체,2026-03-24,2026-03-25,77000.0,20.48,-4.026,-10.6494,-10.6494,-10.6494,-10.6494,-10.6494,-10.6494,-10.6494,기간만료,손절,손절,손절,손절,손절,손절,손절
036930,주성엔지니어링,반도체,2026-04-20,2026-04-21,95900.0,0.25,25.1303,25.5474,21.1679,31.3869,31.3869,33.1595,74.1397,94.1606,기간만료,기간만료,기간만료,기간만료,기간만료,기간만료,기간만료,기간만료
036930,주성엔지니어링,반도체,2026-04-21,2026-04-22,120000.0,1.63,0.3333,-3.1667,4.1667,-5.0,5.5,10.3333,47.9167,54.4167,기간만료,기간만료,기간만료,기간만료,기간만료,기간만료,기간만료,기간만료
036930,주성엔지니어링,반도체,2026-05-22,2026-05-26,229000.0,5.44,6.1135,2.4017,-6.1135,-6.1135,-6.1135,-6.1135,-6.1135,-6.1135,기간만료,기간만료,손절,손절,손절,손절,손절,손절
036930,주성엔지니어링,반도체,2026-06-04,2026-06-05,228500.0,-7.61,-21.1379,-21.1379,-21.1379,-21.1379,-21.1379,-21.1379,-21.1379,-21.1379,손절,손절,손절,손절,손절,손절,손절,손절
036930,주성엔지니어링,반도체,2026-06-11,2026-06-12,267500.0,8.56,-11.215,-11.215,-11.215,-11.215,-11.215,-11.215,-11.215,-11.215,손절,손절,손절,손절,손절,손절,손절,손절
036930,주성엔지니어링,반도체,2026-07-01,2026-07-02,226000.0,13.25,1.7699,-14.1593,-14.1593,-14.1593,-14.1593,-14.1593,-14.1593,-14.1593,기간만료,손절,손절,손절,손절,손절,손절,손절
373220,LG에너지솔루션,2차전지,2022-03-25,2022-03-28,439000.0,2.23,0.9112,1.2528,-0.4556,-3.8724,-0.6834,-0.9112,-5.6948,-5.6948,기간만료,기간만료,기간만료,기간만료,기간만료,기간만료,손절,손절
373220,LG에너지솔루션,2차전지,2022-05-20,2022-05-23,438500.0,5.98,0.0,0.114,-2.7366,-0.9122,0.4561,-1.3683,-4.675,-4.675,기간만료,기간만료,기간만료,기간만료,기간만료,기간만료,20일선이탈,20일선이탈
373220,LG에너지솔루션,2차전지,2022-07-25,2022-07-26,388000.0,-2.27,-1.2887,2.0619,7.2165,8.2474,14.5619,15.4639,18.8144,15.8505,기간만료,기간만료,기간만료,기간만료,기간만료,기간만료,기간만료,기간만료
373220,LG에너지솔루션,2차전지,2022-07-28,2022-07-29,416000.0,7.48,0.9615,0.9615,0.0,6.6106,7.6923,12.7404,6.1298,8.4135,기간만료,기간만료,기간만료,기간만료,기간만료,기간만료,기간만료,기간만료
373220,LG에너지솔루션,2차전지,2022-09-02,2022-09-05,481500.0,3.23,0.3115,0.0,2.2845,1.1423,6.3344,0.0,-5.919,-5.919,기간만료,기간만료,기간만료,기간만료,기간만료,기간만료,20일선이탈,20일선이탈
373220,LG에너지솔루션,2차전지,2022-11-30,2022-12-01,589000.0,-2.07,-0.6791,-0.6791,-0.6791,-0.6791,-0.6791,-0.6791,-0.6791,-0.6791,기간만료,20일선이탈,20일선이탈,20일선이탈,20일선이탈,20일선이탈,20일선이탈,20일선이탈
373220,LG에너지솔루션,2차전지,2023-03-02,2023-03-03,539000.0,17.03,1.1132,1.6698,3.7106,-0.3711,3.8961,7.4212,7.0501,7.9777,기간만료,기간만료,기간만료,기간만료,기간만료,기간만료,기간만료,기간만료
373220,LG에너지솔루션,2차전지,2023-03-07,2023-03-08,559000.0,23.76,0.8945,-3.9356,-0.8945,-1.4311,3.5778,-0.3578,3.3989,2.8623,기간만료,기간만료,기간만료,기간만료,기간만료,기간만료,기간만료,기간만료
373220,LG에너지솔루션,2차전지,2023-04-11,2023-04-12,608000.0,25.14,-4.4408,-0.8224,-3.2895,-2.4671,-4.2763,-4.2763,-4.2763,-4.2763,기간만료,기간만료,기간만료,기간만료,20일선이탈,20일선이탈,20일선이탈,20일선이탈
373220,LG에너지솔루션,2차전지,2023-05-31,2023-06-01,595000.0,-5.86,-1.1765,-0.8403,0.3361,0.3361,2.8571,-0.6723,-5.7143,-5.7143,기간만료,기간만료,기간만료,기간만료,기간만료,기간만료,손절,손절
373220,LG에너지솔루션,2차전지,2023-07-24,2023-07-25,607000.0,21.41,-1.9769,-4.9423,-11.0379,-11.0379,-11.0379,-11.0379,-11.0379,-11.0379,기간만료,기간만료,손절,손절,손절,손절,손절,손절
373220,LG에너지솔루션,2차전지,2023-10-11,2023-10-12,494000.0,-11.6,-0.8097,-2.9352,-2.9352,-2.9352,-2.9352,-2.9352,-2.9352,-2.9352,기간만료,기간만료,20일선이탈,20일선이탈,20일선이탈,20일선이탈,20일선이탈,20일선이탈
373220,LG에너지솔루션,2차전지,2023-11-06,2023-11-07,488500.0,6.03,-8.7001,-8.7001,-8.7001,-8.7001,-8.7001,-8.7001,-8.7001,-8.7001,손절,손절,손절,손절,손절,손절,손절,손절
373220,LG에너지솔루션,2차전지,2024-07-03,2024-07-04,364000.0,-6.07,-1.3736,-1.6484,-1.3736,0.1374,2.4725,-4.9451,-4.9451,-4.9451,기간만료,기간만료,기간만료,기간만료,기간만료,20일선이탈,20일선이탈,20일선이탈
373220,LG에너지솔루션,2차전지,2024-07-11,2024-07-12,371000.0,-11.89,0.5391,-3.2345,-6.7385,-6.7385,-6.7385,-6.7385,-6.7385,-6.7385,기간만료,기간만료,손절,손절,손절,손절,손절,손절
373220,LG에너지솔루션,2차전지,2024-08-21,2024-08-22,351500.0,-0.95,2.276,3.9829,7.6814,5.5477,11.522,16.7852,14.7937,14.0825,기간만료,기간만료,기간만료,기간만료,기간만료,기간만료,기간만료,기간만료
373220,LG에너지솔루션,2차전지,2024-08-29,2024-08-30,391000.0,5.29,0.2558,6.5217,2.046,5.3708,1.9182,5.7545,6.1381,3.1969,기간만료,기간만료,기간만료,기간만료,기간만료,기간만료,기간만료,기간만료
373220,LG에너지솔루션,2차전지,2024-09-02,2024-09-03,416500.0,6.57,-4.2017,-1.4406,-1.0804,-6.7227,-6.7227,-6.7227,-6.7227,-6.7227,기간만료,기간만료,기간만료,손절,손절,손절,손절,손절
373220,LG에너지솔루션,2차전지,2024-10-08,2024-10-10,432000.0,9.36,-1.2731,-5.6713,-5.6713,-3.9352,-3.9352,-3.9352,-3.9352,-3.9352,기간만료,기간만료,기간만료,손절,손절,손절,손절,손절
373220,LG에너지솔루션,2차전지,2024-11-11,2024-11-12,418000.0,-10.49,0.8373,0.8373,-3.5885,-10.2871,-10.2871,-10.2871,-10.2871,-10.2871,기간만료,기간만료,기간만료,손절,손절,손절,손절,손절
373220,LG에너지솔루션,2차전지,2025-02-13,2025-02-14,355500.0,-6.9,-0.2813,-0.1406,-0.5626,6.4698,8.5795,2.9536,-1.2658,-1.2658,기간만료,기간만료,기간만료,기간만료,기간만료,기간만료,20일선이탈,20일선이탈
373220,LG에너지솔루션,2차전지,2025-03-26,2025-03-27,354500.0,-9.0,1.5515,-2.3977,-4.7955,-4.7955,-4.7955,-4.7955,-4.7955,-4.7955,기간만료,기간만료,손절,손절,손절,손절,손절,손절
373220,LG에너지솔루션,2차전지,2025-04-10,2025-04-11,337000.0,-6.06,0.1484,1.632,3.8576,2.0772,-1.4837,-1.4837,-1.4837,-1.4837,기간만료,기간만료,기간만료,기간만료,기간만료,20일선이탈,20일선이탈,20일선이탈
373220,LG에너지솔루션,2차전지,2025-07-03,2025-07-04,313000.0,-2.21,4.6326,0.3195,-0.9585,0.9585,1.278,1.278,16.1342,22.2045,기간만료,기간만료,기간만료,기간만료,기간만료,기간만료,기간만료,기간만료
373220,LG에너지솔루션,2차전지,2025-07-24,2025-07-25,363500.0,13.76,1.6506,2.6135,7.4278,5.227,4.6768,5.9147,7.8404,4.2641,기간만료,기간만료,기간만료,기간만료,기간만료,기간만료,기간만료,20일선이탈
373220,LG에너지솔루션,2차전지,2025-10-02,2025-10-10,367500.0,-7.86,-1.0884,-1.7687,4.4898,13.1973,17.6871,22.9932,29.6599,27.8912,기간만료,기간만료,기간만료,기간만료,기간만료,기간만료,기간만료,기간만료
373220,LG에너지솔루션,2차전지,2025-10-14,2025-10-15,384000.0,-0.49,0.3906,8.3333,12.7604,15.625,17.7083,32.8125,22.1354,25.3906,기간만료,기간만료,기간만료,기간만료,기간만료,기간만료,기간만료,기간만료
373220,LG에너지솔루션,2차전지,2025-10-16,2025-10-17,416000.0,8.48,4.0865,3.9663,6.7308,8.6538,18.8702,14.5433,12.9808,12.9808,기간만료,기간만료,기간만료,기간만료,기간만료,기간만료,기간만료,기간만료
373220,LG에너지솔루션,2차전지,2025-10-17,2025-10-20,433000.0,19.71,-0.1155,2.5404,4.157,14.3187,17.7829,10.8545,7.5058,8.3141,기간만료,기간만료,기간만료,기간만료,기간만료,기간만료,기간만료,기간만료
373220,LG에너지솔루션,2차전지,2025-10-24,2025-10-27,495000.0,29.37,-0.101,3.0303,3.2323,-3.0303,-5.2525,-2.7273,-2.7273,-2.7273,기간만료,기간만료,기간만료,기간만료,기간만료,손절,손절,손절
373220,LG에너지솔루션,2차전지,2026-01-28,2026-01-29,435000.0,9.76,-4.1379,-9.7701,-9.7701,-9.7701,-9.7701,-9.7701,-9.7701,-9.7701,기간만료,손절,손절,손절,손절,손절,손절,손절
373220,LG에너지솔루션,2차전지,2026-04-21,2026-04-22,491500.0,20.52,-2.0346,-3.764,-3.764,-3.764,-3.764,-3.764,-3.764,-3.764,기간만료,손절,손절,손절,손절,손절,손절,손절
373220,LG에너지솔루션,2차전지,2026-05-28,2026-05-29,444500.0,-30.73,5.6243,3.1496,0.7874,-4.9494,-4.9494,-4.9494,-4.9494,-4.9494,기간만료,기간만료,기간만료,손절,손절,손절,손절,손절
373220,LG에너지솔루션,2차전지,2026-05-29,2026-06-01,469500.0,-37.18,-2.3429,-4.5793,-4.5793,-4.5793,-4.5793,-4.5793,-4.5793,-4.5793,기간만료,손절,손절,손절,손절,손절,손절,손절
006400,삼성SDI,2차전지,2020-02-04,2020-02-05,321000.0,17.94,-4.3614,-1.2461,-2.0249,6.3863,5.1402,6.6978,-2.648,-3.7383,기간만료,기간만료,기간만료,기간만료,기간만료,기간만료,기간만료,20일선이탈
006400,삼성SDI,2차전지,2020-05-13,2020-05-14,310000.0,7.56,-0.4839,-1.6129,3.2258,7.9032,9.0323,16.9355,18.0645,25.6452,기간만료,기간만료,기간만료,기간만료,기간만료,기간만료,기간만료,기간만료
006400,삼성SDI,2차전지,2020-05-26,2020-05-27,378000.0,19.76,-4.1005,-6.0847,-6.0847,-6.0847,-6.0847,-6.0847,-6.0847,-6.0847,기간만료,손절,손절,손절,손절,손절,손절,손절
006400,삼성SDI,2차전지,2020-07-28,2020-07-29,393000.0,4.38,-1.7812,-1.7812,-1.7812,-1.7812,-1.7812,-1.7812,-1.7812,-1.7812,기간만료,20일선이탈,20일선이탈,20일선이탈,20일선이탈,20일선이탈,20일선이탈,20일선이탈
006400,삼성SDI,2차전지,2020-08-03,2020-08-04,429500.0,8.32,-3.2596,8.7311,8.6147,8.6147,12.4563,2.0955,-1.7462,-1.7462,기간만료,기간만료,기간만료,기간만료,기간만료,기간만료,20일선이탈,20일선이탈
006400,삼성SDI,2차전지,2020-08-05,2020-08-06,467000.0,7.6,-0.1071,4.0685,-0.1071,3.4261,-7.0664,-6.1028,-6.1028,-6.1028,기간만료,기간만료,기간만료,기간만료,기간만료,손절,손절,손절
006400,삼성SDI,2차전지,2020-08-07,2020-08-10,486000.0,12.14,-4.0123,-3.8066,-0.6173,-10.6996,-10.6996,-10.6996,-10.6996,-10.6996,기간만료,기간만료,기간만료,손절,손절,손절,손절,손절
006400,삼성SDI,2차전지,2020-10-30,2020-11-02,447500.0,0.18,-1.0056,4.2458,5.4749,14.4134,17.5419,9.9441,16.2011,24.0223,기간만료,기간만료,기간만료,기간만료,기간만료,기간만료,기간만료,기간만료
006400,삼성SDI,2차전지,2020-11-03,2020-11-04,466500.0,1.02,1.179,5.895,9.7535,12.7546,6.7524,6.538,20.2572,17.2562,기간만료,기간만료,기간만료,기간만료,기간만료,기간만료,기간만료,기간만료
006400,삼성SDI,2차전지,2020-11-06,2020-11-09,512000.0,3.14,2.9297,2.7344,0.1953,-3.9062,-4.1016,-4.1016,-4.1016,-4.1016,기간만료,기간만료,기간만료,기간만료,손절,손절,손절,손절
006400,삼성SDI,2차전지,2020-12-29,2020-12-30,602000.0,6.85,9.6346,12.1262,15.1163,17.9402,21.4286,25.5814,24.7508,27.5748,기간만료,기간만료,기간만료,기간만료,기간만료,기간만료,기간만료,기간만료
006400,삼성SDI,2차전지,2021-04-13,2021-04-14,700000.0,7.31,-0.4286,0.5714,-1.1429,-2.1429,-4.0,-2.8571,-2.8571,-2.8571,기간만료,기간만료,기간만료,기간만료,기간만료,20일선이탈,20일선이탈,20일선이탈
006400,삼성SDI,2차전지,2021-06-11,2021-06-14,643000.0,-8.12,0.311,1.5552,1.7107,4.6656,6.3764,6.8429,12.9082,14.93,기간만료,기간만료,기간만료,기간만료,기간만료,기간만료,기간만료,기간만료
006400,삼성SDI,2차전지,2022-03-23,2022-03-24,521000.0,0.09,4.0307,3.6468,3.6468,8.2534,10.5566,13.4357,15.547,17.2745,기간만료,기간만료,기간만료,기간만료,기간만료,기간만료,기간만료,기간만료
006400,삼성SDI,2차전지,2022-03-30,2022-03-31,564000.0,4.27,4.6099,2.1277,5.4965,4.7872,5.4965,6.7376,8.3333,3.0142,기간만료,기간만료,기간만료,기간만료,기간만료,기간만료,기간만료,20일선이탈
006400,삼성SDI,2차전지,2022-03-31,2022-04-01,590000.0,2.65,-2.3729,0.8475,0.0,-0.5085,-2.8814,2.8814,2.2034,-1.5254,기간만료,기간만료,기간만료,기간만료,기간만료,기간만료,기간만료,20일선이탈
006400,삼성SDI,2차전지,2022-10-21,2022-10-24,636000.0,6.67,2.673,5.0314,7.7044,15.4088,17.9245,16.6667,17.7673,10.0629,기간만료,기간만료,기간만료,기간만료,기간만료,기간만료,기간만료,20일선이탈
006400,삼성SDI,2차전지,2022-10-27,2022-10-28,712000.0,9.18,3.0899,3.2303,5.3371,3.2303,3.0899,4.073,-1.6854,-1.6854,기간만료,기간만료,기간만료,기간만료,기간만료,기간만료,기간만료,20일선이탈
006400,삼성SDI,2차전지,2023-03-02,2023-03-03,711000.0,17.03,5.2039,9.564,10.5485,1.5471,2.391,4.782,1.9691,1.9691,기간만료,기간만료,기간만료,기간만료,기간만료,기간만료,20일선이탈,20일선이탈
006400,삼성SDI,2차전지,2023-03-03,2023-03-06,748000.0,22.81,4.1444,5.0802,1.0695,-1.3369,-2.6738,-5.2139,-3.0749,-3.0749,기간만료,기간만료,기간만료,기간만료,기간만료,기간만료,20일선이탈,20일선이탈
006400,삼성SDI,2차전지,2023-03-06,2023-03-07,779000.0,25.67,0.8986,-2.9525,-7.3171,-7.3171,-7.3171,-7.3171,-7.3171,-7.3171,기간만료,기간만료,손절,손절,손절,손절,손절,손절
006400,삼성SDI,2차전지,2023-11-06,2023-11-07,495000.0,6.03,-4.9495,-4.9495,-4.9495,-4.9495,-4.9495,-4.9495,-4.9495,-4.9495,손절,손절,손절,손절,손절,손절,손절,손절
006400,삼성SDI,2차전지,2024-03-07,2024-03-08,420500.0,8.84,0.1189,0.2378,7.8478,3.9239,7.3722,8.0856,13.5553,3.2105,기간만료,기간만료,기간만료,기간만료,기간만료,기간만료,기간만료,20일선이탈
006400,삼성SDI,2차전지,2024-03-08,2024-03-11,421000.0,8.5,0.1188,7.7197,7.9572,0.9501,7.0071,13.5392,11.4014,3.0879,기간만료,기간만료,기간만료,기간만료,기간만료,기간만료,기간만료,20일선이탈
006400,삼성SDI,2차전지,2024-03-12,2024-03-13,453500.0,8.38,0.2205,-3.6384,-6.2845,-6.2845,-6.2845,-6.2845,-6.2845,-6.2845,기간만료,기간만료,손절,손절,손절,손절,손절,손절
006400,삼성SDI,2차전지,2025-05-28,2025-05-29,175800.0,-17.51,-1.8771,-3.2992,-0.6826,-1.3083,-2.8441,-2.7873,-4.3231,-4.3231,기간만료,기간만료,기간만료,기간만료,기간만료,기간만료,20일선이탈,20일선이탈
006400,삼성SDI,2차전지,2025-07-30,2025-07-31,212500.0,13.81,-7.5765,-7.5765,-7.5765,-7.5765,-7.5765,-7.5765,-7.5765,-7.5765,손절,손절,손절,손절,손절,손절,손절,손절
006400,삼성SDI,2차전지,2025-08-05,2025-08-06,212000.0,17.06,5.1887,4.4811,4.4811,6.3679,4.9528,3.3019,4.0094,-4.4811,기간만료,기간만료,기간만료,기간만료,기간만료,기간만료,기간만료,20일선이탈
006400,삼성SDI,2차전지,2025-10-14,2025-10-15,223000.0,-0.49,-0.4484,4.9327,15.6951,17.4888,17.0404,40.1345,46.861,45.5157,기간만료,기간만료,기간만료,기간만료,기간만료,기간만료,기간만료,기간만료
006400,삼성SDI,2차전지,2025-10-16,2025-10-17,234000.0,8.48,10.2564,11.7521,11.9658,11.5385,20.7265,35.0427,32.4786,38.0342,기간만료,기간만료,기간만료,기간만료,기간만료,기간만료,기간만료,기간만료
006400,삼성SDI,2차전지,2025-10-17,2025-10-20,258000.0,19.71,1.3566,1.5504,1.3566,17.8295,21.124,27.3256,19.3798,24.4186,기간만료,기간만료,기간만료,기간만료,기간만료,기간만료,기간만료,기간만료
006400,삼성SDI,2차전지,2025-10-24,2025-10-27,304000.0,29.37,-7.0724,-7.0724,-7.0724,-7.0724,-7.0724,-7.0724,-7.0724,-7.0724,손절,손절,손절,손절,손절,손절,손절,손절
006400,삼성SDI,2차전지,2025-10-28,2025-10-29,312500.0,32.76,7.2,1.12,5.12,4.8,-0.8,3.84,-3.84,-3.84,기간만료,기간만료,기간만료,기간만료,기간만료,기간만료,기간만료,20일선이탈
006400,삼성SDI,2차전지,2025-10-29,2025-10-30,335000.0,34.03,-5.6716,-1.9403,5.3731,0.0,-8.0597,-8.0597,-8.0597,-8.0597,기간만료,기간만료,기간만료,기간만료,손절,손절,손절,손절
006400,삼성SDI,2차전지,2026-01-13,2026-01-14,298500.0,-21.02,-3.8526,-2.3451,-3.1826,5.8626,34.6734,31.9933,25.2931,27.8057,기간만료,기간만료,기간만료,기간만료,기간만료,기간만료,기간만료,기간만료
006400,삼성SDI,2차전지,2026-01-19,2026-01-20,319000.0,-22.81,-0.9404,4.3887,26.0188,17.0846,24.6082,14.8903,20.8464,26.0188,기간만료,기간만료,기간만료,기간만료,기간만료,기간만료,기간만료,기간만료
006400,삼성SDI,2차전지,2026-01-20,2026-01-21,316000.0,-15.31,5.3797,27.2152,21.9937,24.6835,23.5759,18.3544,20.7278,28.9557,기간만료,기간만료,기간만료,기간만료,기간만료,기간만료,기간만료,기간만료
006400,삼성SDI,2차전지,2026-01-22,2026-01-23,402000.0,-6.43,-4.1045,-4.1045,-4.1045,-4.1045,-4.1045,-4.1045,-4.1045,-4.1045,손절,손절,손절,손절,손절,손절,손절,손절
006400,삼성SDI,2차전지,2026-02-24,2026-02-25,422000.0,-6.83,4.1469,4.1469,7.4645,-7.346,-7.346,-7.346,-7.346,-7.346,기간만료,기간만료,기간만료,손절,손절,손절,손절,손절
006400,삼성SDI,2차전지,2026-04-02,2026-04-03,451500.0,7.84,-2.3256,-0.6645,4.3189,6.9767,7.5305,6.3123,43.5216,58.361,기간만료,기간만료,기간만료,기간만료,기간만료,기간만료,기간만료,기간만료
006400,삼성SDI,2차전지,2026-04-21,2026-04-22,686000.0,20.52,-4.2274,-5.5394,-5.5394,-5.5394,-5.5394,-5.5394,-5.5394,-5.5394,기간만료,손절,손절,손절,손절,손절,손절,손절
051910,LG화학,2차전지,2020-02-04,2020-02-05,391000.0,17.94,-4.2199,-3.5806,-2.1739,4.4757,6.5217,7.5448,0.7673,-3.7084,기간만료,기간만료,기간만료,기간만료,기간만료,기간만료,기간만료,20일선이탈
051910,LG화학,2차전지,2020-02-11,2020-02-12,408500.0,21.09,0.0,1.9584,2.9376,2.9376,-0.3672,-3.5496,-7.8335,-7.8335,기간만료,기간만료,기간만료,기간만료,기간만료,기간만료,손절,손절
051910,LG화학,2차전지,2020-07-31,2020-08-03,578000.0,3.97,12.8028,10.7266,16.263,29.2388,29.0657,19.2042,23.1834,28.2007,기간만료,기간만료,기간만료,기간만료,기간만료,기간만료,기간만료,기간만료
051910,LG화학,2차전지,2020-08-03,2020-08-04,652000.0,8.32,-1.8405,3.0675,4.2945,9.6626,16.2577,8.589,10.1227,13.9571,기간만료,기간만료,기간만료,기간만료,기간만료,기간만료,기간만료,기간만료
051910,LG화학,2차전지,2020-08-07,2020-08-10,747000.0,12.14,-4.2838,-0.1339,1.4726,-7.7644,-7.7644,-7.7644,-7.7644,-7.7644,기간만료,기간만료,기간만료,손절,손절,손절,손절,손절
051910,LG화학,2차전지,2020-11-06,2020-11-09,739000.0,3.14,-2.3004,-4.1949,-4.1949,-4.1949,-4.1949,-4.1949,-4.1949,-4.1949,기간만료,손절,손절,손절,손절,손절,손절,손절
051910,LG화학,2차전지,2021-01-04,2021-01-05,891000.0,10.46,1.908,2.1324,10.9989,10.5499,13.1313,10.3255,11.56,1.5713,기간만료,기간만료,기간만료,기간만료,기간만료,기간만료,기간만료,20일선이탈
051910,LG화학,2차전지,2021-01-08,2021-01-11,1012000.0,13.76,-2.668,-4.5455,-0.3953,-5.336,-0.7905,-2.1739,-6.6206,-6.6206,기간만료,기간만료,기간만료,기간만료,기간만료,기간만료,손절,손절
051910,LG화학,2차전지,2021-04-29,2021-04-30,950000.0,7.42,-1.5789,-4.7368,-3.6842,-2.1053,-4.0,-10.7368,-10.7368,-10.7368,기간만료,기간만료,기간만료,기간만료,기간만료,손절,손절,손절
051910,LG화학,2차전지,2021-08-12,2021-08-13,882000.0,18.0,2.0408,2.8345,1.1338,-1.9274,-12.1315,-12.1315,-12.1315,-12.1315,기간만료,기간만료,기간만료,기간만료,손절,손절,손절,손절
051910,LG화학,2차전지,2021-12-08,2021-12-09,759000.0,1.81,-2.8986,-2.5033,-4.6113,-4.6113,-4.6113,-4.6113,-4.6113,-4.6113,기간만료,기간만료,기간만료,20일선이탈,20일선이탈,20일선이탈,20일선이탈,20일선이탈
051910,LG화학,2차전지,2022-01-07,2022-01-10,732000.0,-6.53,-3.2787,2.459,4.6448,-2.5956,-5.7377,-5.7377,-5.7377,-5.7377,기간만료,기간만료,기간만료,기간만료,손절,손절,손절,손절
051910,LG화학,2차전지,2022-04-29,2022-05-02,513000.0,2.91,1.1696,1.1696,0.9747,-3.2164,-3.2164,-3.2164,-3.2164,-3.2164,기간만료,기간만료,기간만료,기간만료,20일선이탈,20일선이탈,20일선이탈,20일선이탈
051910,LG화학,2차전지,2022-05-20,2022-05-23,547000.0,5.98,-0.5484,0.3656,-0.7313,2.1938,8.958,3.6563,2.7422,4.7532,기간만료,기간만료,기간만료,기간만료,기간만료,기간만료,기간만료,기간만료
051910,LG화학,2차전지,2022-05-31,2022-06-02,596000.0,2.7,-2.5168,-3.6913,-4.8658,-4.8658,-4.8658,-4.8658,-4.8658,-4.8658,기간만료,기간만료,손절,손절,손절,손절,손절,손절
051910,LG화학,2차전지,2022-07-28,2022-07-29,603000.0,7.48,0.8292,1.4925,0.8292,1.6584,10.4478,8.2919,5.3068,2.8192,기간만료,기간만료,기간만료,기간만료,기간만료,기간만료,기간만료,20일선이탈
051910,LG화학,2차전지,2023-02-28,2023-03-02,672000.0,19.86,2.2321,7.4405,9.0774,7.1429,6.25,6.5476,2.6786,2.6786,기간만료,기간만료,기간만료,기간만료,기간만료,기간만료,20일선이탈,20일선이탈
051910,LG화학,2차전지,2023-03-03,2023-03-06,722000.0,22.81,1.5235,0.6925,-0.277,-1.108,-0.4155,-3.8781,-4.4321,-4.4321,기간만료,기간만료,기간만료,기간만료,기간만료,기간만료,손절,손절
051910,LG화학,2차전지,2023-03-06,2023-03-07,733000.0,25.67,-0.8186,-1.7735,-5.3206,-3.4106,-2.3192,-5.8663,-5.8663,-5.8663,기간만료,기간만료,기간만료,기간만료,기간만료,손절,손절,손절
051910,LG화학,2차전지,2023-04-11,2023-04-12,799000.0,25.14,-4.8811,1.627,0.3755,2.6283,-0.1252,-7.1339,-7.1339,-7.1339,기간만료,기간만료,기간만료,기간만료,기간만료,손절,손절,손절
051910,LG화학,2차전지,2023-07-24,2023-07-25,730000.0,21.41,-0.411,-0.137,-12.3288,-12.3288,-12.3288,-12.3288,-12.3288,-12.3288,기간만료,기간만료,손절,손절,손절,손절,손절,손절
051910,LG화학,2차전지,2023-12-15,2023-12-18,495000.0,7.38,0.404,1.4141,1.2121,-0.101,-1.4141,-3.8384,-3.8384,-3.8384,기간만료,기간만료,기간만료,기간만료,기간만료,기간만료,20일선이탈,20일선이탈
051910,LG화학,2차전지,2024-02-02,2024-02-05,465500.0,-8.47,-2.4705,-0.2148,5.0483,-1.0741,5.0483,8.0559,0.7519,0.7519,기간만료,기간만료,기간만료,기간만료,기간만료,기간만료,기간만료,20일선이탈
051910,LG화학,2차전지,2024-09-24,2024-09-25,349500.0,11.79,0.8584,3.0043,4.1488,1.2876,2.432,0.1431,-3.1474,-3.1474,기간만료,기간만료,기간만료,기간만료,기간만료,기간만료,20일선이탈,20일선이탈
051910,LG화학,2차전지,2025-03-07,2025-03-10,254000.0,2.3,-6.4961,-5.5118,-5.5118,-5.5118,-5.5118,-5.5118,-5.5118,-5.5118,기간만료,손절,손절,손절,손절,손절,손절,손절
051910,LG화학,2차전지,2025-07-01,2025-07-02,227000.0,-11.14,9.2511,10.5727,17.8414,13.6564,22.0264,19.3833,30.3965,34.141,기간만료,기간만료,기간만료,기간만료,기간만료,기간만료,기간만료,기간만료
051910,LG화학,2차전지,2025-07-03,2025-07-04,251000.0,-2.21,6.5737,1.5936,2.7888,10.3586,8.7649,8.5657,21.5139,17.3307,기간만료,기간만료,기간만료,기간만료,기간만료,기간만료,기간만료,기간만료
051910,LG화학,2차전지,2025-09-09,2025-09-10,290500.0,-13.27,-0.6885,0.8606,-0.6885,-0.3442,1.0327,-1.2048,-1.8933,-1.8933,기간만료,기간만료,기간만료,기간만료,기간만료,기간만료,20일선이탈,20일선이탈
051910,LG화학,2차전지,2025-10-16,2025-10-17,309500.0,8.48,9.0468,10.8239,15.0242,24.7173,28.9176,27.1405,25.6866,31.3409,기간만료,기간만료,기간만료,기간만료,기간만료,기간만료,기간만료,기간만료
051910,LG화학,2차전지,2025-10-17,2025-10-20,337500.0,19.71,1.6296,5.4815,20.4444,19.2593,22.2222,18.2222,14.2222,22.3704,기간만료,기간만료,기간만료,기간만료,기간만료,기간만료,기간만료,기간만료
051910,LG화학,2차전지,2025-10-22,2025-10-23,406500.0,22.94,-5.0431,-0.984,-1.845,1.353,-1.845,-3.321,-3.321,-3.321,기간만료,기간만료,기간만료,기간만료,기간만료,손절,손절,손절
051910,LG화학,2차전지,2026-01-22,2026-01-23,359500.0,-6.43,-0.9736,-4.0334,-2.7816,-5.146,-13.2128,-13.2128,-13.2128,-13.2128,기간만료,기간만료,기간만료,기간만료,손절,손절,손절,손절
051910,LG화학,2차전지,2026-02-25,2026-02-26,387500.0,-3.05,-1.6774,3.7419,-11.4839,-11.4839,-11.4839,-11.4839,-11.4839,-11.4839,기간만료,기간만료,손절,손절,손절,손절,손절,손절
051910,LG화학,2차전지,2026-02-27,2026-03-03,402000.0,-10.76,-14.6766,-14.6766,-14.6766,-14.6766,-14.6766,-14.6766,-14.6766,-14.6766,손절,손절,손절,손절,손절,손절,손절,손절
051910,LG화학,2차전지,2026-04-09,2026-04-10,359500.0,5.77,-4.3115,-3.7552,-3.7552,-3.7552,-3.7552,-3.7552,-3.7552,-3.7552,기간만료,손절,손절,손절,손절,손절,손절,손절
005490,POSCO홀딩스,2차전지,2020-06-03,2020-06-04,206500.0,14.38,-3.632,-0.9685,-2.4213,-5.569,-10.1695,-10.1695,-10.1695,-10.1695,기간만료,기간만료,기간만료,기간만료,손절,손절,손절,손절
005490,POSCO홀딩스,2차전지,2020-07-22,2020-07-23,198500.0,5.24,-2.267,-2.5189,-0.7557,1.2594,-2.7708,-1.5113,5.2897,-1.2594,기간만료,기간만료,기간만료,기간만료,기간만료,기간만료,기간만료,기간만료
005490,POSCO홀딩스,2차전지,2020-10-23,2020-10-26,220000.0,-7.03,-0.9091,-1.3636,-4.0909,-4.3182,-4.3182,-4.3182,-4.3182,-4.3182,기간만료,기간만료,기간만료,손절,손절,손절,손절,손절
005490,POSCO홀딩스,2차전지,2021-01-05,2021-01-06,286000.0,11.07,0.3497,3.1469,1.5734,-2.0979,-0.8741,-5.5944,-5.5944,-5.5944,기간만료,기간만료,기간만료,기간만료,기간만료,20일선이탈,20일선이탈,20일선이탈
005490,POSCO홀딩스,2차전지,2021-02-23,2021-02-24,279500.0,2.89,0.1789,-0.1789,3.3989,13.7746,13.9535,4.8301,7.5134,6.0823,기간만료,기간만료,기간만료,기간만료,기간만료,기간만료,기간만료,20일선이탈
005490,POSCO홀딩스,2차전지,2021-03-04,2021-03-05,299500.0,1.04,6.3439,9.6828,2.6711,2.1703,3.3389,-2.6711,-1.0017,-1.0017,기간만료,기간만료,기간만료,기간만료,기간만료,기간만료,20일선이탈,20일선이탈
005490,POSCO홀딩스,2차전지,2021-07-23,2021-07-26,355000.0,17.2,0.9859,2.2535,3.8028,4.0845,-3.0986,-3.0986,-3.0986,-3.0986,기간만료,기간만료,기간만료,기간만료,기간만료,20일선이탈,20일선이탈,20일선이탈
005490,POSCO홀딩스,2차전지,2022-01-05,2022-01-06,297500.0,-4.83,1.3445,2.1849,1.0084,4.3697,0.5042,-5.7143,-5.7143,-5.7143,기간만료,기간만료,기간만료,기간만료,기간만료,20일선이탈,20일선이탈,20일선이탈
005490,POSCO홀딩스,2차전지,2022-01-06,2022-01-07,301500.0,-3.19,0.8292,-0.3317,-0.3317,0.6633,-2.3217,-6.9652,-6.9652,-6.9652,기간만료,기간만료,기간만료,기간만료,기간만료,손절,손절,손절
005490,POSCO홀딩스,2차전지,2022-03-23,2022-03-24,303500.0,0.09,0.1647,-1.318,-0.9885,-4.1186,-5.4366,-5.4366,-5.4366,-5.4366,기간만료,기간만료,기간만료,기간만료,손절,손절,손절,손절
005490,POSCO홀딩스,2차전지,2023-01-13,2023-01-16,306000.0,-1.52,1.4706,-0.4902,-2.7778,1.9608,2.6144,-1.3072,-2.9412,-2.9412,기간만료,기간만료,기간만료,기간만료,기간만료,기간만료,20일선이탈,20일선이탈
005490,POSCO홀딩스,2차전지,2023-03-02,2023-03-03,339500.0,17.03,-1.62,-2.651,-2.0619,-6.9219,-6.9219,-6.9219,-6.9219,-6.9219,기간만료,기간만료,기간만료,손절,손절,손절,손절,손절
005490,POSCO홀딩스,2차전지,2023-03-31,2023-04-03,385000.0,13.47,1.8182,-5.8442,-4.2857,-5.0649,-5.0649,-5.0649,-5.0649,-5.0649,기간만료,기간만료,기간만료,손절,손절,손절,손절,손절
005490,POSCO홀딩스,2차전지,2023-04-03,2023-04-04,392000.0,15.4,-7.5255,-7.5255,-7.5255,-7.5255,-7.5255,-7.5255,-7.5255,-7.5255,손절,손절,손절,손절,손절,손절,손절,손절
005490,POSCO홀딩스,2차전지,2023-04-10,2023-04-11,402500.0,23.64,-0.2484,-2.1118,0.8696,7.0807,1.6149,-0.4969,-6.3354,-6.3354,기간만료,기간만료,기간만료,기간만료,기간만료,기간만료,손절,손절
005490,POSCO홀딩스,2차전지,2023-04-12,2023-04-13,394000.0,13.19,3.0457,6.4721,9.3909,3.8071,-1.1421,-4.3147,-4.3147,-4.3147,기간만료,기간만료,기간만료,기간만료,기간만료,20일선이탈,20일선이탈,20일선이탈
005490,POSCO홀딩스,2차전지,2023-07-12,2023-07-13,424000.0,2.62,1.533,6.7217,13.6792,15.684,33.4906,44.5755,39.6226,39.1509,기간만료,기간만료,기간만료,기간만료,기간만료,기간만료,기간만료,기간만료
005490,POSCO홀딩스,2차전지,2023-07-13,2023-07-14,430500.0,2.12,5.1103,11.9628,15.2149,12.892,52.1487,36.1208,38.2114,39.3728,기간만료,기간만료,기간만료,기간만료,기간만료,기간만료,기간만료,기간만료
005490,POSCO홀딩스,2차전지,2023-07-14,2023-07-17,452500.0,0.85,6.5193,9.6133,8.3978,25.0829,47.1823,39.6685,29.2818,24.8619,기간만료,기간만료,기간만료,기간만료,기간만료,기간만료,기간만료,기간만료
005490,POSCO홀딩스,2차전지,2023-07-17,2023-07-18,482000.0,1.39,2.9046,1.7635,0.8299,35.8921,27.1784,35.4772,17.2199,17.2199,기간만료,기간만료,기간만료,기간만료,기간만료,기간만료,기간만료,20일선이탈
005490,POSCO홀딩스,2차전지,2023-07-18,2023-07-19,496000.0,9.38,-1.1089,-2.0161,14.1129,34.2742,18.1452,21.5726,20.3629,13.9113,기간만료,기간만료,기간만료,기간만료,기간만료,기간만료,기간만료,20일선이탈
005490,POSCO홀딩스,2차전지,2023-07-21,2023-07-24,566000.0,15.31,15.7244,17.6678,8.3039,11.6608,6.5371,3.3569,-0.1767,-0.1767,기간만료,기간만료,기간만료,기간만료,기간만료,기간만료,기간만료,20일선이탈
005490,POSCO홀딩스,2차전지,2023-07-24,2023-07-25,655000.0,21.41,1.6794,-6.4122,-10.5344,-10.5344,-10.5344,-10.5344,-10.5344,-10.5344,기간만료,기간만료,손절,손절,손절,손절,손절,손절
005490,POSCO홀딩스,2차전지,2023-07-25,2023-07-26,666000.0,26.56,-7.958,-7.958,-7.958,-7.958,-7.958,-7.958,-7.958,-7.958,손절,손절,손절,손절,손절,손절,손절,손절
005490,POSCO홀딩스,2차전지,2023-11-06,2023-11-07,510000.0,6.03,-10.4902,-10.4902,-10.4902,-10.4902,-10.4902,-10.4902,-10.4902,-10.4902,손절,손절,손절,손절,손절,손절,손절,손절
005490,POSCO홀딩스,2차전지,2023-12-27,2023-12-28,495500.0,3.85,-0.1009,-2.5227,-6.1554,-6.1554,-6.1554,-6.1554,-6.1554,-6.1554,기간만료,기간만료,기간만료,20일선이탈,20일선이탈,20일선이탈,20일선이탈,20일선이탈
005490,POSCO홀딩스,2차전지,2024-07-11,2024-07-12,388500.0,-11.89,2.0592,-1.1583,-3.2175,-6.3063,-6.3063,-6.3063,-6.3063,-6.3063,기간만료,기간만료,기간만료,손절,손절,손절,손절,손절
005490,POSCO홀딩스,2차전지,2024-09-12,2024-09-13,360000.0,6.61,3.0556,5.0,4.5833,5.0,7.6389,4.0278,1.25,1.25,기간만료,기간만료,기간만료,기간만료,기간만료,기간만료,기간만료,20일선이탈
005490,POSCO홀딩스,2차전지,2025-02-21,2025-02-24,281000.0,-5.37,0.7117,-3.0249,0.3559,-2.3132,0.8897,6.2278,9.9644,10.6762,기간만료,기간만료,기간만료,기간만료,기간만료,기간만료,기간만료,기간만료
005490,POSCO홀딩스,2차전지,2025-03-06,2025-03-07,295500.0,-2.1,6.2606,1.0152,0.3384,5.2453,4.5685,10.8291,1.1844,1.1844,기간만료,기간만료,기간만료,기간만료,기간만료,기간만료,기간만료,20일선이탈
005490,POSCO홀딩스,2차전지,2025-03-07,2025-03-10,314000.0,2.3,-4.9363,-5.5732,-5.5732,-5.5732,-5.5732,-5.5732,-5.5732,-5.5732,기간만료,손절,손절,손절,손절,손절,손절,손절
005490,POSCO홀딩스,2차전지,2025-07-03,2025-07-04,310000.0,-2.21,3.2258,-1.129,1.2903,2.5806,2.9032,0.6452,7.0968,1.6129,기간만료,기간만료,기간만료,기간만료,기간만료,기간만료,기간만료,20일선이탈
005490,POSCO홀딩스,2차전지,2025-10-17,2025-10-20,295000.0,19.71,1.0169,0.5085,6.7797,11.5254,9.8305,5.7627,1.6949,1.6949,기간만료,기간만료,기간만료,기간만료,기간만료,기간만료,기간만료,20일선이탈
005490,POSCO홀딩스,2차전지,2026-01-13,2026-01-14,352500.0,-21.02,-0.1418,0.2837,-5.1064,-5.1064,-5.1064,-5.1064,-5.1064,-5.1064,기간만료,기간만료,손절,손절,손절,손절,손절,손절
005490,POSCO홀딩스,2차전지,2026-01-22,2026-01-23,371000.0,-6.43,0.2695,-3.3693,-2.0216,-2.5606,-7.2776,-7.2776,-7.2776,-7.2776,기간만료,기간만료,기간만료,기간만료,손절,손절,손절,손절
005490,POSCO홀딩스,2차전지,2026-01-23,2026-01-26,372000.0,-8.19,-3.629,-2.2849,0.9409,-7.5269,-7.5269,-7.5269,-7.5269,-7.5269,기간만료,기간만료,기간만료,손절,손절,손절,손절,손절
005490,POSCO홀딩스,2차전지,2026-04-21,2026-04-22,420000.0,20.52,0.2381,-2.0238,0.4762,13.5714,15.7143,25.7143,16.0714,4.881,기간만료,기간만료,기간만료,기간만료,기간만료,기간만료,기간만료,20일선이탈
005490,POSCO홀딩스,2차전지,2026-04-28,2026-04-29,477000.0,2.08,-1.153,1.8868,8.5954,10.6918,7.1279,2.2013,-7.652,-7.652,기간만료,기간만료,기간만료,기간만료,기간만료,기간만료,손절,손절
005490,POSCO홀딩스,2차전지,2026-05-04,2026-05-06,518000.0,6.58,-0.5792,1.9305,0.5792,-8.3012,-8.3012,-8.3012,-8.3012,-8.3012,기간만료,기간만료,기간만료,손절,손절,손절,손절,손절
247540,에코프로비엠,2차전지,2020-02-07,2020-02-10,18329.521484375,23.61,7.2776,18.7332,16.5768,14.9596,18.3288,11.4555,11.7251,11.7251,기간만료,기간만료,기간만료,기간만료,기간만료,기간만료,기간만료,20일선이탈
247540,에코프로비엠,2차전지,2020-02-11,2020-02-12,21763.21875,21.09,-1.8161,2.9512,-3.1782,-0.3405,2.0431,-0.9081,-5.9024,-5.9024,기간만료,기간만료,기간만료,기간만료,기간만료,기간만료,손절,손절
247540,에코프로비엠,2차전지,2020-05-13,2020-05-14,20676.29296875,7.56,2.8674,2.1505,14.2174,18.2796,22.1027,44.086,37.037,51.4934,기간만료,기간만료,기간만료,기간만료,기간만료,기간만료,기간만료,기간만료
247540,에코프로비엠,2차전지,2020-05-18,2020-05-19,23615.93359375,11.44,-3.9749,3.5565,1.569,22.9079,26.1506,25.6276,26.569,22.9079,기간만료,기간만료,기간만료,기간만료,기간만료,기간만료,기간만료,기간만료
247540,에코프로비엠,2차전지,2020-05-25,2020-05-26,29025.859375,16.59,-2.5532,2.6383,-3.8298,2.2128,-2.383,2.9787,0.0,0.0,기간만료,기간만료,기간만료,기간만료,기간만료,기간만료,기간만료,20일선이탈
247540,에코프로비엠,2차전지,2020-06-17,2020-06-18,32607.775390625,11.99,-1.2879,-2.5,-1.0606,-4.3182,-8.4091,-8.4091,-8.4091,-8.4091,기간만료,기간만료,기간만료,기간만료,손절,손절,손절,손절
247540,에코프로비엠,2차전지,2020-07-06,2020-07-07,34929.84375,13.79,-4.4554,-4.5969,-1.3437,-4.8798,-4.8798,-4.8798,-4.8798,-4.8798,기간만료,기간만료,기간만료,기간만료,손절,손절,손절,손절
247540,에코프로비엠,2차전지,2020-07-23,2020-07-24,34929.84375,2.52,-4.5262,-1.4144,-2.7581,-1.6266,5.7991,9.6181,10.6789,8.9109,기간만료,기간만료,기간만료,기간만료,기간만료,기간만료,기간만료,기간만료
247540,에코프로비엠,2차전지,2020-09-21,2020-09-22,38091.80859375,-2.57,0.1946,0.1946,0.1946,0.1946,0.1946,0.1946,0.1946,0.1946,기간만료,20일선이탈,20일선이탈,20일선이탈,20일선이탈,20일선이탈,20일선이탈,20일선이탈
247540,에코프로비엠,2차전지,2020-11-19,2020-11-20,37918.890625,3.98,-0.7166,-0.7166,1.2378,-1.1075,-1.3681,-1.3681,-3.2573,-3.2573,기간만료,기간만료,기간만료,기간만료,기간만료,기간만료,20일선이탈,20일선이탈
247540,에코프로비엠,2차전지,2020-12-17,2020-12-18,41253.77734375,12.09,-2.3952,-1.3773,-3.3533,-0.479,1.1377,12.0359,13.7126,15.8683,기간만료,기간만료,기간만료,기간만료,기간만료,기간만료,기간만료,기간만료
247540,에코프로비엠,2차전지,2021-01-04,2021-01-05,45897.9140625,10.46,0.6997,-0.2691,2.2067,5.7589,3.3369,1.507,4.5748,2.5834,기간만료,기간만료,기간만료,기간만료,기간만료,기간만료,기간만료,20일선이탈
247540,에코프로비엠,2차전지,2021-04-12,2021-04-13,44885.09765625,3.89,0.7155,2.6417,2.4216,2.5316,-0.1101,7.3748,-5.3385,-5.3385,기간만료,기간만료,기간만료,기간만료,기간만료,기간만료,기간만료,20일선이탈
247540,에코프로비엠,2차전지,2021-06-10,2021-06-11,45601.48046875,-10.3,2.4919,2.8711,4.2795,9.805,15.6555,17.0639,17.5515,17.5515,기간만료,기간만료,기간만료,기간만료,기간만료,기간만료,기간만료,기간만료
247540,에코프로비엠,2차전지,2021-06-11,2021-06-14,46737.80859375,-8.12,0.37,1.7442,2.4841,8.7738,10.4651,11.5222,12.1036,23.0444,기간만료,기간만료,기간만료,기간만료,기간만료,기간만료,기간만료,기간만료
247540,에코프로비엠,2차전지,2021-06-17,2021-06-18,50072.6953125,-8.62,1.5294,5.3281,3.108,6.6108,1.8747,7.0548,7.0548,33.2511,기간만료,기간만료,기간만료,기간만료,기간만료,기간만료,기간만료,기간만료
247540,에코프로비엠,2차전지,2021-06-21,2021-06-22,52740.60546875,-6.43,-2.1077,0.7494,1.2178,-3.2787,-0.6557,0.7963,8.6183,33.0211,기간만료,기간만료,기간만료,기간만료,기간만료,기간만료,기간만료,기간만료
247540,에코프로비엠,2차전지,2021-07-14,2021-07-15,64227.43359375,14.92,3.8846,2.3077,9.2308,3.8462,4.7692,8.4615,9.3846,21.9231,기간만료,기간만료,기간만료,기간만료,기간만료,기간만료,기간만료,기간만료
247540,에코프로비엠,2차전지,2021-07-15,2021-07-16,66722.421875,14.42,-1.5179,5.1463,1.3328,-1.4809,6.8863,6.405,9.9593,17.438,기간만료,기간만료,기간만료,기간만료,기간만료,기간만료,기간만료,기간만료
247540,에코프로비엠,2차전지,2021-08-09,2021-08-10,77394.0625,19.42,-0.0319,1.181,1.2448,-6.0645,0.383,1.2767,2.2981,-1.8832,기간만료,기간만료,기간만료,기간만료,기간만료,기간만료,기간만료,20일선이탈
247540,에코프로비엠,2차전지,2021-09-09,2021-09-10,90758.3046875,2.77,9.9347,11.0778,20.4954,25.5035,30.6206,22.7545,13.3097,13.3097,기간만료,기간만료,기간만료,기간만료,기간만료,기간만료,기간만료,20일선이탈
247540,에코프로비엠,2차전지,2021-09-10,2021-09-13,99774.8515625,2.22,1.0399,9.6063,10.2253,11.4137,16.613,8.9131,3.0701,3.0701,기간만료,기간만료,기간만료,기간만료,기간만료,기간만료,20일선이탈,20일선이탈
247540,에코프로비엠,2차전지,2021-11-05,2021-11-08,124131.8671875,10.53,-0.1194,8.398,7.2836,12.0398,12.3184,8.398,3.4826,6.0696,기간만료,기간만료,기간만료,기간만료,기간만료,기간만료,기간만료,20일선이탈
247540,에코프로비엠,2차전지,2021-12-28,2021-12-29,128454.8671875,-9.53,-3.2115,-3.2115,-3.2115,-3.2115,-3.2115,-3.2115,-3.2115,-3.2115,기간만료,20일선이탈,20일선이탈,20일선이탈,20일선이탈,20일선이탈,20일선이탈,20일선이탈
247540,에코프로비엠,2차전지,2022-04-08,2022-04-11,116548.09375,18.32,-5.4048,-4.7478,-4.7478,-4.7478,-4.7478,-4.7478,-4.7478,-4.7478,기간만료,손절,손절,손절,손절,손절,손절,손절
247540,에코프로비엠,2차전지,2022-06-27,2022-06-28,133900.0,1.62,-6.348,-9.9328,-9.9328,-9.9328,-9.9328,-9.9328,-9.9328,-9.9328,기간만료,손절,손절,손절,손절,손절,손절,손절
247540,에코프로비엠,2차전지,2023-02-21,2023-02-22,159100.0,26.5,2.4513,-2.4513,-0.6914,4.714,25.5814,35.1351,40.4777,33.5638,기간만료,기간만료,기간만료,기간만료,기간만료,기간만료,기간만료,기간만료
247540,에코프로비엠,2차전지,2023-02-27,2023-02-28,168200.0,17.88,-0.9512,-3.9239,-3.9239,-3.9239,-3.9239,-3.9239,-3.9239,-3.9239,기간만료,손절,손절,손절,손절,손절,손절,손절
247540,에코프로비엠,2차전지,2023-03-03,2023-03-06,199800.0,22.81,4.1041,-0.2002,7.6076,-4.7047,3.3534,-7.6076,16.6166,15.6156,기간만료,기간만료,기간만료,기간만료,기간만료,기간만료,기간만료,기간만료
247540,에코프로비엠,2차전지,2023-03-06,2023-03-07,208000.0,25.67,-4.1346,3.3654,-5.7212,-8.4615,-8.4615,-8.4615,-8.4615,-8.4615,기간만료,기간만료,기간만료,손절,손절,손절,손절,손절
247540,에코프로비엠,2차전지,2023-03-23,2023-03-24,245000.0,17.86,-4.898,-7.1429,-7.1429,-7.1429,-7.1429,-7.1429,-7.1429,-7.1429,기간만료,손절,손절,손절,손절,손절,손절,손절
247540,에코프로비엠,2차전지,2023-04-10,2023-04-11,302000.0,23.64,-3.9735,-13.4106,-13.4106,-13.4106,-13.4106,-13.4106,-13.4106,-13.4106,기간만료,손절,손절,손절,손절,손절,손절,손절
247540,에코프로비엠,2차전지,2023-07-04,2023-07-05,277000.0,2.43,2.1661,-1.6245,2.3466,6.4982,1.6245,19.1336,74.3682,42.9603,기간만료,기간만료,기간만료,기간만료,기간만료,기간만료,기간만료,기간만료
247540,에코프로비엠,2차전지,2023-07-18,2023-07-19,330000.0,9.38,5.1515,5.6061,16.6667,46.3636,11.2121,20.0,3.0303,3.0303,기간만료,기간만료,기간만료,기간만료,기간만료,기간만료,20일선이탈,20일선이탈
247540,에코프로비엠,2차전지,2023-07-19,2023-07-20,347000.0,13.1,0.4323,10.951,17.7233,28.2421,19.3084,11.6715,-2.0173,-2.0173,기간만료,기간만료,기간만료,기간만료,기간만료,기간만료,20일선이탈,20일선이탈
247540,에코프로비엠,2차전지,2023-07-25,2023-07-26,483000.0,26.56,-7.8675,-7.8675,-7.8675,-7.8675,-7.8675,-7.8675,-7.8675,-7.8675,손절,손절,손절,손절,손절,손절,손절,손절
247540,에코프로비엠,2차전지,2023-11-06,2023-11-07,306500.0,6.03,-11.2561,-11.2561,-11.2561,-11.2561,-11.2561,-11.2561,-11.2561,-11.2561,손절,손절,손절,손절,손절,손절,손절,손절
247540,에코프로비엠,2차전지,2023-12-04,2023-12-05,312000.0,-4.6,-1.1218,0.0,-2.4038,1.2821,3.8462,3.3654,-6.891,-6.891,기간만료,기간만료,기간만료,기간만료,기간만료,기간만료,손절,손절
247540,에코프로비엠,2차전지,2024-01-05,2024-01-08,318000.0,0.99,-0.3145,-5.5031,-5.5031,-5.5031,-5.5031,-5.5031,-5.5031,-5.5031,기간만료,기간만료,20일선이탈,20일선이탈,20일선이탈,20일선이탈,20일선이탈,20일선이탈
247540,에코프로비엠,2차전지,2024-02-28,2024-02-29,259000.0,10.11,2.5097,1.3514,-2.8958,-3.2819,-5.4054,-5.4054,-5.4054,-5.4054,기간만료,기간만료,기간만료,기간만료,20일선이탈,20일선이탈,20일선이탈,20일선이탈
247540,에코프로비엠,2차전지,2024-06-07,2024-06-10,219000.0,0.53,-1.1416,-3.4247,-2.5114,-10.8219,-10.8219,-10.8219,-10.8219,-10.8219,기간만료,기간만료,기간만료,손절,손절,손절,손절,손절
247540,에코프로비엠,2차전지,2024-09-02,2024-09-03,182500.0,6.57,-7.0137,-7.0137,-7.0137,-7.0137,-7.0137,-7.0137,-7.0137,-7.0137,기간만료,20일선이탈,20일선이탈,20일선이탈,20일선이탈,20일선이탈,20일선이탈,20일선이탈
247540,에코프로비엠,2차전지,2024-11-04,2024-11-05,180300.0,-3.59,0.9983,-9.706,-9.706,-9.706,-9.706,-9.706,-9.706,-9.706,기간만료,손절,손절,손절,손절,손절,손절,손절
247540,에코프로비엠,2차전지,2025-02-13,2025-02-14,129800.0,-6.9,-1.0015,1.4638,-0.6934,5.3159,7.473,1.0786,-9.168,-9.168,기간만료,기간만료,기간만료,기간만료,기간만료,기간만료,손절,손절
247540,에코프로비엠,2차전지,2025-06-12,2025-06-13,96800.0,-13.14,-5.2686,-5.9917,-5.9917,-5.9917,-5.9917,-5.9917,-5.9917,-5.9917,기간만료,손절,손절,손절,손절,손절,손절,손절
247540,에코프로비엠,2차전지,2025-06-20,2025-06-23,99000.0,-5.64,5.4545,6.5657,7.8788,2.0202,2.0202,6.1616,7.9798,12.6263,기간만료,기간만료,기간만료,기간만료,기간만료,기간만료,기간만료,기간만료
247540,에코프로비엠,2차전지,2025-07-18,2025-07-21,111500.0,6.89,2.6009,-0.1794,-1.704,2.87,-1.3453,-2.4215,-2.4215,-2.4215,기간만료,기간만료,기간만료,기간만료,기간만료,기간만료,20일선이탈,20일선이탈
247540,에코프로비엠,2차전지,2025-08-05,2025-08-06,124700.0,17.06,2.3256,-0.401,1.6038,10.6656,10.2646,4.4908,5.1323,1.684,기간만료,기간만료,기간만료,기간만료,기간만료,기간만료,기간만료,20일선이탈
247540,에코프로비엠,2차전지,2025-10-14,2025-10-15,125400.0,-0.49,0.0797,16.0287,26.6348,29.1069,28.7879,38.118,26.7943,20.7337,기간만료,기간만료,기간만료,기간만료,기간만료,기간만료,기간만료,20일선이탈
247540,에코프로비엠,2차전지,2025-10-16,2025-10-17,145500.0,8.48,9.1409,9.2784,11.2715,10.9966,18.0069,8.5911,5.9107,4.055,기간만료,기간만료,기간만료,기간만료,기간만료,기간만료,기간만료,20일선이탈
247540,에코프로비엠,2차전지,2025-10-17,2025-10-20,158800.0,19.71,0.1259,1.9521,4.2821,13.2872,9.068,3.0227,-4.6599,-4.6599,기간만료,기간만료,기간만료,기간만료,기간만료,기간만료,기간만료,20일선이탈
247540,에코프로비엠,2차전지,2025-12-01,2025-12-02,158800.0,7.85,0.7557,-0.3778,-1.1965,7.2418,14.2947,12.6574,-1.8892,-1.8892,기간만료,기간만료,기간만료,기간만료,기간만료,기간만료,20일선이탈,20일선이탈
247540,에코프로비엠,2차전지,2025-12-08,2025-12-09,170300.0,4.63,8.808,6.5766,2.7598,5.0499,-7.1051,-8.5144,-8.5144,-8.5144,기간만료,기간만료,기간만료,기간만료,기간만료,손절,손절,손절
247540,에코프로비엠,2차전지,2025-12-09,2025-12-10,185300.0,3.12,-2.0507,-5.5586,-5.5586,-5.5586,-5.5586,-5.5586,-5.5586,-5.5586,기간만료,손절,손절,손절,손절,손절,손절,손절
247540,에코프로비엠,2차전지,2026-01-22,2026-01-23,176700.0,-6.43,1.3016,14.0351,21.6752,41.4827,27.3345,13.1862,14.884,12.79,기간만료,기간만료,기간만료,기간만료,기간만료,기간만료,기간만료,20일선이탈
247540,에코프로비엠,2차전지,2026-01-26,2026-01-27,201500.0,-1.0,6.6998,21.5881,24.0695,11.6625,8.4367,2.7295,-1.0918,-1.0918,기간만료,기간만료,기간만료,기간만료,기간만료,기간만료,20일선이탈,20일선이탈
247540,에코프로비엠,2차전지,2026-01-27,2026-01-28,215000.0,-0.18,13.9535,16.2791,5.5814,1.1628,-6.9767,-5.1163,-5.1163,-5.1163,기간만료,기간만료,기간만료,기간만료,기간만료,손절,손절,손절
247540,에코프로비엠,2차전지,2026-01-28,2026-01-29,245000.0,9.76,2.0408,-7.3469,-7.3469,-7.3469,-7.3469,-7.3469,-7.3469,-7.3469,기간만료,손절,손절,손절,손절,손절,손절,손절
247540,에코프로비엠,2차전지,2026-01-29,2026-01-30,250000.0,13.02,-9.2,-9.2,-9.2,-9.2,-9.2,-9.2,-9.2,-9.2,손절,손절,손절,손절,손절,손절,손절,손절
247540,에코프로비엠,2차전지,2026-05-07,2026-05-08,235500.0,-4.04,0.4246,-5.0955,-5.0955,-5.0955,-5.0955,-5.0955,-5.0955,-5.0955,기간만료,손절,손절,손절,손절,손절,손절,손절
086520,에코프로,2차전지,2020-02-07,2020-02-10,5565.388671875,23.61,3.7624,10.4951,10.4951,6.9307,6.5347,-3.1683,-3.3663,-3.3663,기간만료,기간만료,기간만료,기간만료,기간만료,기간만료,20일선이탈,20일선이탈
086520,에코프로,2차전지,2020-02-11,2020-02-12,6149.47900390625,21.09,0.0,0.8961,-3.2258,-3.5842,-3.5842,-3.5842,-3.5842,-3.5842,기간만료,기간만료,기간만료,손절,손절,손절,손절,손절
086520,에코프로,2차전지,2020-05-13,2020-05-14,4981.29833984375,7.56,-0.885,-1.1062,5.3097,7.7434,5.7522,16.3717,26.1062,52.2124,기간만료,기간만료,기간만료,기간만료,기간만료,기간만료,기간만료,기간만료
086520,에코프로,2차전지,2020-05-18,2020-05-19,5245.7919921875,11.44,-2.521,2.3109,1.4706,11.7647,10.5042,16.3866,38.0252,27.521,기간만료,기간만료,기간만료,기간만료,기간만료,기간만료,기간만료,기간만료
086520,에코프로,2차전지,2020-05-25,2020-05-26,5862.94384765625,16.59,-0.7519,-1.1278,-7.8947,-7.8947,-7.8947,-7.8947,-7.8947,-7.8947,기간만료,기간만료,손절,손절,손절,손절,손절,손절
086520,에코프로,2차전지,2020-05-26,2020-05-27,5818.86181640625,19.76,-0.3788,-7.197,-7.197,-7.197,-7.197,-7.197,-7.197,-7.197,기간만료,손절,손절,손절,손절,손절,손절,손절
086520,에코프로,2차전지,2020-06-02,2020-06-03,6325.80810546875,17.18,-0.6969,12.1951,11.8467,13.2404,5.9233,6.2718,12.0209,3.6585,기간만료,기간만료,기간만료,기간만료,기간만료,기간만료,기간만료,20일선이탈
086520,에코프로,2차전지,2020-06-04,2020-06-05,7097.248046875,18.33,-0.3106,2.0186,0.9317,-5.5901,-5.7453,-5.7453,-5.7453,-5.7453,기간만료,기간만료,기간만료,기간만료,손절,손절,손절,손절
086520,에코프로,2차전지,2020-07-22,2020-07-23,8463.798828125,5.24,-4.5573,-8.0729,-8.0729,-8.0729,-8.0729,-8.0729,-8.0729,-8.0729,기간만료,손절,손절,손절,손절,손절,손절,손절
086520,에코프로,2차전지,2020-08-06,2020-08-07,8838.498046875,5.69,5.3616,4.9875,5.7357,9.7257,0.9975,-0.9975,-0.9975,-0.9975,기간만료,기간만료,기간만료,기간만료,기간만료,20일선이탈,20일선이탈,20일선이탈
086520,에코프로,2차전지,2020-12-24,2020-12-28,11086.6953125,8.98,1.3917,1.2903,2.0,7.4751,15.5865,26.334,32.0119,24.5089,기간만료,기간만료,기간만료,기간만료,기간만료,기간만료,기간만료,기간만료
086520,에코프로,2차전지,2021-01-04,2021-01-05,11803.0322265625,10.46,0.9524,2.8571,8.5714,18.6667,16.381,21.5238,19.4286,10.4762,기간만료,기간만료,기간만료,기간만료,기간만료,기간만료,기간만료,20일선이탈
086520,에코프로,2차전지,2021-01-11,2021-01-12,14006.2646484375,12.22,0.0,-1.9262,5.1364,2.4077,4.6549,0.6421,-6.9021,-6.9021,기간만료,기간만료,기간만료,기간만료,기간만료,기간만료,손절,손절
086520,에코프로,2차전지,2021-04-09,2021-04-12,14613.2783203125,1.17,0.6154,0.4615,-2.1538,0.1538,4.1538,9.2308,15.0769,15.0769,기간만료,기간만료,기간만료,기간만료,기간만료,기간만료,기간만료,기간만료
086520,에코프로,2차전지,2021-04-19,2021-04-20,15265.2548828125,12.18,-0.2946,1.1782,1.0309,1.62,10.162,10.162,10.162,10.162,기간만료,기간만료,기간만료,기간만료,기간만료,기간만료,기간만료,기간만료
086520,에코프로,2차전지,2021-04-27,2021-04-28,16119.5693359375,8.96,4.3236,4.3236,4.3236,4.3236,4.3236,4.3236,4.3236,-40.0252,기간만료,기간만료,기간만료,기간만료,기간만료,기간만료,기간만료,기간만료
086520,에코프로,2차전지,2021-04-28,2021-04-29,16816.509765625,8.08,0.0,0.0,0.0,0.0,0.0,0.0,0.0,-40.1801,기간만료,기간만료,기간만료,기간만료,기간만료,기간만료,기간만료,손절
086520,에코프로,2차전지,2021-07-09,2021-07-12,8939.802734375,8.76,0.8351,5.8455,12.3173,25.6785,29.4363,36.5344,49.2693,54.4885,기간만료,기간만료,기간만료,기간만료,기간만료,기간만료,기간만료,기간만료
086520,에코프로,2차전지,2021-07-13,2021-07-14,9462.3798828125,11.62,6.1144,11.2426,18.7377,22.288,28.0079,37.2781,44.3787,89.3491,기간만료,기간만료,기간만료,기간만료,기간만료,기간만료,기간만료,기간만료
086520,에코프로,2차전지,2021-07-14,2021-07-15,10040.947265625,14.92,4.8327,11.8959,13.5688,23.2342,21.5613,28.2528,29.1822,88.8476,기간만료,기간만료,기간만료,기간만료,기간만료,기간만료,기간만료,기간만료
086520,에코프로,2차전지,2021-07-15,2021-07-16,10526.1982421875,14.42,6.7376,8.3333,9.9291,15.0709,28.5461,30.3191,27.6596,95.0355,기간만료,기간만료,기간만료,기간만료,기간만료,기간만료,기간만료,기간만료
086520,에코프로,2차전지,2021-07-16,2021-07-19,11235.41015625,14.86,1.495,2.99,10.1329,8.6379,15.6146,18.7708,22.9236,70.2658,기간만료,기간만료,기간만료,기간만료,기간만료,기간만료,기간만료,기간만료
086520,에코프로,2차전지,2021-07-19,2021-07-20,11403.380859375,17.55,1.473,8.5106,6.2193,18.6579,12.9296,18.8216,59.9018,48.7725,기간만료,기간만료,기간만료,기간만료,기간만료,기간만료,기간만료,기간만료
086520,에코프로,2차전지,2021-07-26,2021-07-27,13531.0166015625,20.29,-4.0,-4.8276,-4.8276,-4.8276,-4.8276,-4.8276,-4.8276,-4.8276,기간만료,손절,손절,손절,손절,손절,손절,손절
086520,에코프로,2차전지,2021-07-29,2021-07-30,13717.6513671875,17.76,-2.7211,-1.2245,-0.4082,-5.4422,-5.4422,-5.4422,-5.4422,-5.4422,기간만료,기간만료,기간만료,손절,손절,손절,손절,손절
086520,에코프로,2차전지,2021-08-09,2021-08-10,18234.2109375,19.42,-1.74,3.9918,12.5896,-6.9601,-2.5588,-0.6141,12.5896,-4.5036,기간만료,기간만료,기간만료,기간만료,기간만료,기간만료,기간만료,20일선이탈
086520,에코프로,2차전지,2021-08-10,2021-08-11,17916.93359375,17.51,5.8333,14.5833,6.7708,-0.625,4.7917,2.1875,3.9583,-2.8125,기간만료,기간만료,기간만료,기간만료,기간만료,기간만료,기간만료,20일선이탈
086520,에코프로,2차전지,2021-08-12,2021-08-13,20529.818359375,18.0,-6.8182,-17.3636,-17.3636,-17.3636,-17.3636,-17.3636,-17.3636,-17.3636,기간만료,손절,손절,손절,손절,손절,손절,손절
086520,에코프로,2차전지,2021-08-31,2021-09-01,20529.818359375,7.83,-9.2727,-9.2727,-9.2727,-9.2727,-9.2727,-9.2727,-9.2727,-9.2727,손절,손절,손절,손절,손절,손절,손절,손절
086520,에코프로,2차전지,2021-10-29,2021-11-01,18570.154296875,0.03,3.3166,3.2161,19.6985,37.3869,36.8844,53.7688,41.3065,27.4372,기간만료,기간만료,기간만료,기간만료,기간만료,기간만료,기간만료,기간만료
086520,에코프로,2차전지,2021-11-03,2021-11-04,22228.1953125,0.58,9.152,14.7775,13.8539,10.4954,28.4635,20.2351,16.2888,6.4651,기간만료,기간만료,기간만료,기간만료,기간만료,기간만료,기간만료,20일선이탈
086520,에코프로,2차전지,2021-11-04,2021-11-05,24262.513671875,6.65,5.1538,4.3077,4.7692,19.7692,14.1538,12.2308,3.3077,-2.4615,기간만료,기간만료,기간만료,기간만료,기간만료,기간만료,기간만료,20일선이탈
086520,에코프로,2차전지,2021-11-05,2021-11-08,25512.96484375,10.53,-0.8047,-0.3658,-3.7308,11.9239,3.5113,2.853,-7.2421,-7.2421,기간만료,기간만료,기간만료,기간만료,기간만료,기간만료,기간만료,20일선이탈
086520,에코프로,2차전지,2021-11-11,2021-11-12,29059.025390625,10.56,-1.7341,-4.6885,-9.1201,-9.1201,-9.1201,-9.1201,-9.1201,-9.1201,기간만료,기간만료,손절,손절,손절,손절,손절,손절
086520,에코프로,2차전지,2021-12-28,2021-12-29,23262.896484375,-9.53,-2.1277,-7.0376,-12.766,-12.766,-12.766,-12.766,-12.766,-12.766,기간만료,기간만료,손절,손절,손절,손절,손절,손절
086520,에코프로,2차전지,2022-04-05,2022-04-06,19074.814453125,7.26,3.3932,-1.8962,-1.7964,-9.2814,-9.2814,-9.2814,-9.2814,-9.2814,기간만료,기간만료,기간만료,손절,손절,손절,손절,손절
086520,에코프로,2차전지,2022-05-20,2022-05-23,16733.294921875,5.98,-3.1854,-6.3709,-6.3709,-6.3709,-6.3709,-6.3709,-6.3709,-6.3709,기간만료,손절,손절,손절,손절,손절,손절,손절
086520,에코프로,2차전지,2022-06-28,2022-06-29,14848.658203125,3.32,-1.6667,-8.2051,-8.2051,-8.2051,-8.2051,-8.2051,-8.2051,-8.2051,기간만료,손절,손절,손절,손절,손절,손절,손절
086520,에코프로,2차전지,2022-07-14,2022-07-15,14296.5927734375,-6.22,7.0573,3.9947,19.0413,20.2397,22.6365,21.1718,38.7483,58.4554,기간만료,기간만료,기간만료,기간만료,기간만료,기간만료,기간만료,기간만료
086520,에코프로,2차전지,2022-07-15,2022-07-18,15305.5400390625,-7.41,-2.8607,11.194,12.9353,14.0547,10.9453,11.0697,43.1592,43.6567,기간만료,기간만료,기간만료,기간만료,기간만료,기간만료,기간만료,기간만료
086520,에코프로,2차전지,2022-07-19,2022-07-20,17018.845703125,-5.85,1.566,1.0067,2.5727,-0.2237,1.7897,4.0269,33.8926,30.5369,기간만료,기간만료,기간만료,기간만료,기간만료,기간만료,기간만료,기간만료
086520,에코프로,2차전지,2022-07-20,2022-07-21,17285.361328125,-4.06,-0.5507,0.9912,1.4317,2.6432,-1.652,9.141,34.2511,34.8018,기간만료,기간만료,기간만료,기간만료,기간만료,기간만료,기간만료,기간만료
086520,에코프로,2차전지,2022-08-03,2022-08-04,18865.41015625,10.15,5.1463,16.1453,17.4571,23.0071,16.5489,23.5116,14.6317,5.0454,기간만료,기간만료,기간만료,기간만료,기간만료,기간만료,기간만료,20일선이탈
086520,에코프로,2차전지,2022-08-05,2022-08-08,21911.2890625,11.58,1.1294,3.9965,5.9079,0.3475,1.3901,-1.6507,-9.5569,-9.5569,기간만료,기간만료,기간만료,기간만료,기간만료,기간만료,손절,손절
086520,에코프로,2차전지,2022-09-07,2022-09-08,23186.75,1.63,5.0903,0.0,11.6585,16.9951,6.486,5.5008,0.9031,0.9031,기간만료,기간만료,기간만료,기간만료,기간만료,기간만료,20일선이탈,20일선이탈
086520,에코프로,2차전지,2022-09-08,2022-09-13,24367.029296875,3.77,-4.8438,6.25,14.8437,4.6875,3.5156,-0.5469,-3.9844,-3.9844,기간만료,기간만료,기간만료,기간만료,기간만료,기간만료,손절,손절
086520,에코프로,2차전지,2022-09-14,2022-09-15,25889.966796875,7.79,8.0882,4.7794,-1.4706,-2.5735,-5.5147,-6.3971,-6.3971,-6.3971,기간만료,기간만료,기간만료,기간만료,기간만료,손절,손절,손절
086520,에코프로,2차전지,2022-09-15,2022-09-16,27984.009765625,8.29,-3.0612,-8.8435,-8.8435,-8.8435,-8.8435,-8.8435,-8.8435,-8.8435,기간만료,손절,손절,손절,손절,손절,손절,손절
086520,에코프로,2차전지,2023-02-27,2023-02-28,54901.9609375,17.88,2.3214,1.6071,12.1429,1.7857,12.3214,44.6429,55.3571,54.1071,기간만료,기간만료,기간만료,기간만료,기간만료,기간만료,기간만료,기간만료
086520,에코프로,2차전지,2023-03-03,2023-03-06,61568.62890625,22.81,-4.2994,-9.2357,-9.2357,-9.2357,-9.2357,-9.2357,-9.2357,-9.2357,기간만료,손절,손절,손절,손절,손절,손절,손절
086520,에코프로,2차전지,2023-03-06,2023-03-07,58921.5703125,25.67,-5.1581,10.4825,4.6589,23.4609,53.9101,34.1098,48.4193,65.0582,기간만료,기간만료,기간만료,기간만료,기간만료,기간만료,기간만료,기간만료
086520,에코프로,2차전지,2023-03-08,2023-03-09,65098.0390625,22.08,-5.2711,-7.0783,-7.0783,-7.0783,-7.0783,-7.0783,-7.0783,-7.0783,기간만료,손절,손절,손절,손절,손절,손절,손절
086520,에코프로,2차전지,2023-03-13,2023-03-14,72745.1015625,18.31,9.1644,24.6631,19.9461,8.6253,21.6981,20.2156,33.6927,103.504,기간만료,기간만료,기간만료,기간만료,기간만료,기간만료,기간만료,기간만료
086520,에코프로,2차전지,2023-03-14,2023-03-15,79411.765625,16.43,14.1975,9.8765,-9.3827,7.4074,18.7654,6.5432,16.7901,80.7407,기간만료,기간만료,기간만료,기간만료,기간만료,기간만료,기간만료,기간만료
086520,에코프로,2차전지,2023-03-15,2023-03-16,90686.2734375,19.91,-3.7838,-3.7838,-3.7838,-3.7838,-3.7838,-3.7838,-3.7838,-3.7838,손절,손절,손절,손절,손절,손절,손절,손절
086520,에코프로,2차전지,2023-07-03,2023-07-04,179803.921875,2.82,-2.5082,3.1625,2.5082,6.2159,-0.9815,11.0142,25.1908,4.253,기간만료,기간만료,기간만료,기간만료,기간만료,기간만료,기간만료,20일선이탈
086520,에코프로,2차전지,2023-11-06,2023-11-07,170588.234375,6.03,-5.6322,-13.3333,-13.3333,-13.3333,-13.3333,-13.3333,-13.3333,-13.3333,기간만료,손절,손절,손절,손절,손절,손절,손절
086520,에코프로,2차전지,2023-11-07,2023-11-08,160980.390625,3.69,-8.1608,-8.1608,-8.1608,-8.1608,-8.1608,-8.1608,-8.1608,-8.1608,손절,손절,손절,손절,손절,손절,손절,손절
086520,에코프로,2차전지,2023-12-18,2023-12-19,138627.453125,5.81,4.8091,1.273,-0.7072,-7.0721,-7.0721,-7.0721,-7.0721,-7.0721,기간만료,기간만료,기간만료,손절,손절,손절,손절,손절
086520,에코프로,2차전지,2024-02-07,2024-02-08,117058.8203125,-4.42,8.5427,3.8526,6.3652,4.0201,-1.34,-2.01,0.335,0.335,기간만료,기간만료,기간만료,기간만료,기간만료,기간만료,20일선이탈,20일선이탈
086520,에코프로,2차전지,2024-02-08,2024-02-13,127058.8203125,-2.42,-4.321,-2.0062,1.8519,-8.4877,-8.4877,-8.4877,-8.4877,-8.4877,기간만료,기간만료,기간만료,손절,손절,손절,손절,손절
086520,에코프로,2차전지,2024-06-07,2024-06-10,105882.3515625,0.53,-3.2407,-5.463,-4.1667,-4.1667,-4.1667,-4.1667,-4.1667,-4.1667,기간만료,기간만료,손절,손절,손절,손절,손절,손절
086520,에코프로,2차전지,2024-07-03,2024-07-04,97549.0234375,-6.07,-2.5126,-2.1106,5.5276,1.206,2.8141,-5.5276,-5.5276,-5.5276,기간만료,기간만료,기간만료,기간만료,기간만료,기간만료,20일선이탈,20일선이탈
086520,에코프로,2차전지,2024-07-08,2024-07-09,102941.1796875,-9.9,-1.9048,-4.0952,-6.8571,-6.8571,-6.8571,-6.8571,-6.8571,-6.8571,기간만료,기간만료,손절,손절,손절,손절,손절,손절
086520,에코프로,2차전지,2024-09-24,2024-09-25,89313.7265625,11.79,-1.9758,0.9879,1.6465,1.3172,-0.2195,-6.5862,-8.8913,-8.8913,기간만료,기간만료,기간만료,기간만료,기간만료,기간만료,손절,손절
086520,에코프로,2차전지,2024-11-04,2024-11-05,83725.4921875,-3.59,4.0984,-6.5574,-6.5574,-6.5574,-6.5574,-6.5574,-6.5574,-6.5574,기간만료,손절,손절,손절,손절,손절,손절,손절
086520,에코프로,2차전지,2025-02-21,2025-02-24,65196.078125,-5.37,2.5564,-3.0075,2.6135,-5.0556,-9.8105,-9.8105,-9.8105,-9.8105,기간만료,기간만료,기간만료,기간만료,손절,손절,손절,손절
086520,에코프로,2차전지,2025-06-24,2025-06-25,48450.0,-3.33,0.9288,-2.3736,-6.6047,-6.6047,-6.6047,-6.6047,-6.6047,-6.6047,기간만료,기간만료,손절,손절,손절,손절,손절,손절
086520,에코프로,2차전지,2025-07-18,2025-07-21,48650.0,6.89,3.186,0.1028,-1.1305,5.6526,2.6721,-0.8222,-0.8222,-0.8222,기간만료,기간만료,기간만료,기간만료,기간만료,기간만료,20일선이탈,20일선이탈
086520,에코프로,2차전지,2025-07-25,2025-07-28,51400.0,17.31,-0.7782,-2.821,1.3619,-6.1284,-6.1284,-6.1284,-6.1284,-6.1284,기간만료,기간만료,기간만료,손절,손절,손절,손절,손절
086520,에코프로,2차전지,2025-08-05,2025-08-06,52400.0,17.06,0.3817,-0.7634,1.145,11.6412,12.5954,5.3435,5.916,0.3817,기간만료,기간만료,기간만료,기간만료,기간만료,기간만료,기간만료,20일선이탈
086520,에코프로,2차전지,2025-08-12,2025-08-13,58500.0,23.22,-1.3675,0.8547,-2.906,-5.641,-5.641,-5.641,-5.641,-5.641,기간만료,기간만료,기간만료,손절,손절,손절,손절,손절
086520,에코프로,2차전지,2025-10-14,2025-10-15,50500.0,-0.49,0.396,21.9802,48.1188,58.0198,66.1386,89.1089,83.7624,89.1089,기간만료,기간만료,기간만료,기간만료,기간만료,기간만료,기간만료,기간만료
086520,에코프로,2차전지,2025-10-16,2025-10-17,61600.0,8.48,21.4286,25.3247,29.5455,36.2013,56.9805,40.9091,46.7532,48.2143,기간만료,기간만료,기간만료,기간만료,기간만료,기간만료,기간만료,기간만료
086520,에코프로,2차전지,2025-10-17,2025-10-20,74800.0,19.71,3.2086,6.6845,16.5775,22.0588,27.6738,22.1925,18.1818,21.9251,기간만료,기간만료,기간만료,기간만료,기간만료,기간만료,기간만료,기간만료
086520,에코프로,2차전지,2025-10-20,2025-10-21,77200.0,17.3,3.3679,12.9534,8.6788,25.2591,20.0777,29.5337,15.6736,15.0259,기간만료,기간만료,기간만료,기간만료,기간만료,기간만료,기간만료,기간만료
086520,에코프로,2차전지,2025-10-22,2025-10-23,87200.0,22.94,-3.7844,-3.7844,-3.7844,-3.7844,-3.7844,-3.7844,-3.7844,-3.7844,손절,손절,손절,손절,손절,손절,손절,손절
086520,에코프로,2차전지,2025-11-11,2025-11-12,95500.0,20.28,-3.2461,-4.3979,-4.5026,-4.5026,-4.5026,-4.5026,-4.5026,-4.5026,기간만료,기간만료,손절,손절,손절,손절,손절,손절
086520,에코프로,2차전지,2025-12-01,2025-12-02,93000.0,7.85,1.5054,0.8602,-2.6882,23.2258,26.3441,18.4946,5.0538,5.0538,기간만료,기간만료,기간만료,기간만료,기간만료,기간만료,20일선이탈,20일선이탈
086520,에코프로,2차전지,2025-12-05,2025-12-08,99700.0,2.54,14.9448,20.5617,17.8536,8.9268,3.2096,-2.006,-2.006,-2.006,기간만료,기간만료,기간만료,기간만료,기간만료,기간만료,20일선이탈,20일선이탈
086520,에코프로,2차전지,2025-12-08,2025-12-09,114600.0,4.63,4.8866,2.5305,-0.9599,-3.8394,-10.2094,-10.2094,-10.2094,-10.2094,기간만료,기간만료,기간만료,기간만료,손절,손절,손절,손절
086520,에코프로,2차전지,2026-01-22,2026-01-23,109700.0,-6.43,-0.4558,15.588,27.3473,55.9708,55.0593,44.5761,38.742,57.0647,기간만료,기간만료,기간만료,기간만료,기간만료,기간만료,기간만료,기간만료
086520,에코프로,2차전지,2026-01-26,2026-01-27,126800.0,-1.0,10.1735,37.8549,34.9369,34.1483,38.0126,26.3407,38.4069,42.3502,기간만료,기간만료,기간만료,기간만료,기간만료,기간만료,기간만료,기간만료
086520,에코프로,2차전지,2026-01-27,2026-01-28,139700.0,-0.18,25.1253,22.4767,17.9671,20.544,13.529,12.0974,28.8475,28.1317,기간만료,기간만료,기간만료,기간만료,기간만료,기간만료,기간만료,기간만료
086520,에코프로,2차전지,2026-01-28,2026-01-29,174800.0,9.76,-2.1167,-5.7208,-5.7208,-5.7208,-5.7208,-5.7208,-5.7208,-5.7208,기간만료,손절,손절,손절,손절,손절,손절,손절
086520,에코프로,2차전지,2026-01-29,2026-01-30,171100.0,13.02,-3.6821,-3.6821,-3.6821,-3.6821,-3.6821,-3.6821,-3.6821,-3.6821,손절,손절,손절,손절,손절,손절,손절,손절
086520,에코프로,2차전지,2026-05-22,2026-05-26,151300.0,-31.17,-4.3622,-2.3133,-2.3133,-2.3133,-2.3133,-2.3133,-2.3133,-2.3133,기간만료,손절,손절,손절,손절,손절,손절,손절
086520,에코프로,2차전지,2026-06-29,2026-06-30,118100.0,-19.14,-15.834,-15.834,-15.834,-15.834,-15.834,-15.834,-15.834,-15.834,손절,손절,손절,손절,손절,손절,손절,손절
066970,엘앤에프,2차전지,2020-05-13,2020-05-14,18516.69921875,7.56,-2.2388,-4.2289,-4.2289,-4.2289,-4.2289,-4.2289,-4.2289,-4.2289,기간만료,기간만료,20일선이탈,20일선이탈,20일선이탈,20일선이탈,20일선이탈,20일선이탈
066970,엘앤에프,2차전지,2020-05-20,2020-05-21,21694.9375,8.0,2.5478,4.4586,10.4034,7.8556,0.6369,0.2123,10.4034,-0.2123,기간만료,기간만료,기간만료,기간만료,기간만료,기간만료,기간만료,20일선이탈
066970,엘앤에프,2차전지,2020-05-21,2020-05-22,22247.67578125,9.75,1.8634,7.6605,6.2112,-1.0352,2.0704,0.207,-3.1056,-2.6915,기간만료,기간만료,기간만료,기간만료,기간만료,기간만료,기간만료,20일선이탈
066970,엘앤에프,2차전지,2020-05-25,2020-05-26,23951.94921875,16.59,-1.3462,-2.3077,-8.0769,-8.0769,-8.0769,-8.0769,-8.0769,-8.0769,기간만료,기간만료,손절,손절,손절,손절,손절,손절
066970,엘앤에프,2차전지,2020-06-19,2020-06-22,23537.39453125,11.61,3.3268,4.8924,8.8063,26.4188,22.7006,42.5852,62.722,46.8566,기간만료,기간만료,기간만료,기간만료,기간만료,기간만료,기간만료,기간만료
066970,엘앤에프,2차전지,2020-06-24,2020-06-25,25610.16015625,8.31,20.5036,16.187,16.5468,21.7626,31.045,45.2525,44.1308,35.7185,기간만료,기간만료,기간만료,기간만료,기간만료,기간만료,기간만료,기간만료
066970,엘앤에프,2차전지,2020-06-25,2020-06-26,30861.1640625,14.8,-3.5821,-3.2836,-3.2836,-3.2836,-3.2836,-3.2836,-3.2836,-3.2836,기간만료,손절,손절,손절,손절,손절,손절,손절
066970,엘앤에프,2차전지,2020-06-26,2020-06-29,29755.689453125,13.75,0.3096,-2.9412,4.7988,12.788,26.9468,28.7167,16.1668,7.6393,기간만료,기간만료,기간만료,기간만료,기간만료,기간만료,기간만료,기간만료
066970,엘앤에프,2차전지,2020-07-01,2020-07-02,31183.59375,14.07,1.9202,7.6234,13.611,19.2915,22.8227,18.3704,11.4616,2.7105,기간만료,기간만료,기간만료,기간만료,기간만료,기간만료,기간만료,20일선이탈
066970,엘앤에프,2차전지,2020-07-07,2020-07-08,37773.8984375,14.24,-1.5209,2.5349,1.3942,-2.7883,-1.7744,-8.4918,-8.4918,-8.4918,기간만료,기간만료,기간만료,기간만료,기간만료,손절,손절,손절
066970,엘앤에프,2차전지,2020-07-31,2020-08-03,39593.171875,3.97,8.1016,3.023,6.4087,11.6082,11.1246,0.7255,-0.3628,-0.3628,기간만료,기간만료,기간만료,기간만료,기간만료,기간만료,20일선이탈,20일선이탈
066970,엘앤에프,2차전지,2020-08-07,2020-08-10,44189.234375,12.14,-0.9751,-0.4334,4.7671,-9.7508,-9.7508,-9.7508,-9.7508,-9.7508,기간만료,기간만료,기간만료,손절,손절,손절,손절,손절
066970,엘앤에프,2차전지,2020-09-18,2020-09-21,43949.85546875,-0.06,-5.8824,-5.8824,-5.8824,-5.8824,-5.8824,-5.8824,-5.8824,-5.8824,손절,손절,손절,손절,손절,손절,손절,손절
066970,엘앤에프,2차전지,2020-09-22,2020-09-23,43375.34765625,-0.15,-13.7969,-13.7969,-13.7969,-13.7969,-13.7969,-13.7969,-13.7969,-13.7969,손절,손절,손절,손절,손절,손절,손절,손절
066970,엘앤에프,2차전지,2020-11-05,2020-11-06,40407.05859375,3.39,0.237,0.9479,-1.6588,0.5924,0.237,5.4502,7.346,28.199,기간만료,기간만료,기간만료,기간만료,기간만료,기간만료,기간만료,기간만료
066970,엘앤에프,2차전지,2020-11-24,2020-11-25,44763.7421875,6.05,-4.7059,-3.1016,8.877,18.2888,15.7219,13.1551,23.2086,43.9572,기간만료,기간만료,기간만료,기간만료,기간만료,기간만료,기간만료,기간만료
066970,엘앤에프,2차전지,2020-11-27,2020-11-30,48737.421875,4.71,-0.7859,8.6444,6.2868,2.1611,3.9293,4.3222,36.1493,42.4362,기간만료,기간만료,기간만료,기간만료,기간만료,기간만료,기간만료,기간만료
066970,엘앤에프,2차전지,2020-12-01,2020-12-02,52950.48046875,3.19,-2.17,-2.17,-5.9674,-5.9674,-5.9674,-5.9674,-5.9674,-5.9674,기간만료,기간만료,손절,손절,손절,손절,손절,손절
066970,엘앤에프,2차전지,2020-12-16,2020-12-17,69706.9609375,12.07,-1.3736,-4.8077,-4.8077,-4.8077,-4.8077,-4.8077,-4.8077,-4.8077,기간만료,손절,손절,손절,손절,손절,손절,손절
066970,엘앤에프,2차전지,2021-02-03,2021-02-04,81005.6171875,7.82,2.8369,-2.9551,-3.3097,-2.4823,-5.2009,-5.2009,-5.2009,-5.2009,기간만료,기간만료,기간만료,기간만료,손절,손절,손절,손절
066970,엘앤에프,2차전지,2021-03-25,2021-03-26,71334.734375,-3.46,1.8792,1.745,8.8591,9.7987,12.4832,16.3758,32.8859,40.9396,기간만료,기간만료,기간만료,기간만료,기간만료,기간만료,기간만료,기간만료
066970,엘앤에프,2차전지,2021-03-26,2021-03-29,72675.25,-3.24,-0.1318,6.8511,5.7971,10.6719,14.6245,23.8472,30.1713,28.0633,기간만료,기간만료,기간만료,기간만료,기간만료,기간만료,기간만료,기간만료
066970,엘앤에프,2차전지,2021-04-06,2021-04-07,83303.6484375,2.77,1.954,-0.3448,8.046,8.5058,13.7931,10.3448,6.6667,3.3333,기간만료,기간만료,기간만료,기간만료,기간만료,기간만료,기간만료,20일선이탈
066970,엘앤에프,2차전지,2021-04-07,2021-04-08,84931.421875,2.83,-2.2548,5.9752,8.23,10.2593,11.3867,10.0338,6.4262,1.3529,기간만료,기간만료,기간만료,기간만료,기간만료,기간만료,기간만료,20일선이탈
066970,엘앤에프,2차전지,2021-04-12,2021-04-13,91921.265625,3.89,-1.6667,1.875,3.125,-1.5625,1.6667,1.5625,-6.3542,-6.3542,기간만료,기간만료,기간만료,기간만료,기간만료,기간만료,손절,손절
066970,엘앤에프,2차전지,2021-06-14,2021-06-15,94000.0,-8.83,-3.9362,-4.6809,-4.3617,-1.4894,-1.4894,-2.234,-4.0426,-4.0426,기간만료,기간만료,기간만료,기간만료,기간만료,기간만료,20일선이탈,20일선이탈
066970,엘앤에프,2차전지,2021-07-13,2021-07-14,110500.0,11.62,4.7964,4.5249,4.5249,4.9774,1.81,0.0,-4.4344,-4.4344,기간만료,기간만료,기간만료,기간만료,기간만료,기간만료,손절,손절
066970,엘앤에프,2차전지,2021-07-14,2021-07-15,115800.0,14.92,-0.2591,-0.2591,2.0725,-1.2953,-3.3679,-5.4404,-5.4404,-5.4404,기간만료,기간만료,기간만료,기간만료,기간만료,손절,손절,손절
066970,엘앤에프,2차전지,2021-08-11,2021-08-12,122600.0,15.93,5.7912,4.6493,-5.9543,2.2023,-1.3866,-6.5253,-6.5253,-6.5253,기간만료,기간만료,기간만료,기간만료,기간만료,손절,손절,손절
066970,엘앤에프,2차전지,2021-09-13,2021-09-14,150400.0,4.7,2.992,1.7287,2.4601,19.6809,28.5904,16.8883,21.742,44.7473,기간만료,기간만료,기간만료,기간만료,기간만료,기간만료,기간만료,기간만료
066970,엘앤에프,2차전지,2021-09-14,2021-09-15,154900.0,10.23,-1.2266,-0.5165,-4.8418,23.8864,11.8786,17.4306,23.1117,39.1866,기간만료,기간만료,기간만료,기간만료,기간만료,기간만료,기간만료,기간만료
066970,엘앤에프,2차전지,2021-09-24,2021-09-27,191900.0,18.39,0.7817,-9.6925,-9.6925,-9.6925,-9.6925,-9.6925,-9.6925,-9.6925,기간만료,손절,손절,손절,손절,손절,손절,손절
066970,엘앤에프,2차전지,2021-12-28,2021-12-29,223800.0,-9.53,-0.0447,-3.5746,-8.1769,-8.1769,-8.1769,-8.1769,-8.1769,-8.1769,기간만료,기간만료,손절,손절,손절,손절,손절,손절
066970,엘앤에프,2차전지,2022-03-31,2022-04-01,223900.0,2.65,1.4739,4.4216,-0.0447,6.5208,-1.0719,4.7343,9.1112,2.2778,기간만료,기간만료,기간만료,기간만료,기간만료,기간만료,기간만료,20일선이탈
066970,엘앤에프,2차전지,2022-05-19,2022-05-20,270000.0,3.11,2.5926,1.5185,-1.8519,-4.6667,-4.6667,-4.6667,-4.6667,-4.6667,기간만료,기간만료,기간만료,손절,손절,손절,손절,손절
066970,엘앤에프,2차전지,2022-08-16,2022-08-17,246800.0,15.66,3.8493,5.0243,-3.1605,-3.8088,-3.8088,-3.8088,-3.8088,-3.8088,기간만료,기간만료,기간만료,20일선이탈,20일선이탈,20일선이탈,20일선이탈,20일선이탈
066970,엘앤에프,2차전지,2022-08-17,2022-08-18,256300.0,15.57,1.1315,-6.7499,-6.7499,-6.7499,-6.7499,-6.7499,-6.7499,-6.7499,기간만료,손절,손절,손절,손절,손절,손절,손절
066970,엘앤에프,2차전지,2022-10-19,2022-10-20,215100.0,9.41,-5.1604,-2.8359,-2.8359,-2.8359,-2.8359,-2.8359,-2.8359,-2.8359,기간만료,손절,손절,손절,손절,손절,손절,손절
066970,엘앤에프,2차전지,2022-11-11,2022-11-14,235900.0,5.97,-2.8402,-1.738,-2.5011,-6.9097,-6.9097,-6.9097,-6.9097,-6.9097,기간만료,기간만료,기간만료,손절,손절,손절,손절,손절
066970,엘앤에프,2차전지,2023-02-27,2023-02-28,248000.0,17.88,8.4677,2.2177,7.6613,-2.8226,-10.6855,-10.6855,-10.6855,-10.6855,기간만료,기간만료,기간만료,기간만료,손절,손절,손절,손절
066970,엘앤에프,2차전지,2023-02-28,2023-03-02,269000.0,19.86,-5.7621,-5.7621,-5.7621,-5.7621,-5.7621,-5.7621,-5.7621,-5.7621,손절,손절,손절,손절,손절,손절,손절,손절
066970,엘앤에프,2차전지,2023-03-03,2023-03-06,267000.0,22.81,-6.1798,-9.7378,-9.7378,-9.7378,-9.7378,-9.7378,-9.7378,-9.7378,기간만료,손절,손절,손절,손절,손절,손절,손절
066970,엘앤에프,2차전지,2023-03-23,2023-03-24,255500.0,17.86,11.546,15.6556,11.9374,13.6986,26.0274,24.2661,20.9393,18.9824,기간만료,기간만료,기간만료,기간만료,기간만료,기간만료,기간만료,기간만료
066970,엘앤에프,2차전지,2023-03-27,2023-03-28,295500.0,20.82,-3.2149,0.0,-1.692,8.9679,9.6447,8.6294,7.9526,1.1844,기간만료,기간만료,기간만료,기간만료,기간만료,기간만료,기간만료,20일선이탈
066970,엘앤에프,2차전지,2023-07-19,2023-07-20,270000.0,13.1,-2.5926,2.037,7.4074,-1.6667,-14.0741,-14.0741,-14.0741,-14.0741,기간만료,기간만료,기간만료,기간만료,손절,손절,손절,손절
066970,엘앤에프,2차전지,2023-07-24,2023-07-25,290000.0,21.41,-3.7931,-8.4483,-8.4483,-8.4483,-8.4483,-8.4483,-8.4483,-8.4483,기간만료,손절,손절,손절,손절,손절,손절,손절
066970,엘앤에프,2차전지,2023-11-06,2023-11-07,178000.0,6.03,-12.8652,-12.8652,-12.8652,-12.8652,-12.8652,-12.8652,-12.8652,-12.8652,손절,손절,손절,손절,손절,손절,손절,손절
066970,엘앤에프,2차전지,2023-11-29,2023-11-30,164900.0,15.44,6.9133,10.4306,12.735,15.6458,13.8266,4.9121,17.8896,8.6113,기간만료,기간만료,기간만료,기간만료,기간만료,기간만료,기간만료,20일선이탈
066970,엘앤에프,2차전지,2023-11-30,2023-12-01,176300.0,8.99,3.2898,5.4453,5.7856,7.3738,2.7794,7.2604,11.3443,1.5882,기간만료,기간만료,기간만료,기간만료,기간만료,기간만료,기간만료,20일선이탈
066970,엘앤에프,2차전지,2023-12-04,2023-12-05,185900.0,-4.6,0.3228,2.582,1.8289,-2.5282,-6.9392,-6.9392,-6.9392,-6.9392,기간만료,기간만료,기간만료,기간만료,손절,손절,손절,손절
066970,엘앤에프,2차전지,2024-01-16,2024-01-17,205000.0,1.1,-2.1951,-0.9756,-7.122,-7.122,-7.122,-7.122,-7.122,-7.122,기간만료,기간만료,손절,손절,손절,손절,손절,손절
066970,엘앤에프,2차전지,2024-05-31,2024-06-03,155700.0,-6.74,-2.2479,-2.2479,-2.2479,-2.2479,-2.2479,-2.2479,-2.2479,-2.2479,기간만료,20일선이탈,20일선이탈,20일선이탈,20일선이탈,20일선이탈,20일선이탈,20일선이탈
066970,엘앤에프,2차전지,2024-06-13,2024-06-14,171700.0,-0.72,-7.1637,-7.1637,-7.1637,-7.1637,-7.1637,-7.1637,-7.1637,-7.1637,손절,손절,손절,손절,손절,손절,손절,손절
066970,엘앤에프,2차전지,2024-09-24,2024-09-25,106900.0,11.79,-3.087,5.6127,7.0159,4.4902,10.9448,1.1225,-0.7484,-0.7484,기간만료,기간만료,기간만료,기간만료,기간만료,기간만료,20일선이탈,20일선이탈
066970,엘앤에프,2차전지,2024-10-07,2024-10-08,118600.0,7.2,1.1804,-1.855,-8.8533,-8.8533,-8.8533,-8.8533,-8.8533,-8.8533,기간만료,기간만료,손절,손절,손절,손절,손절,손절
066970,엘앤에프,2차전지,2024-12-12,2024-12-13,106500.0,-5.41,-1.4085,-6.1972,-6.1972,-6.1972,-6.1972,-6.1972,-6.1972,-6.1972,기간만료,손절,손절,손절,손절,손절,손절,손절
066970,엘앤에프,2차전지,2025-01-14,2025-01-15,88700.0,-7.59,2.593,2.593,2.593,2.593,2.593,2.593,2.593,2.593,기간만료,20일선이탈,20일선이탈,20일선이탈,20일선이탈,20일선이탈,20일선이탈,20일선이탈
066970,엘앤에프,2차전지,2025-01-20,2025-01-21,91000.0,-0.35,-3.2967,-2.0879,-4.3956,-6.3736,-9.7802,-9.7802,-9.7802,-9.7802,기간만료,기간만료,기간만료,기간만료,손절,손절,손절,손절
066970,엘앤에프,2차전지,2025-02-19,2025-02-20,89900.0,-6.2,3.6707,0.6674,1.0011,-3.782,-12.2358,-12.2358,-12.2358,-12.2358,기간만료,기간만료,기간만료,기간만료,손절,손절,손절,손절
066970,엘앤에프,2차전지,2025-04-23,2025-04-24,66800.0,-4.08,-0.5988,3.5928,3.4431,-4.3413,-4.0419,-6.2874,-6.2874,-6.2874,기간만료,기간만료,기간만료,기간만료,기간만료,손절,손절,손절
066970,엘앤에프,2차전지,2025-07-11,2025-07-14,57200.0,2.23,-0.3497,-5.4196,-5.4196,-5.4196,-5.4196,-5.4196,-5.4196,-5.4196,기간만료,손절,손절,손절,손절,손절,손절,손절
066970,엘앤에프,2차전지,2025-07-18,2025-07-21,61000.0,6.89,4.918,2.623,0.1639,10.1639,9.1803,10.9836,26.3934,41.1475,기간만료,기간만료,기간만료,기간만료,기간만료,기간만료,기간만료,기간만료
066970,엘앤에프,2차전지,2025-07-24,2025-07-25,66200.0,13.76,1.5106,-3.6254,0.6042,3.7764,1.8127,10.423,35.1964,28.3988,기간만료,기간만료,기간만료,기간만료,기간만료,기간만료,기간만료,기간만료
066970,엘앤에프,2차전지,2025-09-17,2025-09-18,76000.0,-15.1,-3.8158,1.5789,2.1053,-1.4474,-3.0263,-4.0789,-7.3684,-7.3684,기간만료,기간만료,기간만료,기간만료,기간만료,기간만료,손절,손절
066970,엘앤에프,2차전지,2025-10-14,2025-10-15,82000.0,-0.49,-0.3659,24.5122,32.439,40.2439,40.6098,75.4878,43.7805,57.9268,기간만료,기간만료,기간만료,기간만료,기간만료,기간만료,기간만료,기간만료
066970,엘앤에프,2차전지,2025-10-16,2025-10-17,102100.0,8.48,6.3663,11.4594,12.6347,12.9285,36.4349,16.3565,20.666,32.2233,기간만료,기간만료,기간만료,기간만료,기간만료,기간만료,기간만료,기간만료
066970,엘앤에프,2차전지,2025-10-17,2025-10-20,108600.0,19.71,4.7882,5.8932,8.9319,33.7017,32.5046,16.2983,12.2468,25.5064,기간만료,기간만료,기간만료,기간만료,기간만료,기간만료,기간만료,기간만료
066970,엘앤에프,2차전지,2025-10-24,2025-10-27,145200.0,29.37,-4.0634,-0.8953,-2.8237,-18.1818,-18.1818,-18.1818,-18.1818,-18.1818,기간만료,기간만료,기간만료,손절,손절,손절,손절,손절
066970,엘앤에프,2차전지,2025-12-08,2025-12-09,129000.0,4.63,6.0465,0.8527,-0.3876,-1.8605,-7.5194,-7.5194,-7.5194,-7.5194,기간만료,기간만료,기간만료,기간만료,손절,손절,손절,손절
066970,엘앤에프,2차전지,2026-01-22,2026-01-23,128400.0,-6.43,-4.9065,-4.9065,-4.9065,-4.9065,-4.9065,-4.9065,-4.9065,-4.9065,손절,손절,손절,손절,손절,손절,손절,손절
066970,엘앤에프,2차전지,2026-01-28,2026-01-29,139200.0,9.76,-6.1063,-6.1063,-6.1063,-6.1063,-6.1063,-6.1063,-6.1063,-6.1063,손절,손절,손절,손절,손절,손절,손절,손절
066970,엘앤에프,2차전지,2026-03-24,2026-03-25,128000.0,-7.63,12.6562,10.1562,20.3125,19.1406,29.7656,49.8438,35.9375,54.6875,기간만료,기간만료,기간만료,기간만료,기간만료,기간만료,기간만료,기간만료
066970,엘앤에프,2차전지,2026-03-25,2026-03-26,144200.0,-5.06,-2.2191,6.7961,8.6685,3.19,18.932,30.9293,19.5562,35.4369,기간만료,기간만료,기간만료,기간만료,기간만료,기간만료,기간만료,기간만료
066970,엘앤에프,2차전지,2026-03-30,2026-03-31,156700.0,2.59,-2.6803,-2.6803,-2.6803,-2.6803,-2.6803,-2.6803,-2.6803,-2.6803,손절,손절,손절,손절,손절,손절,손절,손절
066970,엘앤에프,2차전지,2026-04-02,2026-04-03,166100.0,7.84,3.2511,0.5418,15.4726,12.1011,9.693,3.6123,14.3889,25.5268,기간만료,기간만료,기간만료,기간만료,기간만료,기간만료,기간만료,기간만료
066970,엘앤에프,2차전지,2026-04-07,2026-04-08,191800.0,5.36,-1.5641,-2.9197,-3.024,-5.0052,-5.0052,-5.0052,-5.0052,-5.0052,기간만료,기간만료,기간만료,손절,손절,손절,손절,손절
003670,포스코퓨처엠,2차전지,2020-05-13,2020-05-14,50797.96875,7.56,-0.188,2.4436,8.0827,8.8346,10.5263,10.3383,11.2782,21.4286,기간만료,기간만료,기간만료,기간만료,기간만료,기간만료,기간만료,기간만료
003670,포스코퓨처엠,2차전지,2020-06-16,2020-06-17,65311.671875,12.91,8.1871,7.1637,11.1111,16.0819,16.0819,11.4035,11.5497,15.3509,기간만료,기간만료,기간만료,기간만료,기간만료,기간만료,기간만료,기간만료
003670,포스코퓨처엠,2차전지,2020-06-17,2020-06-18,70658.828125,11.99,-0.946,2.7027,8.2432,4.0541,1.8919,4.3243,3.6487,5.1351,기간만료,기간만료,기간만료,기간만료,기간만료,기간만료,기간만료,기간만료
003670,포스코퓨처엠,2차전지,2020-08-05,2020-08-06,83071.8671875,7.6,2.069,12.9885,9.3103,12.1839,4.8276,2.069,3.7931,3.1034,기간만료,기간만료,기간만료,기간만료,기간만료,기간만료,기간만료,20일선이탈
003670,포스코퓨처엠,2차전지,2020-08-06,2020-08-07,84790.59375,5.69,10.6982,7.0946,6.982,9.009,1.3514,-1.2387,3.1532,1.0135,기간만료,기간만료,기간만료,기간만료,기간만료,기간만료,기간만료,20일선이탈
003670,포스코퓨처엠,2차전지,2020-08-07,2020-08-10,93861.65625,12.14,-3.2553,-3.3571,-0.7121,-7.2228,-7.2228,-7.2228,-7.2228,-7.2228,기간만료,기간만료,기간만료,손절,손절,손절,손절,손절
003670,포스코퓨처엠,2차전지,2020-09-18,2020-09-21,87177.7109375,-0.06,-3.1763,-3.1763,-3.1763,-3.1763,-3.1763,-3.1763,-3.1763,-3.1763,기간만료,20일선이탈,20일선이탈,20일선이탈,20일선이탈,20일선이탈,20일선이탈,20일선이탈
003670,포스코퓨처엠,2차전지,2020-11-25,2020-11-26,83262.8359375,3.94,0.6881,6.5367,3.4404,11.0092,12.9587,23.1041,26.1067,25.5062,기간만료,기간만료,기간만료,기간만료,기간만료,기간만료,기간만료,기간만료
003670,포스코퓨처엠,2차전지,2020-11-27,2020-11-30,88705.4765625,4.71,-2.9064,-0.1077,4.1981,6.028,4.8413,16.6783,20.6239,17.8056,기간만료,기간만료,기간만료,기간만료,기간만료,기간만료,기간만료,기간만료
003670,포스코퓨처엠,2차전지,2020-12-03,2020-12-04,97872.0234375,0.63,-3.9024,-0.9932,-4.978,-4.978,-4.978,-4.978,-4.978,-4.978,기간만료,기간만료,손절,손절,손절,손절,손절,손절
003670,포스코퓨처엠,2차전지,2020-12-09,2020-12-10,102500.0,4.96,3.4146,0.9756,0.0,2.439,4.3902,1.9512,15.122,21.4634,기간만료,기간만료,기간만료,기간만료,기간만료,기간만료,기간만료,기간만료
003670,포스코퓨처엠,2차전지,2021-01-04,2021-01-05,118000.0,10.46,5.9322,10.5932,12.7119,5.5085,6.3559,5.0847,19.4915,15.678,기간만료,기간만료,기간만료,기간만료,기간만료,기간만료,기간만료,기간만료
003670,포스코퓨처엠,2차전지,2021-04-12,2021-04-13,169500.0,3.89,-1.1799,0.295,0.295,-1.7699,-0.59,-4.4248,-4.4248,-4.4248,기간만료,기간만료,기간만료,기간만료,기간만료,20일선이탈,20일선이탈,20일선이탈
003670,포스코퓨처엠,2차전지,2021-07-08,2021-07-09,157000.0,7.51,2.5478,3.8217,2.2293,4.7771,4.1401,-0.6369,-0.9554,-0.9554,기간만료,기간만료,기간만료,기간만료,기간만료,기간만료,20일선이탈,20일선이탈
003670,포스코퓨처엠,2차전지,2021-07-14,2021-07-15,166000.0,14.92,-0.9036,-1.2048,-1.506,-4.2169,-4.2169,-4.2169,-4.2169,-4.2169,기간만료,기간만료,기간만료,손절,손절,손절,손절,손절
003670,포스코퓨처엠,2차전지,2021-08-25,2021-08-26,153000.0,6.94,-3.268,-3.268,-3.268,-3.268,-3.268,-3.268,-3.268,-3.268,기간만료,20일선이탈,20일선이탈,20일선이탈,20일선이탈,20일선이탈,20일선이탈,20일선이탈
003670,포스코퓨처엠,2차전지,2021-09-13,2021-09-14,159000.0,4.7,-2.5157,2.8302,1.8868,1.2579,7.5472,11.9497,3.7736,3.7736,기간만료,기간만료,기간만료,기간만료,기간만료,기간만료,20일선이탈,20일선이탈
003670,포스코퓨처엠,2차전지,2021-09-27,2021-09-28,171000.0,18.83,-5.5556,2.3392,4.0936,4.386,-3.5088,-3.5088,-3.5088,-3.5088,기간만료,기간만료,기간만료,기간만료,손절,손절,손절,손절
003670,포스코퓨처엠,2차전지,2021-09-29,2021-09-30,175000.0,21.25,1.7143,0.8571,2.0,-5.7143,-5.7143,-5.7143,-5.7143,-5.7143,기간만료,기간만료,기간만료,손절,손절,손절,손절,손절
003670,포스코퓨처엠,2차전지,2021-11-25,2021-11-26,164500.0,18.66,-6.079,-3.9514,-3.9514,-3.9514,-3.9514,-3.9514,-3.9514,-3.9514,기간만료,손절,손절,손절,손절,손절,손절,손절
003670,포스코퓨처엠,2차전지,2022-04-08,2022-04-11,138500.0,18.32,-10.8303,-10.8303,-10.8303,-10.8303,-10.8303,-10.8303,-10.8303,-10.8303,손절,손절,손절,손절,손절,손절,손절,손절
003670,포스코퓨처엠,2차전지,2022-05-20,2022-05-23,137000.0,5.98,-3.2847,-5.4745,-5.4745,-5.4745,-5.4745,-5.4745,-5.4745,-5.4745,기간만료,손절,손절,손절,손절,손절,손절,손절
003670,포스코퓨처엠,2차전지,2022-07-28,2022-07-29,135000.0,7.48,-1.8519,-0.3704,-1.1111,0.7407,7.037,18.1481,14.0741,16.6667,기간만료,기간만료,기간만료,기간만료,기간만료,기간만료,기간만료,기간만료
003670,포스코퓨처엠,2차전지,2022-08-09,2022-08-10,153000.0,17.47,2.2876,4.2484,5.5556,2.6144,0.6536,9.4771,8.8235,11.7647,기간만료,기간만료,기간만료,기간만료,기간만료,기간만료,기간만료,기간만료
003670,포스코퓨처엠,2차전지,2022-08-11,2022-08-12,159500.0,13.38,1.2539,1.2539,-1.5674,-3.4483,-0.3135,-1.2539,2.8213,9.7179,기간만료,기간만료,기간만료,기간만료,기간만료,기간만료,기간만료,기간만료
003670,포스코퓨처엠,2차전지,2022-10-18,2022-10-19,185000.0,6.02,2.1622,2.4324,3.2432,7.2973,6.4865,10.0,14.0541,27.027,기간만료,기간만료,기간만료,기간만료,기간만료,기간만료,기간만료,기간만료
003670,포스코퓨처엠,2차전지,2022-10-19,2022-10-20,189000.0,9.41,0.2646,1.0582,3.9683,4.2328,7.1429,1.5873,13.2275,17.9894,기간만료,기간만료,기간만료,기간만료,기간만료,기간만료,기간만료,기간만료
003670,포스코퓨처엠,2차전지,2023-03-03,2023-03-06,235500.0,22.81,-1.6985,9.9788,10.6157,3.397,3.397,4.8832,13.1635,18.4713,기간만료,기간만료,기간만료,기간만료,기간만료,기간만료,기간만료,기간만료
003670,포스코퓨처엠,2차전지,2023-03-06,2023-03-07,231500.0,25.67,11.879,12.527,5.1836,6.9114,6.4795,7.7754,15.3348,24.838,기간만료,기간만료,기간만료,기간만료,기간만료,기간만료,기간만료,기간만료
003670,포스코퓨처엠,2차전지,2023-03-07,2023-03-08,259000.0,23.76,0.5792,-5.9846,-5.9846,-5.9846,-5.9846,-5.9846,-5.9846,-5.9846,기간만료,기간만료,기간만료,손절,손절,손절,손절,손절
003670,포스코퓨처엠,2차전지,2023-03-16,2023-03-17,268000.0,20.04,-7.8358,-7.8358,-7.8358,-7.8358,-7.8358,-7.8358,-7.8358,-7.8358,손절,손절,손절,손절,손절,손절,손절,손절
003670,포스코퓨처엠,2차전지,2023-04-14,2023-04-17,349000.0,19.54,15.3295,10.1719,15.4728,6.7335,-0.8596,-2.7221,-2.7221,-2.7221,기간만료,기간만료,기간만료,기간만료,기간만료,기간만료,20일선이탈,20일선이탈
003670,포스코퓨처엠,2차전지,2023-07-10,2023-07-11,412500.0,1.52,-3.5152,-5.4545,-5.4545,-5.4545,-5.4545,-5.4545,-5.4545,-5.4545,기간만료,손절,손절,손절,손절,손절,손절,손절
003670,포스코퓨처엠,2차전지,2023-07-18,2023-07-19,465500.0,9.38,-0.7519,-3.7594,9.5596,28.8937,1.6112,5.3706,-5.6928,-5.6928,기간만료,기간만료,기간만료,기간만료,기간만료,기간만료,손절,손절
003670,포스코퓨처엠,2차전지,2023-07-19,2023-07-20,462000.0,13.1,-3.0303,10.3896,23.3766,18.3983,11.6883,5.8442,-4.9784,-4.9784,기간만료,기간만료,기간만료,기간만료,기간만료,기간만료,20일선이탈,20일선이탈
003670,포스코퓨처엠,2차전지,2023-07-24,2023-07-25,570000.0,21.41,5.2632,-4.0351,-17.0175,-17.0175,-17.0175,-17.0175,-17.0175,-17.0175,기간만료,기간만료,손절,손절,손절,손절,손절,손절
003670,포스코퓨처엠,2차전지,2023-07-25,2023-07-26,600000.0,26.56,-8.8333,-8.8333,-8.8333,-8.8333,-8.8333,-8.8333,-8.8333,-8.8333,손절,손절,손절,손절,손절,손절,손절,손절
003670,포스코퓨처엠,2차전지,2023-11-06,2023-11-07,348500.0,6.03,-11.9082,-11.9082,-11.9082,-11.9082,-11.9082,-11.9082,-11.9082,-11.9082,손절,손절,손절,손절,손절,손절,손절,손절
003670,포스코퓨처엠,2차전지,2023-12-04,2023-12-05,339000.0,-4.6,-4.7198,-2.8024,-2.8024,-2.8024,-2.8024,-2.8024,-2.8024,-2.8024,기간만료,손절,손절,손절,손절,손절,손절,손절
003670,포스코퓨처엠,2차전지,2024-04-24,2024-04-25,290000.0,-3.71,-1.3793,-3.9655,0.6897,-2.7586,-4.1379,-3.2759,-3.9655,-3.9655,기간만료,기간만료,기간만료,기간만료,기간만료,기간만료,손절,손절
003670,포스코퓨처엠,2차전지,2024-06-05,2024-06-07,279000.0,-0.39,0.1792,-1.4337,2.8674,2.3297,-4.4803,-4.4803,-4.4803,-4.4803,기간만료,기간만료,기간만료,기간만료,손절,손절,손절,손절
003670,포스코퓨처엠,2차전지,2024-06-11,2024-06-12,287000.0,1.46,-0.3484,-0.5226,-6.6202,-7.1429,-7.1429,-7.1429,-7.1429,-7.1429,기간만료,기간만료,기간만료,손절,손절,손절,손절,손절
003670,포스코퓨처엠,2차전지,2024-09-02,2024-09-03,250000.0,6.57,-7.0,-2.2,-5.8,-5.8,-5.8,-5.8,-5.8,-5.8,기간만료,기간만료,손절,손절,손절,손절,손절,손절
003670,포스코퓨처엠,2차전지,2025-02-19,2025-02-20,140200.0,-6.2,2.7104,2.9244,7.8459,7.7033,-1.0699,-6.4194,-6.4194,-6.4194,기간만료,기간만료,기간만료,기간만료,기간만료,손절,손절,손절
003670,포스코퓨처엠,2차전지,2025-04-10,2025-04-11,134300.0,-6.06,-2.3083,-2.3083,-3.2762,-7.9672,-7.9672,-7.9672,-7.9672,-7.9672,기간만료,기간만료,기간만료,손절,손절,손절,손절,손절
003670,포스코퓨처엠,2차전지,2025-06-12,2025-06-13,126476.109375,-13.14,-3.3019,-5.5948,-5.5948,-5.5948,-5.5948,-5.5948,-5.5948,-5.5948,기간만료,손절,손절,손절,손절,손절,손절,손절
003670,포스코퓨처엠,2차전지,2025-07-11,2025-07-14,142000.0,2.23,-3.169,-4.4366,-5.5634,-5.5634,-5.5634,-5.5634,-5.5634,-5.5634,기간만료,기간만료,손절,손절,손절,손절,손절,손절
003670,포스코퓨처엠,2차전지,2025-07-18,2025-07-21,153000.0,6.89,5.7516,0.0,-2.0261,-2.549,-4.3137,-8.1046,-8.1046,-8.1046,기간만료,기간만료,기간만료,기간만료,기간만료,손절,손절,손절
003670,포스코퓨처엠,2차전지,2025-10-13,2025-10-14,156900.0,-7.61,10.0701,9.8789,22.4347,24.4742,32.8872,52.9637,45.6342,31.9312,기간만료,기간만료,기간만료,기간만료,기간만료,기간만료,기간만료,20일선이탈
003670,포스코퓨처엠,2차전지,2025-10-14,2025-10-15,172700.0,-0.49,-0.1737,11.2334,10.6543,18.9925,19.5715,37.8112,23.9143,19.861,기간만료,기간만료,기간만료,기간만료,기간만료,기간만료,기간만료,20일선이탈
003670,포스코퓨처엠,2차전지,2025-10-16,2025-10-17,192100.0,8.48,-0.5206,1.6658,6.9755,7.4961,24.9349,11.4003,7.7564,7.7564,기간만료,기간만료,기간만료,기간만료,기간만료,기간만료,기간만료,20일선이탈
003670,포스코퓨처엠,2차전지,2025-10-24,2025-10-27,258000.0,29.37,-6.9767,-7.7519,-7.7519,-7.7519,-7.7519,-7.7519,-7.7519,-7.7519,기간만료,손절,손절,손절,손절,손절,손절,손절
003670,포스코퓨처엠,2차전지,2026-01-22,2026-01-23,224000.0,-6.43,-3.3482,1.3393,4.6875,5.5804,-0.4464,-3.3482,0.0,1.7857,기간만료,기간만료,기간만료,기간만료,기간만료,기간만료,기간만료,20일선이탈
003670,포스코퓨처엠,2차전지,2026-01-26,2026-01-27,227000.0,-1.0,3.304,8.1498,4.185,-1.7621,1.3216,-0.4405,3.7445,0.4405,기간만료,기간만료,기간만료,기간만료,기간만료,기간만료,기간만료,20일선이탈
003670,포스코퓨처엠,2차전지,2026-05-06,2026-05-07,288000.0,-2.57,1.5625,0.6944,-2.6042,-9.8958,-9.8958,-9.8958,-9.8958,-9.8958,기간만료,기간만료,기간만료,손절,손절,손절,손절,손절
348370,엔켐,2차전지,2022-01-13,2022-01-14,105200.0,-0.16,7.6996,6.9392,5.5133,12.2624,-0.4753,-12.0722,-12.0722,-12.0722,기간만료,기간만료,기간만료,기간만료,기간만료,손절,손절,손절
348370,엔켐,2차전지,2022-02-09,2022-02-10,111000.0,-6.85,-8.2883,-8.2883,-8.2883,-8.2883,-8.2883,-8.2883,-8.2883,-8.2883,손절,손절,손절,손절,손절,손절,손절,손절
348370,엔켐,2차전지,2022-08-10,2022-08-11,58600.0,16.31,-3.2423,-3.5836,-2.7304,8.1911,-4.2662,2.5597,-7.3379,-7.3379,기간만료,기간만료,기간만료,기간만료,기간만료,기간만료,손절,손절
348370,엔켐,2차전지,2022-08-17,2022-08-18,63100.0,15.57,0.4754,-4.7544,-11.0935,-11.0935,-11.0935,-11.0935,-11.0935,-11.0935,기간만료,기간만료,손절,손절,손절,손절,손절,손절
348370,엔켐,2차전지,2022-09-08,2022-09-13,68200.0,3.77,-3.2258,3.9589,4.5455,-0.2933,3.9589,3.9589,1.173,-4.1056,기간만료,기간만료,기간만료,기간만료,기간만료,기간만료,기간만료,손절
348370,엔켐,2차전지,2022-09-13,2022-09-14,66000.0,4.76,7.4242,8.0303,11.3636,5.7576,15.7576,8.3333,-0.9091,-0.9091,기간만료,기간만료,기간만료,기간만료,기간만료,기간만료,기간만료,20일선이탈
348370,엔켐,2차전지,2023-02-21,2023-02-22,66500.0,26.5,0.0,-3.7594,-6.7669,-6.7669,-6.7669,-6.7669,-6.7669,-6.7669,기간만료,기간만료,손절,손절,손절,손절,손절,손절
348370,엔켐,2차전지,2023-03-03,2023-03-06,69900.0,22.81,-2.7182,-6.2947,-6.4378,-6.4378,-6.4378,-6.4378,-6.4378,-6.4378,기간만료,기간만료,손절,손절,손절,손절,손절,손절
348370,엔켐,2차전지,2023-03-29,2023-03-30,78300.0,19.42,-7.7905,-7.7905,-7.7905,-7.7905,-7.7905,-7.7905,-7.7905,-7.7905,손절,손절,손절,손절,손절,손절,손절,손절
348370,엔켐,2차전지,2023-04-03,2023-04-04,82800.0,15.4,3.5024,1.57,5.9179,3.8647,-11.9565,-11.9565,-11.9565,-11.9565,기간만료,기간만료,기간만료,기간만료,손절,손절,손절,손절
348370,엔켐,2차전지,2023-04-19,2023-04-20,78000.0,18.65,-9.359,-9.359,-9.359,-9.359,-9.359,-9.359,-9.359,-9.359,손절,손절,손절,손절,손절,손절,손절,손절
348370,엔켐,2차전지,2023-07-18,2023-07-19,72100.0,9.38,-4.9931,-4.9931,-4.9931,-4.9931,-4.9931,-4.9931,-4.9931,-4.9931,손절,손절,손절,손절,손절,손절,손절,손절
348370,엔켐,2차전지,2023-07-20,2023-07-21,71000.0,12.44,5.493,4.9296,3.2394,-2.2535,-2.2535,-2.2535,-2.2535,-2.2535,기간만료,기간만료,기간만료,20일선이탈,20일선이탈,20일선이탈,20일선이탈,20일선이탈
348370,엔켐,2차전지,2023-11-06,2023-11-07,60100.0,6.03,-3.1614,-3.9933,-7.4875,-7.4875,-7.4875,-7.4875,-7.4875,-7.4875,기간만료,기간만료,손절,손절,손절,손절,손절,손절
348370,엔켐,2차전지,2023-12-04,2023-12-05,67500.0,-4.6,2.963,5.3333,5.4815,7.4074,6.2222,16.0,9.3333,22.963,기간만료,기간만료,기간만료,기간만료,기간만료,기간만료,기간만료,기간만료
348370,엔켐,2차전지,2023-12-18,2023-12-19,78300.0,5.81,1.0217,-1.788,-0.1277,-5.7471,-5.7471,-5.7471,-5.7471,-5.7471,기간만료,기간만료,기간만료,손절,손절,손절,손절,손절
348370,엔켐,2차전지,2024-01-11,2024-01-12,92300.0,-1.16,0.0,15.9263,22.9686,44.2037,10.5092,20.1517,96.4247,129.1441,기간만료,기간만료,기간만료,기간만료,기간만료,기간만료,기간만료,기간만료
348370,엔켐,2차전지,2024-01-16,2024-01-17,113500.0,1.1,-2.467,17.2687,-5.7269,-5.7269,-5.7269,-5.7269,-5.7269,-5.7269,기간만료,기간만료,손절,손절,손절,손절,손절,손절
348370,엔켐,2차전지,2024-01-17,2024-01-18,110700.0,-1.16,20.2349,-3.3424,-3.3424,-3.3424,-3.3424,-3.3424,-3.3424,-3.3424,기간만료,손절,손절,손절,손절,손절,손절,손절
348370,엔켐,2차전지,2024-01-18,2024-01-19,133100.0,-1.7,-19.6093,-19.6093,-19.6093,-19.6093,-19.6093,-19.6093,-19.6093,-19.6093,손절,손절,손절,손절,손절,손절,손절,손절
348370,엔켐,2차전지,2024-01-29,2024-01-30,162000.0,-4.99,4.5062,-5.7407,11.9136,18.5185,16.7901,75.0,96.6049,82.716,기간만료,기간만료,기간만료,기간만료,기간만료,기간만료,기간만료,기간만료
348370,엔켐,2차전지,2024-04-03,2024-04-04,310500.0,1.61,6.2802,15.942,12.3994,17.8744,2.7375,1.6103,-9.1787,-9.1787,기간만료,기간만료,기간만료,기간만료,기간만료,기간만료,손절,손절
348370,엔켐,2차전지,2024-04-08,2024-04-09,349000.0,-0.39,4.0115,4.8711,-0.5731,-8.596,-8.596,-8.596,-8.596,-8.596,기간만료,기간만료,기간만료,손절,손절,손절,손절,손절
348370,엔켐,2차전지,2024-05-09,2024-05-10,309500.0,-2.42,-2.1002,-1.454,-0.3231,-0.3231,-0.3231,-0.3231,-0.3231,-0.3231,기간만료,기간만료,손절,손절,손절,손절,손절,손절
348370,엔켐,2차전지,2024-12-03,2024-12-04,171000.0,-13.54,-0.8772,-7.193,-7.193,-7.193,-7.193,-7.193,-7.193,-7.193,기간만료,손절,손절,손절,손절,손절,손절,손절
348370,엔켐,2차전지,2025-02-20,2025-02-21,131000.0,-2.42,-4.6565,2.2137,-9.4656,-9.4656,-9.4656,-9.4656,-9.4656,-9.4656,기간만료,기간만료,손절,손절,손절,손절,손절,손절
348370,엔켐,2차전지,2025-04-11,2025-04-14,88900.0,-3.45,-4.387,-4.387,-4.387,-4.387,-4.387,-4.387,-4.387,-4.387,손절,손절,손절,손절,손절,손절,손절,손절
348370,엔켐,2차전지,2025-07-18,2025-07-21,58300.0,6.89,6.8611,8.9194,2.5729,7.8902,6.518,11.1492,28.6449,40.3087,기간만료,기간만료,기간만료,기간만료,기간만료,기간만료,기간만료,기간만료
348370,엔켐,2차전지,2025-07-22,2025-07-23,63500.0,9.36,-5.8268,-5.8268,-5.8268,-5.8268,-5.8268,-5.8268,-5.8268,-5.8268,손절,손절,손절,손절,손절,손절,손절,손절
348370,엔켐,2차전지,2025-07-24,2025-07-25,63700.0,13.76,-1.2559,-2.0408,-2.5118,2.5118,3.6107,13.3438,36.2637,29.0424,기간만료,기간만료,기간만료,기간만료,기간만료,기간만료,기간만료,기간만료
348370,엔켐,2차전지,2025-07-30,2025-07-31,70300.0,13.81,-7.1124,-7.8236,-7.8236,-7.8236,-7.8236,-7.8236,-7.8236,-7.8236,기간만료,손절,손절,손절,손절,손절,손절,손절
348370,엔켐,2차전지,2025-08-11,2025-08-12,87900.0,21.61,-0.9101,-4.2093,-4.2093,-4.2093,-4.2093,-4.2093,-4.2093,-4.2093,기간만료,손절,손절,손절,손절,손절,손절,손절
348370,엔켐,2차전지,2025-09-12,2025-09-15,78300.0,-17.5,2.8097,1.9157,1.9157,-1.2771,-3.0651,-7.6628,-7.6628,-7.6628,기간만료,기간만료,기간만료,기간만료,기간만료,손절,손절,손절
348370,엔켐,2차전지,2025-10-16,2025-10-17,83000.0,8.48,0.3614,0.0,6.988,5.0602,16.3855,1.2048,4.2169,4.2169,기간만료,기간만료,기간만료,기간만료,기간만료,기간만료,20일선이탈,20일선이탈
348370,엔켐,2차전지,2025-10-17,2025-10-20,83300.0,19.71,-0.3601,6.6026,6.7227,21.0084,15.8463,5.7623,3.8415,3.8415,기간만료,기간만료,기간만료,기간만료,기간만료,기간만료,20일선이탈,20일선이탈
348370,엔켐,2차전지,2025-10-21,2025-10-22,88800.0,16.98,0.1126,-1.8018,13.5135,8.6712,-5.4054,-4.6171,-2.5901,-2.5901,기간만료,기간만료,기간만료,기간만료,기간만료,기간만료,손절,손절
348370,엔켐,2차전지,2025-10-24,2025-10-27,100800.0,29.37,-4.1667,-4.2659,-8.4325,-8.4325,-8.4325,-8.4325,-8.4325,-8.4325,기간만료,기간만료,손절,손절,손절,손절,손절,손절
348370,엔켐,2차전지,2025-11-28,2025-12-01,77000.0,4.32,-3.1169,-3.3766,-4.2857,-8.961,-8.961,-8.961,-8.961,-8.961,기간만료,기간만료,기간만료,손절,손절,손절,손절,손절
348370,엔켐,2차전지,2025-12-24,2025-12-26,68800.0,-7.57,-5.0872,-5.0872,-5.0872,-5.0872,-5.0872,-5.0872,-5.0872,-5.0872,기간만료,20일선이탈,20일선이탈,20일선이탈,20일선이탈,20일선이탈,20일선이탈,20일선이탈
348370,엔켐,2차전지,2026-01-22,2026-01-23,67900.0,-6.43,-2.9455,6.3328,13.8439,31.3697,27.5405,10.3093,12.9602,11.9293,기간만료,기간만료,기간만료,기간만료,기간만료,기간만료,기간만료,20일선이탈
348370,엔켐,2차전지,2026-01-26,2026-01-27,72200.0,-1.0,7.0637,29.9169,23.5457,19.9446,13.5734,13.4349,5.2632,5.2632,기간만료,기간만료,기간만료,기간만료,기간만료,기간만료,20일선이탈,20일선이탈
348370,엔켐,2차전지,2026-01-27,2026-01-28,77300.0,-0.18,21.3454,15.3946,21.4748,5.8215,-3.1048,3.7516,-1.6818,-1.6818,기간만료,기간만료,기간만료,기간만료,기간만료,기간만료,20일선이탈,20일선이탈
348370,엔켐,2차전지,2026-01-28,2026-01-29,93800.0,9.76,-4.9041,0.1066,-7.6759,-7.6759,-7.6759,-7.6759,-7.6759,-7.6759,기간만료,기간만료,손절,손절,손절,손절,손절,손절
348370,엔켐,2차전지,2026-01-30,2026-02-02,93900.0,13.95,-7.7742,-7.7742,-7.7742,-7.7742,-7.7742,-7.7742,-7.7742,-7.7742,손절,손절,손절,손절,손절,손절,손절,손절
348370,엔켐,2차전지,2026-04-21,2026-04-22,54500.0,20.52,-3.8532,-8.0734,-8.0734,-8.0734,-8.0734,-8.0734,-8.0734,-8.0734,기간만료,손절,손절,손절,손절,손절,손절,손절
020150,롯데에너지머티리얼즈,2차전지,2020-05-13,2020-05-14,42500.0,7.56,1.6471,1.7647,7.4118,12.5882,11.7647,11.8824,8.8235,16.2353,기간만료,기간만료,기간만료,기간만료,기간만료,기간만료,기간만료,기간만료
020150,롯데에너지머티리얼즈,2차전지,2020-06-25,2020-06-26,54200.0,14.8,-5.9041,-5.3506,-5.3506,-5.3506,-5.3506,-5.3506,-5.3506,-5.3506,기간만료,손절,손절,손절,손절,손절,손절,손절
020150,롯데에너지머티리얼즈,2차전지,2020-08-03,2020-08-04,55700.0,8.32,-3.9497,0.0,0.1795,1.2567,-1.2567,-7.5404,-7.5404,-7.5404,기간만료,기간만료,기간만료,기간만료,기간만료,손절,손절,손절
020150,롯데에너지머티리얼즈,2차전지,2020-08-05,2020-08-06,55700.0,7.6,0.1795,1.7953,1.2567,-1.2567,-3.0521,-7.5404,-7.5404,-7.5404,기간만료,기간만료,기간만료,기간만료,기간만료,손절,손절,손절
020150,롯데에너지머티리얼즈,2차전지,2020-11-27,2020-11-30,47450.0,4.71,-0.9484,-0.5269,-1.1591,-1.5806,-2.9505,0.7376,5.2687,8.5353,기간만료,기간만료,기간만료,기간만료,기간만료,기간만료,기간만료,기간만료
020150,롯데에너지머티리얼즈,2차전지,2020-12-11,2020-12-14,47800.0,5.08,0.0,2.1967,5.8577,4.4979,1.9874,7.7406,10.6695,23.431,기간만료,기간만료,기간만료,기간만료,기간만료,기간만료,기간만료,기간만료
020150,롯데에너지머티리얼즈,2차전지,2021-01-08,2021-01-11,58100.0,13.76,2.4096,2.2375,1.5491,-0.3442,4.6472,12.0482,23.2358,29.432,기간만료,기간만료,기간만료,기간만료,기간만료,기간만료,기간만료,기간만료
020150,롯데에너지머티리얼즈,2차전지,2021-01-11,2021-01-12,59500.0,12.22,-0.1681,-0.8403,2.1849,-3.0252,3.5294,7.8992,20.3361,29.0756,기간만료,기간만료,기간만료,기간만료,기간만료,기간만료,기간만료,기간만료
020150,롯데에너지머티리얼즈,2차전지,2021-04-08,2021-04-09,75000.0,-1.0,6.0,2.6667,3.7333,1.0667,-0.6667,0.1333,-2.2667,-2.2667,기간만료,기간만료,기간만료,기간만료,기간만료,기간만료,20일선이탈,20일선이탈
020150,롯데에너지머티리얼즈,2차전지,2021-06-11,2021-06-14,68900.0,-8.12,1.016,1.016,-0.4354,1.3062,0.5806,5.5152,5.225,4.0639,기간만료,기간만료,기간만료,기간만료,기간만료,기간만료,기간만료,기간만료
020150,롯데에너지머티리얼즈,2차전지,2021-07-14,2021-07-15,76300.0,14.92,-1.8349,-0.9174,5.5046,8.3879,10.8781,7.3394,3.1455,4.7182,기간만료,기간만료,기간만료,기간만료,기간만료,기간만료,기간만료,기간만료
020150,롯데에너지머티리얼즈,2차전지,2021-07-16,2021-07-19,75600.0,14.86,6.4815,8.9947,9.3915,11.9048,8.8624,6.4815,6.4815,5.6878,기간만료,기간만료,기간만료,기간만료,기간만료,기간만료,기간만료,20일선이탈
020150,롯데에너지머티리얼즈,2차전지,2021-07-19,2021-07-20,80500.0,17.55,2.3602,2.7329,4.0994,3.1056,1.7391,-0.6211,6.087,-0.7453,기간만료,기간만료,기간만료,기간만료,기간만료,기간만료,기간만료,20일선이탈
020150,롯데에너지머티리얼즈,2차전지,2021-07-20,2021-07-21,82400.0,16.16,0.3641,1.699,2.6699,-0.1214,-1.5777,-2.3058,-1.5777,-3.034,기간만료,기간만료,기간만료,기간만료,기간만료,기간만료,기간만료,20일선이탈
020150,롯데에너지머티리얼즈,2차전지,2021-09-13,2021-09-14,83500.0,4.7,0.479,1.5569,4.4311,0.9581,18.4431,22.7545,25.1497,32.9341,기간만료,기간만료,기간만료,기간만료,기간만료,기간만료,기간만료,기간만료
020150,롯데에너지머티리얼즈,2차전지,2021-09-16,2021-09-17,87200.0,10.44,-5.3899,-5.3899,-5.3899,-5.3899,-5.3899,-5.3899,-5.3899,-5.3899,손절,손절,손절,손절,손절,손절,손절,손절
020150,롯데에너지머티리얼즈,2차전지,2021-09-27,2021-09-28,98900.0,18.83,-1.5167,6.1678,3.64,10.7179,3.1345,13.7513,10.2123,5.6623,기간만료,기간만료,기간만료,기간만료,기간만료,기간만료,기간만료,20일선이탈
020150,롯데에너지머티리얼즈,2차전지,2021-11-18,2021-11-19,130000.0,20.65,-0.7692,-3.8462,-3.0769,1.9231,12.3077,-6.9231,-6.9231,-6.9231,기간만료,기간만료,기간만료,기간만료,기간만료,손절,손절,손절
020150,롯데에너지머티리얼즈,2차전지,2022-03-31,2022-04-01,95900.0,2.65,-0.3128,5.318,3.6496,4.2753,-2.5026,-0.8342,-7.6121,-7.6121,기간만료,기간만료,기간만료,기간만료,기간만료,기간만료,손절,손절
020150,롯데에너지머티리얼즈,2차전지,2022-05-19,2022-05-20,94300.0,3.11,1.0604,0.5302,-0.4242,-11.3468,-11.3468,-11.3468,-11.3468,-11.3468,기간만료,기간만료,기간만료,손절,손절,손절,손절,손절
020150,롯데에너지머티리얼즈,2차전지,2022-05-31,2022-06-02,88600.0,2.7,0.2257,-2.7088,-4.7404,-4.7404,-4.7404,-4.7404,-4.7404,-4.7404,기간만료,기간만료,기간만료,20일선이탈,20일선이탈,20일선이탈,20일선이탈,20일선이탈
020150,롯데에너지머티리얼즈,2차전지,2023-02-21,2023-02-22,63800.0,26.5,-3.2915,-3.2915,-3.2915,-3.2915,-3.2915,-3.2915,-3.2915,-3.2915,기간만료,20일선이탈,20일선이탈,20일선이탈,20일선이탈,20일선이탈,20일선이탈,20일선이탈
020150,롯데에너지머티리얼즈,2차전지,2023-03-03,2023-03-06,73400.0,22.81,-3.8147,-6.9482,-8.1744,-8.1744,-8.1744,-8.1744,-8.1744,-8.1744,기간만료,기간만료,손절,손절,손절,손절,손절,손절
020150,롯데에너지머티리얼즈,2차전지,2023-07-05,2023-07-06,57000.0,2.18,-5.4386,-5.4386,-5.4386,-5.4386,-5.4386,-5.4386,-5.4386,-5.4386,기간만료,20일선이탈,20일선이탈,20일선이탈,20일선이탈,20일선이탈,20일선이탈,20일선이탈
020150,롯데에너지머티리얼즈,2차전지,2023-07-26,2023-07-27,58000.0,29.66,-7.069,-7.069,-7.069,-7.069,-7.069,-7.069,-7.069,-7.069,손절,손절,손절,손절,손절,손절,손절,손절
020150,롯데에너지머티리얼즈,2차전지,2023-11-06,2023-11-07,44800.0,6.03,-2.2321,-6.1384,-6.1384,-6.1384,-6.1384,-6.1384,-6.1384,-6.1384,기간만료,손절,손절,손절,손절,손절,손절,손절
020150,롯데에너지머티리얼즈,2차전지,2024-02-07,2024-02-08,34900.0,-4.42,-0.2865,-0.7163,1.4327,1.7192,7.4499,6.3037,0.2865,0.2865,기간만료,기간만료,기간만료,기간만료,기간만료,기간만료,20일선이탈,20일선이탈
020150,롯데에너지머티리얼즈,2차전지,2024-03-05,2024-03-06,36450.0,7.68,-0.9602,2.8807,4.8011,9.6022,9.7394,10.6996,35.9396,26.8861,기간만료,기간만료,기간만료,기간만료,기간만료,기간만료,기간만료,기간만료
020150,롯데에너지머티리얼즈,2차전지,2024-03-20,2024-03-21,43000.0,-0.85,9.0698,13.7209,20.0,18.6047,13.9535,9.186,2.5581,2.5581,기간만료,기간만료,기간만료,기간만료,기간만료,기간만료,20일선이탈,20일선이탈
020150,롯데에너지머티리얼즈,2차전지,2024-03-21,2024-03-22,46900.0,-2.18,4.2644,10.0213,5.6503,5.7569,1.7058,0.3198,-5.9701,-5.9701,기간만료,기간만료,기간만료,기간만료,기간만료,기간만료,20일선이탈,20일선이탈
020150,롯데에너지머티리얼즈,2차전지,2024-03-25,2024-03-26,51600.0,5.06,-3.9729,-1.1628,-3.876,-5.0388,-5.0388,-5.0388,-5.0388,-5.0388,기간만료,기간만료,기간만료,손절,손절,손절,손절,손절
020150,롯데에너지머티리얼즈,2차전지,2024-05-16,2024-05-17,50500.0,0.47,-1.6832,-0.9901,-3.8614,-4.3564,-8.9109,-8.9109,-8.9109,-8.9109,기간만료,기간만료,기간만료,기간만료,손절,손절,손절,손절
020150,롯데에너지머티리얼즈,2차전지,2024-05-29,2024-05-30,48000.0,-6.34,-2.5,-2.5,-2.5,-2.5,-2.5,-2.5,-2.5,-2.5,기간만료,20일선이탈,20일선이탈,20일선이탈,20일선이탈,20일선이탈,20일선이탈,20일선이탈
020150,롯데에너지머티리얼즈,2차전지,2024-06-10,2024-06-11,52800.0,-1.6,7.9545,8.7121,5.6818,9.8485,6.6288,0.3788,-0.7576,-0.7576,기간만료,기간만료,기간만료,기간만료,기간만료,기간만료,20일선이탈,20일선이탈
020150,롯데에너지머티리얼즈,2차전지,2024-06-11,2024-06-12,57000.0,1.46,0.7018,-2.1053,-1.2281,-0.8772,-2.9825,-7.0175,-7.0175,-7.0175,기간만료,기간만료,기간만료,기간만료,기간만료,손절,손절,손절
020150,롯데에너지머티리얼즈,2차전지,2024-09-05,2024-09-06,43000.0,9.5,-10.0,-10.0,-10.0,-10.0,-10.0,-10.0,-10.0,-10.0,손절,손절,손절,손절,손절,손절,손절,손절
020150,롯데에너지머티리얼즈,2차전지,2024-12-16,2024-12-17,27550.0,-0.99,-3.8113,-3.8113,-3.8113,-3.8113,-3.8113,-3.8113,-3.8113,-3.8113,손절,손절,손절,손절,손절,손절,손절,손절
020150,롯데에너지머티리얼즈,2차전지,2025-01-20,2025-01-21,25200.0,-0.35,-3.9683,-3.9683,-3.9683,-3.9683,-3.9683,-3.9683,-3.9683,-3.9683,기간만료,20일선이탈,20일선이탈,20일선이탈,20일선이탈,20일선이탈,20일선이탈,20일선이탈
020150,롯데에너지머티리얼즈,2차전지,2025-02-07,2025-02-10,24000.0,-10.82,4.1667,2.2917,3.125,7.5,22.7083,21.6667,10.4167,6.25,기간만료,기간만료,기간만료,기간만료,기간만료,기간만료,기간만료,20일선이탈
020150,롯데에너지머티리얼즈,2차전지,2025-05-28,2025-05-29,22450.0,-17.51,-1.1136,-1.559,-2.0045,-1.3363,-1.7817,1.3363,0.6682,-1.3363,기간만료,기간만료,기간만료,기간만료,기간만료,기간만료,기간만료,기간만료
020150,롯데에너지머티리얼즈,2차전지,2025-06-20,2025-06-23,22600.0,-5.64,0.0,2.8761,2.6549,-1.9912,-1.9912,-1.9912,-1.9912,-1.9912,기간만료,기간만료,기간만료,기간만료,20일선이탈,20일선이탈,20일선이탈,20일선이탈
020150,롯데에너지머티리얼즈,2차전지,2025-07-21,2025-07-22,26500.0,14.0,-1.1321,-4.9057,-3.5849,-5.4717,-6.6038,-6.6038,-6.6038,-6.6038,기간만료,기간만료,기간만료,기간만료,손절,손절,손절,손절
020150,롯데에너지머티리얼즈,2차전지,2025-10-14,2025-10-15,24100.0,-0.49,1.4523,6.4315,11.6183,12.4481,9.1286,16.5975,7.8838,7.2614,기간만료,기간만료,기간만료,기간만료,기간만료,기간만료,기간만료,20일선이탈
020150,롯데에너지머티리얼즈,2차전지,2025-10-16,2025-10-17,25650.0,8.48,4.8733,5.2632,5.653,2.5341,6.4327,3.3138,0.7797,0.7797,기간만료,기간만료,기간만료,기간만료,기간만료,기간만료,20일선이탈,20일선이탈
020150,롯데에너지머티리얼즈,2차전지,2025-10-17,2025-10-20,26900.0,19.71,0.3717,0.7435,0.0,9.1078,4.461,-1.3011,-3.9033,-3.9033,기간만료,기간만료,기간만료,기간만료,기간만료,기간만료,손절,손절
020150,롯데에너지머티리얼즈,2차전지,2025-10-24,2025-10-27,29350.0,29.37,-6.9847,-6.9847,-6.9847,-6.9847,-6.9847,-6.9847,-6.9847,-6.9847,손절,손절,손절,손절,손절,손절,손절,손절
020150,롯데에너지머티리얼즈,2차전지,2025-11-10,2025-11-11,35950.0,25.97,1.669,10.2921,8.0668,8.484,1.8081,1.8081,1.8081,1.8081,기간만료,기간만료,기간만료,기간만료,손절,손절,손절,손절
020150,롯데에너지머티리얼즈,2차전지,2025-11-11,2025-11-12,36550.0,20.28,8.4815,6.2927,2.1888,-5.8824,0.1368,0.1368,0.1368,0.1368,기간만료,기간만료,기간만료,기간만료,손절,손절,손절,손절
020150,롯데에너지머티리얼즈,2차전지,2025-11-12,2025-11-13,39650.0,24.98,-2.0177,-5.8008,-5.8008,-5.8008,-5.8008,-5.8008,-5.8008,-5.8008,기간만료,손절,손절,손절,손절,손절,손절,손절
020150,롯데에너지머티리얼즈,2차전지,2025-11-20,2025-11-21,37100.0,-0.47,13.4771,15.4987,18.7332,6.0647,10.7817,8.221,3.504,3.504,기간만료,기간만료,기간만료,기간만료,기간만료,기간만료,20일선이탈,20일선이탈
020150,롯데에너지머티리얼즈,2차전지,2025-11-21,2025-11-24,42100.0,-6.52,1.7815,4.6318,0.4751,-6.5321,-6.5321,-6.5321,-6.5321,-6.5321,기간만료,기간만료,기간만료,손절,손절,손절,손절,손절
020150,롯데에너지머티리얼즈,2차전지,2026-01-14,2026-01-15,35450.0,-22.46,-0.2821,-6.347,-3.103,-3.385,-3.385,-3.385,-3.385,-3.385,기간만료,기간만료,기간만료,손절,손절,손절,손절,손절
020150,롯데에너지머티리얼즈,2차전지,2026-01-22,2026-01-23,42400.0,-6.43,-4.8349,-4.8349,-4.8349,-4.8349,-4.8349,-4.8349,-4.8349,-4.8349,손절,손절,손절,손절,손절,손절,손절,손절
020150,롯데에너지머티리얼즈,2차전지,2026-02-04,2026-02-05,46350.0,17.03,1.2945,3.7756,0.0,-6.7961,-6.7961,-6.7961,-6.7961,-6.7961,기간만료,기간만료,기간만료,손절,손절,손절,손절,손절
020150,롯데에너지머티리얼즈,2차전지,2026-04-06,2026-04-07,44800.0,2.31,4.2411,1.7857,2.0089,7.1429,4.0179,18.9732,51.7857,73.8839,기간만료,기간만료,기간만료,기간만료,기간만료,기간만료,기간만료,기간만료
020150,롯데에너지머티리얼즈,2차전지,2026-04-10,2026-04-13,48600.0,7.63,-1.2346,-3.4979,-3.4979,-3.4979,-3.4979,-3.4979,-3.4979,-3.4979,기간만료,손절,손절,손절,손절,손절,손절,손절
020150,롯데에너지머티리얼즈,2차전지,2026-04-17,2026-04-20,53200.0,11.12,0.188,11.2782,16.7293,30.6391,28.3835,50.3759,29.8872,9.2105,기간만료,기간만료,기간만료,기간만료,기간만료,기간만료,기간만료,20일선이탈
020150,롯데에너지머티리얼즈,2차전지,2026-04-22,2026-04-23,62100.0,16.29,2.5765,11.9163,9.5008,10.789,28.8245,19.4847,-6.4412,-6.4412,기간만료,기간만료,기간만료,기간만료,기간만료,기간만료,기간만료,20일선이탈
020150,롯데에너지머티리얼즈,2차전지,2026-05-04,2026-05-06,80000.0,6.58,-2.625,-10.625,-10.625,-10.625,-10.625,-10.625,-10.625,-10.625,기간만료,손절,손절,손절,손절,손절,손절,손절
020150,롯데에너지머티리얼즈,2차전지,2026-06-02,2026-06-04,67300.0,-44.63,-11.8871,-11.8871,-11.8871,-11.8871,-11.8871,-11.8871,-11.8871,-11.8871,손절,손절,손절,손절,손절,손절,손절,손절
207940,삼성바이오로직스,바이오,2020-04-10,2020-04-13,867190.25,14.08,-4.9123,-4.9123,-4.9123,-4.9123,-4.9123,-4.9123,-4.9123,-4.9123,손절,손절,손절,손절,손절,손절,손절,손절
207940,삼성바이오로직스,바이오,2020-06-04,2020-06-05,981294.25,7.56,3.4109,5.2713,5.2713,11.4729,31.1628,26.5116,27.2868,18.4496,기간만료,기간만료,기간만료,기간만료,기간만료,기간만료,기간만료,20일선이탈
207940,삼성바이오로직스,바이오,2020-06-11,2020-06-12,1093876.875,20.29,15.0209,17.6634,14.4645,13.491,11.2656,14.1864,6.2587,6.2587,기간만료,기간만료,기간만료,기간만료,기간만료,기간만료,20일선이탈,20일선이탈
207940,삼성바이오로직스,바이오,2020-06-12,2020-06-15,1258186.625,20.9,2.2975,-0.4837,-0.3628,-3.8694,0.8464,-2.2975,-5.1995,-5.1995,기간만료,기간만료,기간만료,기간만료,기간만료,기간만료,손절,손절
207940,삼성바이오로직스,바이오,2020-08-05,2020-08-06,1226237.5,6.93,-2.8536,-4.7146,-1.6129,3.8462,-0.7444,0.2481,0.2481,-3.8462,기간만료,기간만료,기간만료,기간만료,기간만료,기간만료,기간만료,20일선이탈
207940,삼성바이오로직스,바이오,2020-08-11,2020-08-12,1239929.875,6.55,2.6994,0.0,-1.8405,-1.8405,-1.8405,-0.6135,-4.908,-4.908,기간만료,기간만료,기간만료,기간만료,기간만료,기간만료,20일선이탈,20일선이탈
207940,삼성바이오로직스,바이오,2020-08-12,2020-08-13,1273400.5,6.23,-2.6284,-4.4206,-2.6284,-3.4648,-3.4648,-3.4648,-3.4648,-3.4648,기간만료,기간만료,기간만료,손절,손절,손절,손절,손절
207940,삼성바이오로직스,바이오,2020-10-29,2020-10-30,1057363.625,0.31,-0.5755,-0.5755,-0.5755,-0.5755,-0.5755,-0.5755,-0.5755,-0.5755,기간만료,20일선이탈,20일선이탈,20일선이탈,20일선이탈,20일선이탈,20일선이탈,20일선이탈
207940,삼성바이오로직스,바이오,2020-11-04,2020-11-05,1166903.375,1.19,1.8253,-0.2608,1.3038,-0.7823,-0.5215,6.3885,5.2151,2.4772,기간만료,기간만료,기간만료,기간만료,기간만료,기간만료,기간만료,기간만료
207940,삼성바이오로직스,바이오,2020-11-05,2020-11-06,1188202.75,0.11,-2.0487,-0.5122,-3.7132,-4.0973,-2.5608,3.3291,2.3047,2.6889,기간만료,기간만료,기간만료,기간만료,기간만료,기간만료,기간만료,기간만료
207940,삼성바이오로직스,바이오,2020-11-18,2020-11-19,1241451.375,-2.81,-1.1029,-1.348,-1.2255,-1.1029,-1.348,-3.6765,-0.8578,-1.8382,기간만료,기간만료,기간만료,기간만료,기간만료,기간만료,기간만료,20일선이탈
207940,삼성바이오로직스,바이오,2020-12-07,2020-12-08,1326649.0,-1.43,-4.7018,-4.7018,-4.7018,-4.7018,-4.7018,-4.7018,-4.7018,-4.7018,손절,손절,손절,손절,손절,손절,손절,손절
207940,삼성바이오로직스,바이오,2021-01-27,2021-01-28,1262750.75,-11.07,1.6867,-3.494,-3.494,-3.494,-3.494,-3.494,-3.494,-3.494,기간만료,기간만료,20일선이탈,20일선이탈,20일선이탈,20일선이탈,20일선이탈,20일선이탈
207940,삼성바이오로직스,바이오,2021-04-15,2021-04-16,1239929.875,2.93,2.6994,2.454,1.8405,-1.227,0.4908,-2.454,-2.454,-2.454,기간만료,기간만료,기간만료,기간만료,기간만료,20일선이탈,20일선이탈,20일선이탈
207940,삼성바이오로직스,바이오,2021-04-16,2021-04-19,1273400.5,3.61,-0.239,-0.8363,-1.9116,-3.2258,-3.9427,-5.0179,-5.0179,-5.0179,기간만료,기간만료,기간만료,기간만료,기간만료,손절,손절,손절
207940,삼성바이오로직스,바이오,2021-05-12,2021-05-13,1284050.125,-5.59,6.7536,10.1896,5.2133,5.0948,1.6588,-3.199,-3.199,-3.199,기간만료,기간만료,기간만료,기간만료,기간만료,기간만료,20일선이탈,20일선이탈
207940,삼성바이오로직스,바이오,2021-05-14,2021-05-17,1414889.375,-3.91,-4.5161,-4.5161,-4.5161,-4.5161,-4.5161,-4.5161,-4.5161,-4.5161,손절,손절,손절,손절,손절,손절,손절,손절
207940,삼성바이오로직스,바이오,2021-07-16,2021-07-19,1370769.125,3.17,1.4428,1.5538,-0.333,-0.333,-0.4439,-0.333,1.6648,10.3219,기간만료,기간만료,기간만료,기간만료,기간만료,기간만료,기간만료,기간만료
207940,삼성바이오로직스,바이오,2021-08-10,2021-08-11,1455966.75,-0.54,0.9404,2.1944,3.8663,2.8213,3.9707,0.7315,-0.5225,-0.5225,기간만료,기간만료,기간만료,기간만료,기간만료,기간만료,20일선이탈,20일선이탈
207940,삼성바이오로직스,바이오,2021-08-17,2021-08-18,1547250.0,-0.8,-3.2448,-3.5398,-2.1632,-5.3097,-5.3097,-5.3097,-5.3097,-5.3097,기간만료,기간만료,기간만료,손절,손절,손절,손절,손절
207940,삼성바이오로직스,바이오,2021-12-16,2021-12-17,1449881.25,6.67,0.8395,-1.7838,-3.9874,-5.4565,-5.4565,-5.4565,-5.4565,-5.4565,기간만료,기간만료,기간만료,손절,손절,손절,손절,손절
207940,삼성바이오로직스,바이오,2022-04-14,2022-04-15,1276154.875,-3.32,-0.3614,0.3614,-0.4819,-2.0482,-2.0482,-2.0482,-2.0482,-2.0482,기간만료,기간만료,기간만료,20일선이탈,20일선이탈,20일선이탈,20일선이탈,20일선이탈
207940,삼성바이오로직스,바이오,2022-04-28,2022-04-29,1271542.25,2.57,0.2418,1.451,0.7255,-2.7811,-2.7811,-2.7811,-2.7811,-2.7811,기간만료,기간만료,기간만료,20일선이탈,20일선이탈,20일선이탈,20일선이탈,20일선이탈
207940,삼성바이오로직스,바이오,2022-06-17,2022-06-20,1268467.125,4.81,0.6061,-0.8485,-0.8485,-0.8485,-0.8485,-0.8485,-0.8485,-0.8485,기간만료,기간만료,20일선이탈,20일선이탈,20일선이탈,20일선이탈,20일선이탈,20일선이탈
207940,삼성바이오로직스,바이오,2022-09-29,2022-09-30,1251554.25,-2.7,0.3686,0.7371,0.0,-0.4914,0.3686,3.1941,7.8624,8.8452,기간만료,기간만료,기간만료,기간만료,기간만료,기간만료,기간만료,기간만료
207940,삼성바이오로직스,바이오,2023-03-17,2023-03-20,1250016.75,-0.46,0.123,-0.369,-0.369,-1.968,-1.968,-3.813,-3.813,-3.813,기간만료,기간만료,기간만료,기간만료,기간만료,20일선이탈,20일선이탈,20일선이탈
207940,삼성바이오로직스,바이오,2023-04-06,2023-04-07,1236178.875,7.88,-0.995,0.2488,0.3731,1.9901,0.3731,-0.995,-0.995,-0.995,기간만료,기간만료,기간만료,기간만료,기간만료,20일선이탈,20일선이탈,20일선이탈
207940,삼성바이오로직스,바이오,2023-06-09,2023-06-12,1234641.375,-0.5,-0.3736,-1.868,-1.868,-1.868,-1.868,-1.868,-1.868,-1.868,기간만료,기간만료,20일선이탈,20일선이탈,20일선이탈,20일선이탈,20일선이탈,20일선이탈
207940,삼성바이오로직스,바이오,2023-07-27,2023-07-28,1216190.875,-2.69,-0.7585,-2.0227,1.3907,2.1492,0.6321,1.5171,-3.4134,-3.4134,기간만료,기간만료,기간만료,기간만료,기간만료,기간만료,20일선이탈,20일선이탈
207940,삼성바이오로직스,바이오,2023-10-05,2023-10-06,1120863.75,13.31,0.2743,0.1372,0.5487,-0.823,-1.5089,-4.8011,-4.8011,-4.8011,기간만료,기간만료,기간만료,기간만료,기간만료,20일선이탈,20일선이탈,20일선이탈
207940,삼성바이오로직스,바이오,2023-12-28,2024-01-02,1168527.375,12.32,2.8947,2.8947,0.6579,-0.3947,-1.3158,0.6579,4.3421,5.2632,기간만료,기간만료,기간만료,기간만료,기간만료,기간만료,기간만료,기간만료
207940,삼성바이오로직스,바이오,2024-01-02,2024-01-03,1202353.125,13.56,0.0,-2.1739,-2.4297,-3.0691,-3.8363,-1.5345,1.9182,5.243,기간만료,기간만료,기간만료,기간만료,기간만료,기간만료,기간만료,기간만료
207940,삼성바이오로직스,바이오,2024-01-29,2024-01-30,1230028.75,-2.64,2.875,3.625,2.875,7.125,3.875,4.375,2.75,2.75,기간만료,기간만료,기간만료,기간만료,기간만료,기간만료,20일선이탈,20일선이탈
207940,삼성바이오로직스,바이오,2024-03-08,2024-03-11,1294605.25,20.28,-0.7126,0.0,-1.4252,-0.9501,1.4252,0.5938,-0.4751,-3.4442,기간만료,기간만료,기간만료,기간만료,기간만료,기간만료,기간만료,20일선이탈
207940,삼성바이오로직스,바이오,2024-03-18,2024-03-19,1322280.875,18.34,-0.6977,-0.814,-1.0465,-1.6279,-3.2558,-5.4651,-5.4651,-5.4651,기간만료,기간만료,기간만료,기간만료,기간만료,손절,손절,손절
207940,삼성바이오로직스,바이오,2024-07-01,2024-07-02,1162377.125,5.96,6.4815,7.1429,6.8783,5.291,7.672,9.127,12.6984,24.3386,기간만료,기간만료,기간만료,기간만료,기간만료,기간만료,기간만료,기간만료
207940,삼성바이오로직스,바이오,2024-07-02,2024-07-03,1237716.375,3.23,0.6211,0.3727,0.1242,-1.118,1.2422,1.6149,4.9689,17.3913,기간만료,기간만료,기간만료,기간만료,기간만료,기간만료,기간만료,기간만료
207940,삼성바이오로직스,바이오,2024-07-24,2024-07-25,1353031.625,14.25,-0.7955,4.4318,6.8182,5.4545,2.0455,9.0909,6.8182,3.75,기간만료,기간만료,기간만료,기간만료,기간만료,기간만료,기간만료,20일선이탈
207940,삼성바이오로직스,바이오,2024-09-19,2024-09-20,1609800.125,11.34,1.0506,3.6294,4.8711,0.0,-6.0172,-6.0172,-6.0172,-6.0172,기간만료,기간만료,기간만료,기간만료,손절,손절,손절,손절
207940,삼성바이오로직스,바이오,2025-01-07,2025-01-08,1523698.125,6.35,0.9082,1.0091,1.5136,4.5409,4.5409,2.0182,10.8981,14.0262,기간만료,기간만료,기간만료,기간만료,기간만료,기간만료,기간만료,기간만료
207940,삼성바이오로직스,바이오,2025-01-23,2025-01-24,1648238.5,3.12,2.1455,-0.4664,2.5187,2.1455,8.209,8.5821,7.2761,8.7687,기간만료,기간만료,기간만료,기간만료,기간만료,기간만료,기간만료,기간만료
207940,삼성바이오로직스,바이오,2025-02-07,2025-02-10,1783541.75,8.85,-2.5862,0.1724,0.3448,2.2414,0.2586,-1.1207,-3.9655,-3.9655,기간만료,기간만료,기간만료,기간만료,기간만료,기간만료,기간만료,20일선이탈
207940,삼성바이오로직스,바이오,2025-04-03,2025-04-04,1688214.5,-2.18,-7.5592,-7.1038,-7.1038,-7.1038,-7.1038,-7.1038,-7.1038,-7.1038,기간만료,손절,손절,손절,손절,손절,손절,손절
207940,삼성바이오로직스,바이오,2025-05-21,2025-05-22,1785079.25,-3.93,-6.9767,-6.9767,-6.9767,-6.9767,-6.9767,-6.9767,-6.9767,-6.9767,손절,손절,손절,손절,손절,손절,손절,손절
207940,삼성바이오로직스,바이오,2025-07-10,2025-07-11,1640550.875,-5.57,-1.2184,-2.5305,-3.6551,1.2184,-2.6242,2.0619,-0.9372,-2.4367,기간만료,기간만료,기간만료,기간만료,기간만료,기간만료,기간만료,20일선이탈
207940,삼성바이오로직스,바이오,2025-10-15,2025-10-16,1717427.625,-16.22,0.8953,0.3581,1.7905,4.0286,6.1773,9.3107,9.3107,9.3107,기간만료,기간만료,기간만료,기간만료,기간만료,기간만료,기간만료,기간만료
207940,삼성바이오로직스,바이오,2026-01-08,2026-01-09,1875000.0,-1.93,1.28,0.5333,2.6133,5.6,2.5067,-4.32,-4.32,-4.32,기간만료,기간만료,기간만료,기간만료,기간만료,손절,손절,손절
207940,삼성바이오로직스,바이오,2026-07-24,2026-07-27,1499000.0,17.38,2.2682,3.002,-1.7345,-1.7345,-5.0033,-5.0033,-5.0033,-5.0033,기간만료,기간만료,기간만료,기간만료,손절,손절,손절,손절
068270,셀트리온,바이오,2020-03-23,2020-03-24,143877.40625,11.9,7.0028,1.9608,5.6022,5.042,4.2017,16.8067,23.2493,16.5266,기간만료,기간만료,기간만료,기간만료,기간만료,기간만료,기간만료,기간만료
068270,셀트리온,바이오,2020-03-24,2020-03-25,153952.859375,11.22,-4.712,-1.3089,-4.712,22.5131,0.2618,9.9476,12.3037,12.8272,기간만료,기간만료,기간만료,기간만료,기간만료,기간만료,기간만료,기간만료
068270,셀트리온,바이오,2020-03-31,2020-04-01,188612.390625,11.97,-20.5128,-20.5128,-20.5128,-20.5128,-20.5128,-20.5128,-20.5128,-20.5128,손절,손절,손절,손절,손절,손절,손절,손절
068270,셀트리온,바이오,2020-06-01,2020-06-02,185388.25,19.48,0.6522,-1.087,6.087,11.7391,21.7391,23.0435,32.8261,35.6522,기간만료,기간만료,기간만료,기간만료,기간만료,기간만료,기간만료,기간만료
068270,셀트리온,바이오,2020-06-04,2020-06-05,196672.75,7.56,6.7623,5.3279,7.9918,14.7541,15.9836,18.4426,31.1475,27.6639,기간만료,기간만료,기간만료,기간만료,기간만료,기간만료,기간만료,기간만료
068270,셀트리온,바이오,2020-06-05,2020-06-08,209972.34375,8.5,-1.3436,1.1516,7.4856,14.3954,12.8599,11.9002,21.4971,18.4261,기간만료,기간만료,기간만료,기간만료,기간만료,기간만료,기간만료,기간만료
068270,셀트리온,바이오,2020-06-11,2020-06-12,225690.046875,20.29,6.4286,1.0714,5.0,3.2143,9.1071,14.2857,11.25,17.3214,기간만료,기간만료,기간만료,기간만료,기간만료,기간만료,기간만료,기간만료
068270,셀트리온,바이오,2020-06-12,2020-06-15,240198.6875,20.9,-5.0336,-5.0336,-5.0336,-5.0336,-5.0336,-5.0336,-5.0336,-5.0336,손절,손절,손절,손절,손절,손절,손절,손절
068270,셀트리온,바이오,2020-06-23,2020-06-24,260752.609375,38.71,-2.4729,-1.0819,-2.1638,-4.7913,-4.7913,-4.7913,-4.7913,-4.7913,기간만료,기간만료,기간만료,손절,손절,손절,손절,손절
068270,셀트리온,바이오,2020-09-08,2020-09-09,253498.28125,2.0,-4.7695,-4.7695,-4.7695,-4.7695,-4.7695,-4.7695,-4.7695,-4.7695,손절,손절,손절,손절,손절,손절,손절,손절
068270,셀트리온,바이오,2020-11-11,2020-11-12,237780.59375,-3.65,-1.8644,-1.3559,-2.8814,1.3559,1.6949,13.5593,16.9491,16.7797,기간만료,기간만료,기간만료,기간만료,기간만료,기간만료,기간만료,기간만료
068270,셀트리온,바이오,2020-11-25,2020-11-26,270022.03125,-2.59,-1.6418,0.7463,3.2836,2.9851,18.3582,2.8358,4.0298,6.1194,기간만료,기간만료,기간만료,기간만료,기간만료,기간만료,기간만료,기간만료
068270,셀트리온,바이오,2020-12-04,2020-12-07,319593.21875,-5.24,-0.1261,-11.2232,-11.2232,-11.2232,-11.2232,-11.2232,-11.2232,-11.2232,기간만료,손절,손절,손절,손절,손절,손절,손절
068270,셀트리온,바이오,2020-12-29,2020-12-30,298031.78125,-2.96,-3.0345,-3.0345,-3.0345,-3.0345,-3.0345,-3.0345,-3.0345,-3.0345,기간만료,기간만료,20일선이탈,20일선이탈,20일선이탈,20일선이탈,20일선이탈,20일선이탈
068270,셀트리온,바이오,2021-02-01,2021-02-02,304197.9375,-8.36,-3.3784,-6.7568,-6.7568,-6.7568,-6.7568,-6.7568,-6.7568,-6.7568,기간만료,손절,손절,손절,손절,손절,손절,손절
068270,셀트리온,바이오,2021-03-29,2021-03-30,270078.4375,2.12,-0.6088,-1.5221,-1.2177,-5.9361,-5.9361,-5.9361,-5.9361,-5.9361,기간만료,기간만료,기간만료,손절,손절,손절,손절,손절
068270,셀트리온,바이오,2021-06-14,2021-06-15,231026.0,2.98,-2.3132,-3.9146,-4.2705,-4.2705,-4.2705,-4.2705,-4.2705,-4.2705,기간만료,기간만료,기간만료,20일선이탈,20일선이탈,20일선이탈,20일선이탈,20일선이탈
068270,셀트리온,바이오,2021-07-20,2021-07-21,226915.21875,3.87,-2.3551,-2.5362,-2.5362,-3.442,-3.442,-3.442,-3.442,-3.442,기간만료,기간만료,기간만료,20일선이탈,20일선이탈,20일선이탈,20일선이탈,20일선이탈
068270,셀트리온,바이오,2021-08-11,2021-08-12,237192.1875,2.36,-1.5598,-5.026,-4.6794,-4.6794,-4.6794,-4.6794,-4.6794,-4.6794,기간만료,기간만료,손절,손절,손절,손절,손절,손절
068270,셀트리온,바이오,2021-08-23,2021-08-24,236781.109375,1.73,-1.9097,-2.0833,-1.0417,1.5625,0.1736,-3.125,-3.125,-3.125,기간만료,기간만료,기간만료,기간만료,기간만료,기간만료,20일선이탈,20일선이탈
068270,셀트리온,바이오,2021-09-23,2021-09-24,234314.640625,-3.44,-4.5614,-4.5614,-4.5614,-4.5614,-4.5614,-4.5614,-4.5614,-4.5614,기간만료,20일선이탈,20일선이탈,20일선이탈,20일선이탈,20일선이탈,20일선이탈,20일선이탈
068270,셀트리온,바이오,2021-11-10,2021-11-11,172652.890625,0.78,10.4762,10.4762,10.4762,10.4762,10.4762,10.4762,10.4762,10.4762,기간만료,20일선이탈,20일선이탈,20일선이탈,20일선이탈,20일선이탈,20일선이탈,20일선이탈
068270,셀트리온,바이오,2021-11-15,2021-11-16,190740.328125,-0.45,-1.9397,-6.681,-6.681,-6.681,-6.681,-6.681,-6.681,-6.681,기간만료,손절,손절,손절,손절,손절,손절,손절
068270,셀트리온,바이오,2021-12-28,2021-12-29,174009.453125,3.94,-2.6506,-2.6506,-2.6506,-2.6506,-2.6506,-2.6506,-2.6506,-2.6506,기간만료,20일선이탈,20일선이탈,20일선이탈,20일선이탈,20일선이탈,20일선이탈,20일선이탈
068270,셀트리온,바이오,2022-03-03,2022-03-04,143400.5625,7.36,-3.8012,-4.386,-0.5848,7.3099,6.4327,9.0643,-0.8772,-0.8772,기간만료,기간만료,기간만료,기간만료,기간만료,기간만료,20일선이탈,20일선이탈
068270,셀트리온,바이오,2022-03-14,2022-03-15,151367.25,9.79,0.831,0.277,4.9862,-6.3712,-6.0942,-6.0942,-6.0942,-6.0942,기간만료,기간만료,기간만료,기간만료,손절,손절,손절,손절
068270,셀트리온,바이오,2022-04-26,2022-04-27,137949.65625,0.43,3.9514,6.383,6.079,4.8632,-0.6079,-2.4316,-2.4316,-2.4316,기간만료,기간만료,기간만료,기간만료,기간만료,20일선이탈,20일선이탈,20일선이탈
068270,셀트리온,바이오,2022-06-24,2022-06-27,145497.0625,9.23,0.5764,0.5764,1.1527,3.17,4.611,4.611,8.0692,4.0346,기간만료,기간만료,기간만료,기간만료,기간만료,기간만료,기간만료,기간만료
068270,셀트리온,바이오,2022-08-05,2022-08-08,167300.640625,0.08,3.0075,6.2657,7.0176,4.7619,5.7644,-1.5038,-2.2556,-2.2556,기간만료,기간만료,기간만료,기간만료,기간만료,기간만료,20일선이탈,20일선이탈
068270,셀트리온,바이오,2022-08-08,2022-08-09,172332.25,0.37,3.163,3.8929,3.163,2.6764,-1.4599,-5.1095,-5.1095,-5.1095,기간만료,기간만료,기간만료,기간만료,기간만료,손절,손절,손절
068270,셀트리온,바이오,2022-08-09,2022-08-10,177783.140625,-0.22,0.7076,0.0,-1.4151,-0.4717,-5.6604,-7.3113,-7.3113,-7.3113,기간만료,기간만료,기간만료,기간만료,기간만료,손절,손절,손절
068270,셀트리온,바이오,2023-03-07,2023-03-08,134135.703125,-4.88,1.3004,1.3004,1.3004,1.3004,1.3004,1.3004,1.3004,1.3004,기간만료,20일선이탈,20일선이탈,20일선이탈,20일선이탈,20일선이탈,20일선이탈,20일선이탈
068270,셀트리온,바이오,2023-04-12,2023-04-13,157160.296875,14.25,-0.7214,-1.2764,-3.6071,-5.2164,-5.2164,-5.2164,-5.2164,-5.2164,기간만료,기간만료,기간만료,손절,손절,손절,손절,손절
068270,셀트리온,바이오,2023-07-13,2023-07-14,137973.140625,-3.3,-0.4425,-2.2756,-5.6258,-5.6258,-5.6258,-5.6258,-5.6258,-5.6258,기간만료,기간만료,손절,손절,손절,손절,손절,손절
068270,셀트리온,바이오,2023-08-18,2023-08-21,130821.5625,9.36,-3.2,-3.2,-3.2,-3.2,-3.2,-3.2,-3.2,-3.2,기간만료,20일선이탈,20일선이탈,20일선이탈,20일선이탈,20일선이탈,20일선이탈,20일선이탈
068270,셀트리온,바이오,2023-10-24,2023-10-25,131257.625,-3.0,-1.0631,-0.0664,-0.8638,-0.5316,-0.5316,4.1196,7.1096,14.2193,기간만료,기간만료,기간만료,기간만료,기간만료,기간만료,기간만료,기간만료
068270,셀트리온,바이오,2023-11-06,2023-11-07,139804.640625,-4.14,-2.2458,-1.5596,-2.0586,-1.4972,3.5558,5.9888,1.5596,0.4367,기간만료,기간만료,기간만료,기간만료,기간만료,기간만료,기간만료,20일선이탈
068270,셀트리온,바이오,2023-12-11,2023-12-12,155764.875,2.62,1.6797,2.2956,2.9115,-0.8959,3.6394,5.7111,20.3807,10.9742,기간만료,기간만료,기간만료,기간만료,기간만료,기간만료,기간만료,기간만료
068270,셀트리온,바이오,2023-12-12,2023-12-13,158381.296875,1.93,0.6057,1.2115,-3.0837,-3.0837,-3.0837,-3.0837,-3.0837,-3.0837,기간만료,기간만료,손절,손절,손절,손절,손절,손절
068270,셀트리온,바이오,2023-12-14,2023-12-15,160300.015625,1.75,-4.2437,-4.2437,-4.2437,-4.2437,-4.2437,-4.2437,-4.2437,-4.2437,손절,손절,손절,손절,손절,손절,손절,손절
068270,셀트리온,바이오,2024-01-02,2024-01-03,199284.84375,13.56,0.0,-5.9081,-6.7834,-6.7834,-6.7834,-6.7834,-6.7834,-6.7834,기간만료,기간만료,손절,손절,손절,손절,손절,손절
068270,셀트리온,바이오,2024-02-27,2024-02-28,165881.734375,6.74,-0.3155,-5.1525,-5.1525,-5.1525,-5.1525,-5.1525,-5.1525,-5.1525,기간만료,손절,손절,손절,손절,손절,손절,손절
068270,셀트리온,바이오,2024-04-30,2024-05-02,163875.8125,0.94,0.5322,1.6498,3.9915,2.8739,0.7983,2.8739,-0.7451,-0.7451,기간만료,기간만료,기간만료,기간만료,기간만료,기간만료,20일선이탈,20일선이탈
068270,셀트리온,바이오,2024-06-04,2024-06-05,165184.015625,2.76,1.2672,-0.4752,0.3168,0.1056,-3.5375,-3.5375,-3.5375,-3.5375,기간만료,기간만료,기간만료,기간만료,20일선이탈,20일선이탈,20일선이탈,20일선이탈
068270,셀트리온,바이오,2024-07-22,2024-07-23,167887.671875,8.43,-2.1818,0.7792,4.6753,7.5325,4.4156,-2.5455,-2.5455,-2.5455,기간만료,기간만료,기간만료,기간만료,기간만료,손절,손절,손절
068270,셀트리온,바이오,2024-07-25,2024-07-26,175736.96875,13.7,0.7444,2.7295,3.9702,-1.9851,-6.8983,-6.8983,-6.8983,-6.8983,기간만료,기간만료,기간만료,기간만료,손절,손절,손절,손절
068270,셀트리온,바이오,2024-08-07,2024-08-08,171986.75,18.17,0.4057,1.217,0.9128,-1.5213,-1.5213,-1.5213,-1.5213,-1.5213,기간만료,기간만료,기간만료,20일선이탈,20일선이탈,20일선이탈,20일선이탈,20일선이탈
068270,셀트리온,바이오,2024-12-18,2024-12-19,169283.09375,3.79,-1.5456,-0.4122,-0.103,-0.8964,1.4297,-0.4637,0.0773,-1.5456,기간만료,기간만료,기간만료,기간만료,기간만료,기간만료,기간만료,20일선이탈
068270,셀트리온,바이오,2025-02-26,2025-02-27,171794.875,6.91,-3.4648,-1.919,-2.1322,-0.2665,-3.7846,-0.533,-1.2793,-1.919,기간만료,기간만료,기간만료,기간만료,기간만료,기간만료,기간만료,20일선이탈
068270,셀트리온,바이오,2025-07-02,2025-07-03,159809.53125,-12.03,2.3242,6.1383,6.0787,4.5888,5.7211,5.7211,7.3302,7.3302,기간만료,기간만료,기간만료,기간만료,기간만료,기간만료,기간만료,기간만료
068270,셀트리온,바이오,2025-07-04,2025-07-07,169619.046875,-5.65,-0.0561,-2.1898,-1.4599,-0.393,-0.393,5.1656,-0.1684,-3.2566,기간만료,기간만료,기간만료,기간만료,기간만료,기간만료,기간만료,기간만료
068270,셀트리온,바이오,2025-09-23,2025-09-24,175428.578125,-1.24,-3.9088,-1.9001,-2.2801,-4.9946,-4.9946,-4.9946,-4.9946,-4.9946,기간만료,기간만료,기간만료,손절,손절,손절,손절,손절
068270,셀트리온,바이오,2025-11-12,2025-11-13,174857.140625,-1.79,5.61,8.4423,4.0305,1.9063,3.1046,2.5054,0.1089,0.1089,기간만료,기간만료,기간만료,기간만료,기간만료,기간만료,기간만료,20일선이탈
068270,셀트리온,바이오,2025-11-13,2025-11-14,184666.671875,6.96,2.6818,-1.4956,-4.1774,-4.1774,-4.1774,-4.1774,-4.1774,-4.1774,기간만료,기간만료,손절,손절,손절,손절,손절,손절
068270,셀트리온,바이오,2026-01-02,2026-01-05,192857.140625,-9.73,2.716,4.1975,6.1728,8.642,9.8765,2.4691,5.4321,2.4691,기간만료,기간만료,기간만료,기간만료,기간만료,기간만료,기간만료,기간만료
068270,셀트리온,바이오,2026-01-05,2026-01-06,198095.234375,-10.06,1.4423,3.3654,1.9231,4.3269,1.2019,0.2404,0.9615,-0.2404,기간만료,기간만료,기간만료,기간만료,기간만료,기간만료,기간만료,20일선이탈
068270,셀트리온,바이오,2026-02-11,2026-02-12,227142.859375,-10.4,1.4675,0.8386,1.6771,3.3543,1.6771,-10.2725,-10.2725,-10.2725,기간만료,기간만료,기간만료,기간만료,기간만료,손절,손절,손절
000100,유한양행,바이오,2020-03-27,2020-03-30,36281.1796875,7.82,2.9478,6.1224,1.8141,1.8141,15.6463,10.8844,6.2358,6.2358,기간만료,기간만료,기간만료,기간만료,기간만료,기간만료,기간만료,기간만료
000100,유한양행,바이오,2020-04-08,2020-04-09,39366.3125,10.17,4.4932,2.1944,-1.3584,1.4629,-2.0899,-1.7764,-1.7764,-1.7764,기간만료,기간만료,기간만료,기간만료,기간만료,기간만료,기간만료,20일선이탈
000100,유한양행,바이오,2020-04-09,2020-04-10,41135.125,6.47,-2.2,-5.6,-7.1,-7.1,-7.1,-7.1,-7.1,-7.1,기간만료,기간만료,손절,손절,손절,손절,손절,손절
000100,유한양행,바이오,2020-05-11,2020-05-12,43109.609375,14.22,-3.2443,-1.145,-1.5267,2.2901,-0.9542,-0.5725,0.3817,-0.5725,기간만료,기간만료,기간만료,기간만료,기간만료,기간만료,기간만료,20일선이탈
000100,유한양행,바이오,2020-05-18,2020-05-19,44096.8515625,13.71,-3.1716,-3.1716,-2.2388,-2.7985,-3.5448,-1.8657,-2.7985,-2.7985,기간만료,기간만료,기간만료,기간만료,기간만료,기간만료,20일선이탈,20일선이탈
000100,유한양행,바이오,2020-06-08,2020-06-09,45906.796875,8.88,0.7168,-1.6129,-4.8387,-5.3763,-5.3763,-5.3763,-5.3763,-5.3763,기간만료,기간만료,기간만료,손절,손절,손절,손절,손절
000100,유한양행,바이오,2020-07-24,2020-07-27,47469.93359375,4.6,-0.6932,-3.4662,-2.773,6.5858,3.6395,15.7712,12.6516,13.3449,기간만료,기간만료,기간만료,기간만료,기간만료,기간만료,기간만료,기간만료
000100,유한양행,바이오,2020-08-05,2020-08-06,56519.66015625,6.93,-3.7846,-2.7657,-1.6012,-2.329,-5.0946,-5.0946,-5.0946,-5.0946,기간만료,기간만료,기간만료,기간만료,손절,손절,손절,손절
000100,유한양행,바이오,2020-09-21,2020-09-22,58494.14453125,0.84,-5.2039,-5.2039,-5.2039,-5.2039,-5.2039,-5.2039,-5.2039,-5.2039,손절,손절,손절,손절,손절,손절,손절,손절
000100,유한양행,바이오,2020-12-07,2020-12-08,57753.71484375,-1.43,-3.4188,-5.4131,-5.1282,-5.1282,-5.1282,-5.1282,-5.1282,-5.1282,기간만료,기간만료,손절,손절,손절,손절,손절,손절
000100,유한양행,바이오,2020-12-18,2020-12-21,60633.171875,-2.45,8.1411,2.3066,1.8996,5.8548,7.8494,9.1316,7.9919,9.2741,기간만료,기간만료,기간만료,기간만료,기간만료,기간만료,기간만료,20일선이탈
000100,유한양행,바이오,2020-12-21,2020-12-22,65569.390625,0.87,-5.3952,-5.3952,-5.3952,-5.3952,-5.3952,-5.3952,-5.3952,-5.3952,손절,손절,손절,손절,손절,손절,손절,손절
000100,유한양행,바이오,2021-04-12,2021-04-13,57358.81640625,2.82,-1.506,-2.5602,-0.753,1.2048,3.012,1.3554,-2.7108,-2.7108,기간만료,기간만료,기간만료,기간만료,기간만료,기간만료,20일선이탈,20일선이탈
000100,유한양행,바이오,2021-07-01,2021-07-02,56754.12890625,9.58,0.1522,-0.6088,-1.6743,-4.1096,-4.1096,-4.1096,-4.1096,-4.1096,기간만료,기간만료,기간만료,기간만료,20일선이탈,20일선이탈,20일선이탈,20일선이탈
000100,유한양행,바이오,2021-08-31,2021-09-01,53557.9296875,1.07,5.6452,3.871,4.1936,5.4839,2.5806,4.5161,0.6452,0.6452,기간만료,기간만료,기간만료,기간만료,기간만료,기간만료,기간만료,20일선이탈
000100,유한양행,바이오,2021-09-01,2021-09-02,56581.36328125,3.64,-1.6794,-1.374,-1.9847,-0.1527,-1.8321,0.3053,-4.7328,-4.7328,기간만료,기간만료,기간만료,기간만료,기간만료,기간만료,20일선이탈,20일선이탈
000100,유한양행,바이오,2021-12-09,2021-12-10,55026.453125,8.42,-0.6279,-1.0989,0.157,1.4129,2.5118,0.9419,5.0,-0.7692,기간만료,기간만료,기간만료,기간만료,기간만료,기간만료,기간만료,20일선이탈
000100,유한양행,바이오,2021-12-27,2021-12-28,58049.88671875,4.07,0.9375,-1.875,-0.4688,-5.9375,-5.9375,-5.9375,-5.9375,-5.9375,기간만료,기간만료,기간만료,기간만료,20일선이탈,20일선이탈,20일선이탈,20일선이탈
000100,유한양행,바이오,2022-03-18,2022-03-21,54240.36328125,12.19,-1.6722,-1.8395,-2.6756,-1.6722,-1.3378,-1.8395,-3.01,-3.01,기간만료,기간만료,기간만료,기간만료,기간만료,기간만료,20일선이탈,20일선이탈
000100,유한양행,바이오,2022-04-08,2022-04-11,54965.98828125,-2.98,-0.8251,-1.6502,-1.3201,-2.9703,-2.9703,-2.9703,-2.9703,-2.9703,기간만료,기간만료,기간만료,20일선이탈,20일선이탈,20일선이탈,20일선이탈,20일선이탈
000100,유한양행,바이오,2022-12-06,2022-12-07,55056.6875,5.16,-1.8122,-1.318,-3.6244,-3.6244,-3.6244,-3.6244,-3.6244,-3.6244,기간만료,기간만료,기간만료,20일선이탈,20일선이탈,20일선이탈,20일선이탈,20일선이탈
000100,유한양행,바이오,2023-02-24,2023-02-27,50952.3828125,-0.44,-1.1215,-2.0561,-2.8037,-2.8037,-2.8037,-2.8037,-2.8037,-2.8037,기간만료,기간만료,기간만료,20일선이탈,20일선이탈,20일선이탈,20일선이탈,20일선이탈
000100,유한양행,바이오,2023-04-06,2023-04-07,50857.14453125,7.88,1.1236,4.8689,7.1161,10.4869,8.0524,3.9326,6.7416,7.1161,기간만료,기간만료,기간만료,기간만료,기간만료,기간만료,기간만료,기간만료
000100,유한양행,바이오,2023-04-10,2023-04-11,53333.33203125,10.05,2.1429,4.1071,5.3571,3.0357,0.3571,1.4286,1.7857,2.8571,기간만료,기간만료,기간만료,기간만료,기간만료,기간만료,기간만료,기간만료
000100,유한양행,바이오,2023-04-12,2023-04-13,55523.80859375,14.25,1.2007,-0.5146,-1.0292,-3.6021,-2.916,-2.7444,0.5146,-2.0583,기간만료,기간만료,기간만료,기간만료,기간만료,기간만료,기간만료,20일선이탈
000100,유한양행,바이오,2023-05-23,2023-05-24,56857.14453125,5.02,-0.8375,-1.1725,0.8375,0.5025,3.1826,2.3451,-0.67,-0.67,기간만료,기간만료,기간만료,기간만료,기간만료,기간만료,20일선이탈,20일선이탈
000100,유한양행,바이오,2023-06-01,2023-06-02,58952.3828125,7.09,-0.4847,-0.9693,-1.7771,-1.9386,-1.7771,-4.2003,-4.2003,-4.2003,기간만료,기간만료,기간만료,기간만료,기간만료,20일선이탈,20일선이탈,20일선이탈
000100,유한양행,바이오,2023-06-30,2023-07-03,58571.4296875,-4.94,-2.2764,-4.065,-4.2276,-4.2276,-4.2276,-4.2276,-4.2276,-4.2276,기간만료,기간만료,기간만료,20일선이탈,20일선이탈,20일선이탈,20일선이탈,20일선이탈
000100,유한양행,바이오,2023-07-21,2023-07-24,64476.19140625,-1.11,-2.068,-6.2038,-6.2038,-6.2038,-6.2038,-6.2038,-6.2038,-6.2038,기간만료,손절,손절,손절,손절,손절,손절,손절
000100,유한양행,바이오,2023-07-27,2023-07-28,65809.5234375,-2.69,2.4602,7.0912,8.3936,8.2489,5.9334,10.8538,6.2229,9.6961,기간만료,기간만료,기간만료,기간만료,기간만료,기간만료,기간만료,기간만료
000100,유한양행,바이오,2023-07-31,2023-08-01,70476.1875,-0.86,1.2162,-1.6216,1.0811,-1.0811,5.5405,1.3514,-0.2703,-2.1622,기간만료,기간만료,기간만료,기간만료,기간만료,기간만료,기간만료,20일선이탈
000100,유한양행,바이오,2023-08-01,2023-08-02,71333.3359375,0.9,-2.8037,-0.1335,-1.8692,0.267,2.2697,0.534,0.267,-3.3378,기간만료,기간만료,기간만료,기간만료,기간만료,기간만료,기간만료,20일선이탈
000100,유한양행,바이오,2023-09-11,2023-09-12,77142.859375,-0.51,-3.8272,-7.7778,-7.7778,-7.7778,-7.7778,-7.7778,-7.7778,-7.7778,기간만료,손절,손절,손절,손절,손절,손절,손절
000100,유한양행,바이오,2023-10-04,2023-10-05,75523.8125,10.07,-5.1702,-5.1702,-5.1702,-5.1702,-5.1702,-5.1702,-5.1702,-5.1702,손절,손절,손절,손절,손절,손절,손절,손절
000100,유한양행,바이오,2023-12-07,2023-12-08,62571.4296875,2.64,0.761,0.1522,-0.1522,-2.1309,-1.9787,2.2831,9.3151,3.7215,기간만료,기간만료,기간만료,기간만료,기간만료,기간만료,기간만료,기간만료
000100,유한양행,바이오,2023-12-22,2023-12-26,66761.90625,4.72,0.5064,2.7532,3.0528,2.3038,-0.9914,-2.9387,-4.8859,-4.8859,기간만료,기간만료,기간만료,기간만료,기간만료,기간만료,손절,손절
000100,유한양행,바이오,2024-02-20,2024-02-21,65300.0,-3.71,1.8377,-1.2251,4.9005,5.3599,2.6034,9.4946,15.7734,14.8545,기간만료,기간만료,기간만료,기간만료,기간만료,기간만료,기간만료,기간만료
000100,유한양행,바이오,2024-02-23,2024-02-26,68500.0,2.33,3.2117,0.438,0.0,-3.2117,4.3796,12.8467,9.1971,14.0146,기간만료,기간만료,기간만료,기간만료,기간만료,기간만료,기간만료,기간만료
000100,유한양행,바이오,2024-02-26,2024-02-27,70700.0,6.26,-2.6874,-3.1117,-5.2334,-6.2235,-6.2235,-6.2235,-6.2235,-6.2235,기간만료,기간만료,기간만료,손절,손절,손절,손절,손절
000100,유한양행,바이오,2024-03-11,2024-03-12,77300.0,22.95,-0.1294,-2.1992,-1.423,-3.2342,-2.9754,1.0349,3.1048,-5.9508,기간만료,기간만료,기간만료,기간만료,기간만료,기간만료,기간만료,손절
000100,유한양행,바이오,2024-04-01,2024-04-02,79700.0,8.74,-6.2735,-6.2735,-6.2735,-6.2735,-6.2735,-6.2735,-6.2735,-6.2735,손절,손절,손절,손절,손절,손절,손절,손절
000100,유한양행,바이오,2024-05-16,2024-05-17,72200.0,2.42,7.2022,6.5097,7.3407,-0.4155,-0.4155,-0.4155,-0.4155,-0.4155,기간만료,기간만료,기간만료,기간만료,20일선이탈,20일선이탈,20일선이탈,20일선이탈
000100,유한양행,바이오,2024-05-17,2024-05-20,77400.0,5.25,-0.646,0.1292,-5.5556,-5.5556,-5.5556,-5.5556,-5.5556,-5.5556,기간만료,기간만료,손절,손절,손절,손절,손절,손절
000100,유한양행,바이오,2024-06-03,2024-06-04,76700.0,-1.14,3.3898,4.5632,7.8227,-1.1734,-2.4772,-1.1734,2.086,1.8253,기간만료,기간만료,기간만료,기간만료,기간만료,기간만료,기간만료,기간만료
000100,유한양행,바이오,2024-06-04,2024-06-05,79300.0,2.76,1.1349,4.2875,-1.1349,-4.2875,-4.2875,-4.2875,-4.2875,-4.2875,기간만료,기간만료,기간만료,손절,손절,손절,손절,손절
000100,유한양행,바이오,2024-07-05,2024-07-08,90000.0,0.85,-1.7778,-1.6667,-0.3333,6.0,9.3333,6.4444,6.6667,0.6667,기간만료,기간만료,기간만료,기간만료,기간만료,기간만료,기간만료,20일선이탈
000100,유한양행,바이오,2024-07-12,2024-07-15,95400.0,9.71,1.153,3.1447,1.6771,0.4193,1.8868,0.6289,-5.0314,-5.0314,기간만료,기간만료,기간만료,기간만료,기간만료,기간만료,20일선이탈,20일선이탈
000100,유한양행,바이오,2024-08-16,2024-08-19,95800.0,17.37,1.0438,7.5157,-1.1482,15.1357,17.6409,49.5825,30.167,32.2547,기간만료,기간만료,기간만료,기간만료,기간만료,기간만료,기간만료,기간만료
000100,유한양행,바이오,2024-08-22,2024-08-23,95300.0,9.55,15.7398,17.2088,18.2581,41.6579,45.6453,35.362,33.4732,64.1133,기간만료,기간만료,기간만료,기간만료,기간만료,기간만료,기간만료,기간만료
000100,유한양행,바이오,2024-08-23,2024-08-26,110300.0,14.59,1.2693,2.1759,23.3001,29.9184,28.9211,13.0553,14.8685,36.8087,기간만료,기간만료,기간만료,기간만료,기간만료,기간만료,기간만료,기간만료
000100,유한양행,바이오,2024-08-26,2024-08-27,111700.0,16.17,0.8953,21.7547,20.8594,24.2614,26.6786,9.9373,12.3545,35.2731,기간만료,기간만료,기간만료,기간만료,기간만료,기간만료,기간만료,기간만료
000100,유한양행,바이오,2024-08-28,2024-08-29,136000.0,13.52,-0.7353,5.3676,2.0588,4.0441,-8.3088,-8.3088,-8.3088,-8.3088,기간만료,기간만료,기간만료,기간만료,손절,손절,손절,손절
000100,유한양행,바이오,2025-01-08,2025-01-09,134100.0,5.29,-0.8203,-0.7457,2.9828,-0.8203,0.6711,-3.5048,-6.1148,-6.1148,기간만료,기간만료,기간만료,기간만료,기간만료,기간만료,손절,손절
000100,유한양행,바이오,2025-03-04,2025-03-05,129800.0,8.72,0.5393,-8.1664,-8.1664,-8.1664,-8.1664,-8.1664,-8.1664,-8.1664,기간만료,기간만료,20일선이탈,20일선이탈,20일선이탈,20일선이탈,20일선이탈,20일선이탈
000100,유한양행,바이오,2025-03-20,2025-03-21,129200.0,-0.11,-5.5728,-5.5728,-5.5728,-5.5728,-5.5728,-5.5728,-5.5728,-5.5728,손절,손절,손절,손절,손절,손절,손절,손절
000100,유한양행,바이오,2025-07-17,2025-07-18,136300.0,7.97,-1.1005,-7.3368,-7.3368,-7.3368,-7.3368,-7.3368,-7.3368,-7.3368,기간만료,손절,손절,손절,손절,손절,손절,손절
000100,유한양행,바이오,2025-09-08,2025-09-09,121200.0,6.54,-1.1551,-1.1551,-1.2376,-2.1452,-3.3003,-3.3003,-3.3003,-3.3003,기간만료,기간만료,기간만료,기간만료,기간만료,20일선이탈,20일선이탈,20일선이탈
000100,유한양행,바이오,2025-09-22,2025-09-23,123200.0,-0.05,0.2435,-2.9221,-4.6266,-4.6266,-4.6266,-4.6266,-4.6266,-4.6266,기간만료,기간만료,기간만료,20일선이탈,20일선이탈,20일선이탈,20일선이탈,20일선이탈
000100,유한양행,바이오,2025-11-12,2025-11-13,119900.0,-1.79,-0.1668,4.5872,3.4195,-2.1685,-2.1685,-2.1685,-2.1685,-2.1685,기간만료,기간만료,기간만료,기간만료,20일선이탈,20일선이탈,20일선이탈,20일선이탈
000100,유한양행,바이오,2025-11-14,2025-11-17,125400.0,14.12,-1.1164,-4.3062,-6.4593,-6.4593,-6.4593,-6.4593,-6.4593,-6.4593,기간만료,기간만료,손절,손절,손절,손절,손절,손절
196170,알테오젠,바이오,2020-02-05,2020-02-06,17628.205078125,3.23,-1.5758,10.9091,5.4545,10.1818,21.0909,18.6667,16.9697,6.0606,기간만료,기간만료,기간만료,기간만료,기간만료,기간만료,기간만료,20일선이탈
196170,알테오젠,바이오,2020-02-06,2020-02-07,17350.427734375,2.83,12.6847,7.1429,9.7291,7.7586,18.2266,23.6453,12.5616,7.7586,기간만료,기간만료,기간만료,기간만료,기간만료,기간만료,기간만료,20일선이탈
196170,알테오젠,바이오,2020-02-07,2020-02-10,19551.28125,6.77,-4.918,-2.6229,-0.6557,9.1803,6.4481,2.7322,-4.3716,-4.3716,기간만료,기간만료,기간만료,기간만료,기간만료,기간만료,손절,손절
196170,알테오젠,바이오,2020-02-14,2020-02-17,21346.154296875,6.12,-3.9039,-2.5025,-2.002,-5.9059,-7.1071,-7.1071,-7.1071,-7.1071,기간만료,기간만료,기간만료,기간만료,손절,손절,손절,손절
196170,알테오젠,바이오,2020-05-04,2020-05-06,26089.744140625,4.35,3.0303,13.923,20.3931,37.1007,45.5364,58.0672,67.8952,108.8452,기간만료,기간만료,기간만료,기간만료,기간만료,기간만료,기간만료,기간만료
196170,알테오젠,바이오,2020-05-06,2020-05-07,26880.341796875,7.73,10.5723,16.8521,34.3402,47.0588,47.5358,48.1717,81.2401,76.1526,기간만료,기간만료,기간만료,기간만료,기간만료,기간만료,기간만료,기간만료
196170,알테오젠,바이오,2020-05-07,2020-05-08,29722.22265625,8.28,5.6794,21.4953,20.3451,27.7498,30.6254,35.8016,64.0546,59.3098,기간만료,기간만료,기간만료,기간만료,기간만료,기간만료,기간만료,20일선이탈
196170,알테오젠,바이오,2020-05-11,2020-05-12,36111.109375,14.22,-0.9467,9.4675,5.1479,7.5148,10.2959,20.5917,52.6627,31.1243,기간만료,기간만료,기간만료,기간만료,기간만료,기간만료,기간만료,20일선이탈
196170,알테오젠,바이오,2020-06-22,2020-06-23,73760.6875,36.73,-4.6929,-13.7022,-13.7022,-13.7022,-13.7022,-13.7022,-13.7022,-13.7022,기간만료,손절,손절,손절,손절,손절,손절,손절
196170,알테오젠,바이오,2020-07-23,2020-07-24,77863.25,2.26,-2.854,-4.2261,-4.3908,-5.9824,-5.9824,-5.9824,-5.9824,-5.9824,기간만료,기간만료,기간만료,손절,손절,손절,손절,손절
196170,알테오젠,바이오,2020-08-24,2020-08-25,79401.7109375,-1.01,1.0764,1.2379,-1.3455,-1.3455,-1.3455,-1.3455,-1.3455,-1.3455,기간만료,기간만료,기간만료,20일선이탈,20일선이탈,20일선이탈,20일선이탈,20일선이탈
196170,알테오젠,바이오,2020-08-31,2020-09-01,86837.609375,4.21,2.0177,9.0059,3.3464,6.8406,3.3464,0.0,-6.9882,-6.9882,기간만료,기간만료,기간만료,기간만료,기간만료,기간만료,손절,손절
196170,알테오젠,바이오,2020-11-04,2020-11-05,74829.0625,1.19,-1.028,-4.1119,-3.4266,-10.0514,-10.0514,-10.0514,-10.0514,-10.0514,기간만료,기간만료,기간만료,손절,손절,손절,손절,손절
196170,알테오젠,바이오,2020-12-01,2020-12-02,73931.625,-2.57,-1.2717,-1.5029,-3.9884,-0.6358,1.7341,2.7746,-3.4682,-3.4682,기간만료,기간만료,기간만료,기간만료,기간만료,기간만료,20일선이탈,20일선이탈
196170,알테오젠,바이오,2020-12-29,2020-12-30,75470.0859375,-2.96,2.0385,-2.3216,-4.4734,-4.4734,-4.4734,-4.4734,-4.4734,-4.4734,기간만료,기간만료,기간만료,20일선이탈,20일선이탈,20일선이탈,20일선이탈,20일선이탈
196170,알테오젠,바이오,2021-03-10,2021-03-11,59316.23828125,-7.63,3.6744,8.0692,9.5101,12.0317,14.4813,7.745,1.6931,1.6931,기간만료,기간만료,기간만료,기간만료,기간만료,기간만료,20일선이탈,20일선이탈
196170,알테오젠,바이오,2021-03-12,2021-03-15,64102.5625,-7.71,1.3333,2.6667,3.6667,5.9333,3.4,-5.5,-5.5,-5.5,기간만료,기간만료,기간만료,기간만료,기간만료,손절,손절,손절
196170,알테오젠,바이오,2021-04-22,2021-04-23,57756.41015625,2.17,-2.2198,-2.2198,-2.2198,-2.2198,-2.2198,-2.2198,-2.2198,-2.2198,기간만료,20일선이탈,20일선이탈,20일선이탈,20일선이탈,20일선이탈,20일선이탈,20일선이탈
196170,알테오젠,바이오,2021-06-08,2021-06-09,47820.51171875,3.08,-3.7533,2.1448,2.0107,1.7426,1.0724,5.3619,9.9196,28.0161,기간만료,기간만료,기간만료,기간만료,기간만료,기간만료,기간만료,기간만료
196170,알테오젠,바이오,2021-08-06,2021-08-09,58012.8203125,-1.95,-2.2099,-5.8564,-5.8564,-5.8564,-5.8564,-5.8564,-5.8564,-5.8564,기간만료,손절,손절,손절,손절,손절,손절,손절
196170,알테오젠,바이오,2021-11-02,2021-11-03,51923.078125,3.62,0.1235,0.6173,-1.2346,-3.4568,-6.9136,-6.9136,-6.9136,-6.9136,기간만료,기간만료,기간만료,기간만료,손절,손절,손절,손절
196170,알테오젠,바이오,2021-12-06,2021-12-07,52564.1015625,-0.67,0.122,5.2439,5.2439,0.6098,4.2683,-7.561,-7.561,-7.561,기간만료,기간만료,기간만료,기간만료,기간만료,손절,손절,손절
196170,알테오젠,바이오,2022-04-26,2022-04-27,35512.8203125,0.43,1.083,0.5415,3.0686,2.5271,-9.5668,-9.5668,-9.5668,-9.5668,기간만료,기간만료,기간만료,기간만료,기간만료,20일선이탈,20일선이탈,20일선이탈
196170,알테오젠,바이오,2022-06-17,2022-06-20,36794.87109375,4.81,2.7875,5.4007,4.3554,10.8014,4.1812,2.7875,10.6272,14.1115,기간만료,기간만료,기간만료,기간만료,기간만료,기간만료,기간만료,기간만료
196170,알테오젠,바이오,2022-06-20,2022-06-21,37820.51171875,6.44,2.5424,1.5254,7.1186,1.8644,3.0509,1.3559,4.7458,7.7966,기간만료,기간만료,기간만료,기간만료,기간만료,기간만료,기간만료,기간만료
196170,알테오젠,바이오,2022-06-21,2022-06-22,38782.05078125,6.74,-0.9917,4.4628,5.124,-1.157,3.3058,3.8017,1.9835,10.4132,기간만료,기간만료,기간만료,기간만료,기간만료,기간만료,기간만료,기간만료
196170,알테오젠,바이오,2022-06-23,2022-06-24,40512.8203125,8.96,0.6329,-4.9051,-5.3797,-3.7975,-3.7975,-3.7975,-3.7975,-3.7975,기간만료,기간만료,기간만료,손절,손절,손절,손절,손절
196170,알테오젠,바이오,2022-08-04,2022-08-05,46025.640625,-3.44,4.1783,4.3175,5.8496,3.7604,-0.9749,-6.6852,-6.6852,-6.6852,기간만료,기간만료,기간만료,기간만료,기간만료,손절,손절,손절
196170,알테오젠,바이오,2022-11-16,2022-11-17,32576.923828125,4.62,0.2361,-3.4238,-8.1464,-8.1464,-8.1464,-8.1464,-8.1464,-8.1464,기간만료,기간만료,손절,손절,손절,손절,손절,손절
196170,알테오젠,바이오,2022-12-28,2022-12-29,29192.30859375,13.15,8.0369,3.0303,-4.7431,-4.7431,-4.7431,-4.7431,-4.7431,-4.7431,기간만료,기간만료,기간만료,20일선이탈,20일선이탈,20일선이탈,20일선이탈,20일선이탈
196170,알테오젠,바이오,2023-01-02,2023-01-03,30076.923828125,12.18,-7.5448,-7.5448,-7.5448,-7.5448,-7.5448,-7.5448,-7.5448,-7.5448,손절,손절,손절,손절,손절,손절,손절,손절
196170,알테오젠,바이오,2023-03-17,2023-03-20,28500.0,-0.46,3.7787,3.6437,2.4292,0.2699,1.3495,7.0175,37.3819,43.3198,기간만료,기간만료,기간만료,기간만료,기간만료,기간만료,기간만료,기간만료
196170,알테오젠,바이오,2023-03-20,2023-03-21,29576.923828125,2.0,-0.13,-1.3004,-2.9909,-1.1704,-3.381,2.8609,35.2406,30.8192,기간만료,기간만료,기간만료,기간만료,기간만료,기간만료,기간만료,기간만료
196170,알테오젠,바이오,2023-03-31,2023-04-03,30500.0,-2.95,-0.2522,14.5019,26.1034,28.3733,28.3733,33.9218,16.5195,16.5195,기간만료,기간만료,기간만료,기간만료,기간만료,기간만료,기간만료,20일선이탈
196170,알테오젠,바이오,2023-04-04,2023-04-05,34923.078125,4.4,10.1322,9.141,12.1145,12.1145,14.7577,10.793,1.7621,1.7621,기간만료,기간만료,기간만료,기간만료,기간만료,기간만료,20일선이탈,20일선이탈
196170,알테오젠,바이오,2023-04-05,2023-04-06,38461.5390625,7.08,-0.9,1.8,4.0,4.8,6.2,-3.6,-5.3,-5.3,기간만료,기간만료,기간만료,기간만료,기간만료,기간만료,손절,손절
196170,알테오젠,바이오,2023-05-31,2023-06-01,38461.5390625,2.24,6.8,4.4,-4.0,-6.8,-6.8,-6.8,-6.8,-6.8,기간만료,기간만료,기간만료,손절,손절,손절,손절,손절
196170,알테오젠,바이오,2023-06-01,2023-06-02,41076.921875,7.09,-2.2472,-10.1124,-10.1124,-10.1124,-10.1124,-10.1124,-10.1124,-10.1124,기간만료,손절,손절,손절,손절,손절,손절,손절
196170,알테오젠,바이오,2023-08-03,2023-08-04,35461.5390625,7.16,1.1931,-1.0846,-1.5184,2.603,-0.6508,-3.4707,-3.4707,-3.4707,기간만료,기간만료,기간만료,기간만료,기간만료,기간만료,20일선이탈,20일선이탈
196170,알테오젠,바이오,2023-09-11,2023-09-12,39923.078125,-0.51,17.9191,16.763,25.6262,34.4894,43.1599,54.7206,32.1773,20.2312,기간만료,기간만료,기간만료,기간만료,기간만료,기간만료,기간만료,20일선이탈
196170,알테오젠,바이오,2023-09-12,2023-09-13,47076.921875,2.57,-0.9804,6.536,6.2092,24.5098,23.2026,4.4118,10.4575,1.9608,기간만료,기간만료,기간만료,기간만료,기간만료,기간만료,기간만료,20일선이탈
196170,알테오젠,바이오,2023-09-13,2023-09-14,46615.3828125,2.17,7.5908,7.2607,15.1815,22.6073,17.1617,9.4059,9.2409,2.9703,기간만료,기간만료,기간만료,기간만료,기간만료,기간만료,기간만료,20일선이탈
196170,알테오젠,바이오,2023-09-15,2023-09-18,50000.0,2.58,7.3846,17.2308,14.3077,9.2308,-1.6923,0.9231,-4.0,-4.0,기간만료,기간만료,기간만료,기간만료,기간만료,기간만료,20일선이탈,20일선이탈
196170,알테오젠,바이오,2023-09-18,2023-09-19,53692.30859375,4.26,9.169,6.447,8.0229,15.043,-8.4527,-8.4527,-8.4527,-8.4527,기간만료,기간만료,기간만료,기간만료,손절,손절,손절,손절
196170,알테오젠,바이오,2023-09-19,2023-09-20,58615.3828125,5.88,-2.4934,-1.0499,-6.8241,-6.8241,-6.8241,-6.8241,-6.8241,-6.8241,기간만료,기간만료,손절,손절,손절,손절,손절,손절
196170,알테오젠,바이오,2023-12-21,2023-12-22,66923.078125,1.32,3.4483,9.0805,9.5402,5.7471,2.069,5.977,5.0575,1.6092,기간만료,기간만료,기간만료,기간만료,기간만료,기간만료,기간만료,20일선이탈
196170,알테오젠,바이오,2023-12-27,2023-12-28,73307.6953125,8.89,1.6789,-3.4627,-5.4565,-5.4565,-5.4565,-5.4565,-5.4565,-5.4565,기간만료,기간만료,손절,손절,손절,손절,손절,손절
196170,알테오젠,바이오,2024-02-21,2024-02-22,71230.765625,-4.32,29.3737,54.4277,73.0022,82.5054,88.7689,96.3283,119.7624,115.4428,기간만료,기간만료,기간만료,기간만료,기간만료,기간만료,기간만료,기간만료
196170,알테오젠,바이오,2024-02-22,2024-02-23,92153.84375,-2.88,19.3656,33.7229,27.9633,32.3038,61.8531,56.0935,69.4491,70.2838,기간만료,기간만료,기간만료,기간만료,기간만료,기간만료,기간만료,기간만료
196170,알테오젠,바이오,2024-02-23,2024-02-26,110000.0,2.33,12.028,7.2028,18.1818,22.2378,37.1329,24.3357,39.3706,47.5524,기간만료,기간만료,기간만료,기간만료,기간만료,기간만료,기간만료,기간만료
196170,알테오젠,바이오,2024-02-26,2024-02-27,123230.765625,6.26,-4.3071,5.4931,-1.0612,21.0362,13.4832,19.0387,30.774,27.9651,기간만료,기간만료,기간만료,기간만료,기간만료,기간만료,기간만료,기간만료
196170,알테오젠,바이오,2024-05-17,2024-05-20,145692.3125,5.25,1.5839,4.7518,1.5311,2.1647,-2.8511,-3.9599,-3.9599,-3.9599,기간만료,기간만료,기간만료,기간만료,기간만료,20일선이탈,20일선이탈,20일선이탈
196170,알테오젠,바이오,2024-05-31,2024-06-03,141538.46875,-1.9,8.587,25.2717,33.1522,36.1413,55.163,46.4674,55.7065,50.8152,기간만료,기간만료,기간만료,기간만료,기간만료,기간만료,기간만료,기간만료
196170,알테오젠,바이오,2024-06-04,2024-06-05,177307.6875,2.76,6.2907,14.9675,8.6768,23.8612,16.9197,10.6291,21.2581,15.6182,기간만료,기간만료,기간만료,기간만료,기간만료,기간만료,기간만료,20일선이탈
196170,알테오젠,바이오,2024-07-30,2024-07-31,247307.6875,17.26,-2.4883,-3.577,-10.5754,-10.5754,-10.5754,-10.5754,-10.5754,-10.5754,기간만료,기간만료,손절,손절,손절,손절,손절,손절
196170,알테오젠,바이오,2024-09-19,2024-09-20,266923.0625,11.34,3.3141,0.5764,1.585,-1.7291,-6.7723,-6.7723,-6.7723,-6.7723,기간만료,기간만료,기간만료,기간만료,손절,손절,손절,손절
196170,알테오젠,바이오,2024-11-04,2024-11-05,300384.625,7.91,-1.4085,0.2561,-0.5122,14.0845,8.8348,5.2497,2.9449,2.9449,기간만료,기간만료,기간만료,기간만료,기간만료,기간만료,20일선이탈,20일선이탈
196170,알테오젠,바이오,2024-11-08,2024-11-11,344615.375,1.09,-0.558,0.1116,-5.1339,-5.1339,-5.1339,-5.1339,-5.1339,-5.1339,기간만료,기간만료,손절,손절,손절,손절,손절,손절
196170,알테오젠,바이오,2025-03-17,2025-03-18,348846.15625,0.01,-2.8666,-6.7255,-6.7255,-6.7255,-6.7255,-6.7255,-6.7255,-6.7255,기간만료,손절,손절,손절,손절,손절,손절,손절
196170,알테오젠,바이오,2025-06-04,2025-06-05,289230.78125,-6.58,-1.8617,3.3245,5.984,8.1117,7.8457,3.7234,2.5266,0.5319,기간만료,기간만료,기간만료,기간만료,기간만료,기간만료,기간만료,20일선이탈
196170,알테오젠,바이오,2025-07-07,2025-07-08,316153.84375,-5.71,1.5815,5.8394,8.8808,8.3942,17.2749,17.6399,11.3139,10.0973,기간만료,기간만료,기간만료,기간만료,기간만료,기간만료,기간만료,20일선이탈
196170,알테오젠,바이오,2025-07-10,2025-07-11,344230.78125,-5.57,-0.6704,-0.4469,2.7933,9.9441,8.0447,5.6983,1.1173,1.1173,기간만료,기간만료,기간만료,기간만료,기간만료,기간만료,20일선이탈,20일선이탈
196170,알테오젠,바이오,2025-07-16,2025-07-17,370769.21875,2.94,2.0747,0.0,0.3112,-0.1037,-2.5934,-5.083,-5.083,-5.083,기간만료,기간만료,기간만료,기간만료,기간만료,손절,손절,손절
196170,알테오젠,바이오,2025-09-01,2025-09-02,355000.0,7.66,-0.2167,0.4334,0.9751,2.9252,4.6587,6.6089,5.8505,1.3001,기간만료,기간만료,기간만료,기간만료,기간만료,기간만료,기간만료,20일선이탈
196170,알테오젠,바이오,2025-09-22,2025-09-23,385384.625,-0.05,-2.495,-6.6866,-6.6866,-6.6866,-6.6866,-6.6866,-6.6866,-6.6866,기간만료,손절,손절,손절,손절,손절,손절,손절
196170,알테오젠,바이오,2025-10-27,2025-10-28,372307.6875,-17.7,-2.2727,-2.686,-1.343,5.9917,11.3636,8.2645,13.6364,9.0909,기간만료,기간만료,기간만료,기간만료,기간만료,기간만료,기간만료,기간만료
196170,알테오젠,바이오,2025-11-03,2025-11-04,394615.375,-16.73,7.4074,5.0682,4.6784,2.1443,7.0175,7.2125,2.924,1.5595,기간만료,기간만료,기간만료,기간만료,기간만료,기간만료,기간만료,20일선이탈
196170,알테오젠,바이오,2025-11-04,2025-11-05,423846.15625,-12.03,-2.1779,-2.5408,-2.7223,-4.9002,-4.9002,-4.9002,-4.9002,-4.9002,기간만료,기간만료,기간만료,손절,손절,손절,손절,손절
196170,알테오젠,바이오,2026-01-16,2026-01-19,390769.21875,-16.17,-0.5905,-9.0551,-9.0551,-9.0551,-9.0551,-9.0551,-9.0551,-9.0551,기간만료,손절,손절,손절,손절,손절,손절,손절
196170,알테오젠,바이오,2026-03-26,2026-03-27,296153.84375,2.82,-4.4156,-9.4805,-9.4805,-9.4805,-9.4805,-9.4805,-9.4805,-9.4805,기간만료,손절,손절,손절,손절,손절,손절,손절
196170,알테오젠,바이오,2026-05-14,2026-05-15,305000.0,-32.77,-4.918,-4.918,-4.918,-4.918,-4.918,-4.918,-4.918,-4.918,손절,손절,손절,손절,손절,손절,손절,손절
141080,리가켐바이오,바이오,2020-02-13,2020-02-14,23100.0,4.26,2.9221,9.3074,5.9524,0.0,-1.5152,0.3247,-1.2987,-1.2987,기간만료,기간만료,기간만료,기간만료,기간만료,기간만료,20일선이탈,20일선이탈
141080,리가켐바이오,바이오,2020-02-17,2020-02-18,25250.0,5.41,-3.0693,-2.9703,-8.5149,-8.5149,-8.5149,-8.5149,-8.5149,-8.5149,기간만료,기간만료,손절,손절,손절,손절,손절,손절
141080,리가켐바이오,바이오,2020-03-05,2020-03-06,24850.0,11.28,3.2193,-4.4266,-5.5332,-5.5332,-5.5332,-5.5332,-5.5332,-5.5332,기간만료,기간만료,손절,손절,손절,손절,손절,손절
141080,리가켐바이오,바이오,2020-04-16,2020-04-17,25750.0,7.91,-2.7184,4.0777,-1.165,-2.9126,-1.9417,-6.0194,-6.0194,-6.0194,기간만료,기간만료,기간만료,기간만료,기간만료,손절,손절,손절
141080,리가켐바이오,바이오,2020-05-07,2020-05-08,29700.0,8.28,-2.862,-0.3367,-2.3569,-5.2189,-5.2189,-5.2189,-5.2189,-5.2189,기간만료,기간만료,기간만료,손절,손절,손절,손절,손절
141080,리가켐바이오,바이오,2020-06-01,2020-06-02,35750.0,19.48,9.9301,11.1888,12.8671,29.0909,74.5455,71.7483,72.8671,73.4266,기간만료,기간만료,기간만료,기간만료,기간만료,기간만료,기간만료,기간만료
141080,리가켐바이오,바이오,2020-06-02,2020-06-03,39300.0,15.78,1.145,2.6718,3.5623,45.0382,39.8219,67.6845,51.6539,45.0382,기간만료,기간만료,기간만료,기간만료,기간만료,기간만료,기간만료,기간만료
141080,리가켐바이오,바이오,2020-06-09,2020-06-10,57000.0,7.56,9.4737,-3.5965,0.0,15.614,3.5088,4.5614,0.0,-5.4386,기간만료,기간만료,기간만료,기간만료,기간만료,기간만료,기간만료,20일선이탈
141080,리가켐바이오,바이오,2020-06-10,2020-06-11,62400.0,15.26,-11.9391,-8.6538,-8.6538,-8.6538,-8.6538,-8.6538,-8.6538,-8.6538,기간만료,손절,손절,손절,손절,손절,손절,손절
141080,리가켐바이오,바이오,2020-07-21,2020-07-22,54800.0,-5.02,-1.4599,8.5766,4.927,15.3285,3.8321,1.2774,1.6423,-5.292,기간만료,기간만료,기간만료,기간만료,기간만료,기간만료,기간만료,손절
141080,리가켐바이오,바이오,2020-07-23,2020-07-24,59500.0,2.26,-3.3613,3.0252,6.2185,-4.3697,-7.2269,-7.2269,-7.2269,-7.2269,기간만료,기간만료,기간만료,기간만료,손절,손절,손절,손절
141080,리가켐바이오,바이오,2020-07-28,2020-07-29,63200.0,8.43,-1.1076,-9.9684,-9.9684,-9.9684,-9.9684,-9.9684,-9.9684,-9.9684,기간만료,손절,손절,손절,손절,손절,손절,손절
141080,리가켐바이오,바이오,2020-09-02,2020-09-03,57100.0,6.01,-7.1804,-3.6778,0.5254,-7.0053,-7.0053,-7.0053,-7.0053,-7.0053,기간만료,기간만료,기간만료,손절,손절,손절,손절,손절
141080,리가켐바이오,바이오,2020-09-14,2020-09-15,59000.0,3.17,8.6441,7.6271,8.4746,0.678,-10.678,-10.678,-10.678,-10.678,기간만료,기간만료,기간만료,기간만료,손절,손절,손절,손절
141080,리가켐바이오,바이오,2020-09-15,2020-09-16,64100.0,7.41,-0.936,-0.156,-3.7441,-7.3323,-7.3323,-7.3323,-7.3323,-7.3323,기간만료,기간만료,기간만료,손절,손절,손절,손절,손절
141080,리가켐바이오,바이오,2020-11-30,2020-12-01,57800.0,-0.61,-2.5952,5.1903,5.0173,13.4948,18.8581,15.917,17.474,6.7474,기간만료,기간만료,기간만료,기간만료,기간만료,기간만료,기간만료,20일선이탈
141080,리가켐바이오,바이오,2020-12-02,2020-12-03,60800.0,-6.79,-0.1645,3.2895,7.8947,12.9934,14.3092,9.375,1.4803,1.4803,기간만료,기간만료,기간만료,기간만료,기간만료,기간만료,기간만료,20일선이탈
141080,리가켐바이오,바이오,2020-12-03,2020-12-04,60700.0,-6.92,3.4596,8.0725,6.7545,13.6738,10.3789,8.0725,1.6474,1.6474,기간만료,기간만료,기간만료,기간만료,기간만료,기간만료,20일선이탈,20일선이탈
141080,리가켐바이오,바이오,2020-12-07,2020-12-08,65600.0,-1.43,-1.2195,4.7256,5.1829,2.1341,1.372,3.5061,-5.9451,-5.9451,기간만료,기간만료,기간만료,기간만료,기간만료,기간만료,손절,손절
141080,리가켐바이오,바이오,2020-12-09,2020-12-10,68700.0,-2.73,0.4367,1.1645,-2.4745,-3.2023,-3.9301,-6.8413,-6.8413,-6.8413,기간만료,기간만료,기간만료,기간만료,기간만료,손절,손절,손절
141080,리가켐바이오,바이오,2020-12-11,2020-12-14,69500.0,0.46,-3.5971,-2.1583,-4.3165,-5.6115,-5.6115,-5.6115,-5.6115,-5.6115,기간만료,기간만료,기간만료,손절,손절,손절,손절,손절
141080,리가켐바이오,바이오,2021-03-26,2021-03-29,60500.0,1.82,-5.7851,-5.7851,-5.7851,-5.7851,-5.7851,-5.7851,-5.7851,-5.7851,손절,손절,손절,손절,손절,손절,손절,손절
141080,리가켐바이오,바이오,2021-04-19,2021-04-20,61700.0,4.37,0.4862,2.107,1.9449,-8.2658,-8.2658,-8.2658,-8.2658,-8.2658,기간만료,기간만료,기간만료,손절,손절,손절,손절,손절
141080,리가켐바이오,바이오,2021-06-10,2021-06-11,51100.0,4.33,-0.1957,-2.544,-3.6204,-2.1526,4.1096,-0.9785,18.1996,10.3718,기간만료,기간만료,기간만료,기간만료,기간만료,기간만료,기간만료,기간만료
141080,리가켐바이오,바이오,2021-06-21,2021-06-22,53200.0,5.06,-0.9398,-1.6917,-4.8872,-1.3158,1.1278,15.9774,15.6015,6.5789,기간만료,기간만료,기간만료,기간만료,기간만료,기간만료,기간만료,기간만료
141080,리가켐바이오,바이오,2021-07-01,2021-07-02,60400.0,9.58,1.3245,2.1523,0.9934,-6.6225,1.8212,-3.1457,-6.457,-6.457,기간만료,기간만료,기간만료,기간만료,기간만료,기간만료,손절,손절
141080,리가켐바이오,바이오,2021-07-07,2021-07-08,61000.0,6.86,-7.541,-7.541,-7.541,-7.541,-7.541,-7.541,-7.541,-7.541,손절,손절,손절,손절,손절,손절,손절,손절
141080,리가켐바이오,바이오,2021-07-09,2021-07-12,63300.0,5.84,-2.8436,-5.0553,-5.0553,-5.0553,-5.0553,-5.0553,-5.0553,-5.0553,기간만료,손절,손절,손절,손절,손절,손절,손절
141080,리가켐바이오,바이오,2021-08-24,2021-08-25,57900.0,3.46,-4.4905,-4.8359,-5.8722,-5.8722,-5.8722,-5.8722,-5.8722,-5.8722,기간만료,기간만료,손절,손절,손절,손절,손절,손절
141080,리가켐바이오,바이오,2021-11-15,2021-11-16,46050.0,-0.45,18.1325,7.8176,8.2519,8.1433,5.2117,10.3149,16.3952,24.43,기간만료,기간만료,기간만료,기간만료,기간만료,기간만료,기간만료,기간만료
141080,리가켐바이오,바이오,2021-11-17,2021-11-18,49650.0,-2.44,0.4028,-2.0141,0.3021,-2.4169,-0.3021,0.9063,10.1712,18.6304,기간만료,기간만료,기간만료,기간만료,기간만료,기간만료,기간만료,기간만료
141080,리가켐바이오,바이오,2021-11-18,2021-11-19,49850.0,-2.06,-2.4072,-0.1003,-3.8114,-4.4132,1.9057,2.9087,17.7533,14.9448,기간만료,기간만료,기간만료,기간만료,기간만료,기간만료,기간만료,기간만료
141080,리가켐바이오,바이오,2021-12-09,2021-12-10,58700.0,8.42,0.6814,-2.385,-1.8739,-2.385,-3.7479,-4.5997,-4.5997,-4.5997,기간만료,기간만료,기간만료,기간만료,기간만료,손절,손절,손절
141080,리가켐바이오,바이오,2021-12-27,2021-12-28,56000.0,4.07,3.3929,1.9643,1.4286,-2.5,-2.5,-2.5,-2.5,-2.5,기간만료,기간만료,기간만료,20일선이탈,20일선이탈,20일선이탈,20일선이탈,20일선이탈
141080,리가켐바이오,바이오,2022-03-08,2022-03-10,44650.0,9.97,7.0549,7.5028,9.7424,15.5655,15.3415,10.4143,7.1669,7.1669,기간만료,기간만료,기간만료,기간만료,기간만료,기간만료,기간만료,20일선이탈
141080,리가켐바이오,바이오,2022-03-15,2022-03-16,50500.0,12.92,2.1782,0.9901,1.9802,-0.5941,-1.0891,-2.6733,-5.2475,-5.2475,기간만료,기간만료,기간만료,기간만료,기간만료,기간만료,손절,손절
141080,리가켐바이오,바이오,2022-06-24,2022-06-27,43550.0,9.23,-3.9036,-6.3146,-10.7922,-10.7922,-10.7922,-10.7922,-10.7922,-10.7922,기간만료,기간만료,손절,손절,손절,손절,손절,손절
141080,리가켐바이오,바이오,2022-06-30,2022-07-01,42600.0,9.14,-1.5258,0.8216,3.8732,9.7418,6.8075,7.8638,8.4507,3.4038,기간만료,기간만료,기간만료,기간만료,기간만료,기간만료,기간만료,20일선이탈
141080,리가켐바이오,바이오,2022-08-04,2022-08-05,46750.0,-3.44,8.0214,5.6684,6.8449,8.0214,5.2406,-0.7487,-2.6738,-2.6738,기간만료,기간만료,기간만료,기간만료,기간만료,기간만료,20일선이탈,20일선이탈
141080,리가켐바이오,바이오,2022-08-05,2022-08-08,50500.0,0.08,-2.1782,-1.0891,-2.0792,-1.2871,-6.0396,-6.0396,-6.0396,-6.0396,기간만료,기간만료,기간만료,기간만료,손절,손절,손절,손절
141080,리가켐바이오,바이오,2022-11-08,2022-11-09,35200.0,4.1,-1.9886,2.5568,3.5511,9.233,16.6193,10.3693,10.2273,9.6591,기간만료,기간만료,기간만료,기간만료,기간만료,기간만료,기간만료,기간만료
141080,리가켐바이오,바이오,2022-11-15,2022-11-16,38450.0,3.13,3.381,6.762,4.4213,1.0403,0.9103,0.9103,0.3901,1.5605,기간만료,기간만료,기간만료,기간만료,기간만료,기간만료,기간만료,20일선이탈
141080,리가켐바이오,바이오,2022-11-16,2022-11-17,39750.0,4.62,3.2704,1.0063,-1.2579,-2.6415,-5.1572,-7.044,-7.044,-7.044,기간만료,기간만료,기간만료,기간만료,기간만료,손절,손절,손절
141080,리가켐바이오,바이오,2022-11-17,2022-11-18,41050.0,6.91,-2.1924,-4.3849,-5.3593,-5.3593,-5.3593,-5.3593,-5.3593,-5.3593,기간만료,기간만료,손절,손절,손절,손절,손절,손절
141080,리가켐바이오,바이오,2022-12-23,2022-12-26,41100.0,7.92,2.0681,5.2311,6.5693,1.7032,-0.9732,-4.1363,-4.1363,-4.1363,기간만료,기간만료,기간만료,기간만료,기간만료,20일선이탈,20일선이탈,20일선이탈
141080,리가켐바이오,바이오,2022-12-26,2022-12-27,41950.0,10.01,3.0989,4.41,2.2646,-2.2646,-6.0787,-6.0787,-6.0787,-6.0787,기간만료,기간만료,기간만료,기간만료,손절,손절,손절,손절
141080,리가켐바이오,바이오,2022-12-27,2022-12-28,43250.0,9.87,1.2717,-0.8092,-3.3526,-5.896,-5.896,-5.896,-5.896,-5.896,기간만료,기간만료,기간만료,손절,손절,손절,손절,손절
141080,리가켐바이오,바이오,2023-03-07,2023-03-08,37750.0,-4.88,0.6623,-0.9272,-4.2384,-4.2384,-4.2384,-4.2384,-4.2384,-4.2384,기간만료,기간만료,기간만료,20일선이탈,20일선이탈,20일선이탈,20일선이탈,20일선이탈
141080,리가켐바이오,바이오,2023-04-04,2023-04-05,39700.0,4.4,4.2821,4.0302,4.534,4.2821,9.8237,4.534,0.3778,0.3778,기간만료,기간만료,기간만료,기간만료,기간만료,기간만료,20일선이탈,20일선이탈
141080,리가켐바이오,바이오,2023-04-05,2023-04-06,41400.0,7.08,-0.2415,0.2415,-0.9662,3.5024,9.6618,-0.7246,-3.744,-3.744,기간만료,기간만료,기간만료,기간만료,기간만료,기간만료,20일선이탈,20일선이탈
141080,리가켐바이오,바이오,2023-04-14,2023-04-17,45400.0,12.31,-6.6079,-6.6079,-6.6079,-6.6079,-6.6079,-6.6079,-6.6079,-6.6079,손절,손절,손절,손절,손절,손절,손절,손절
141080,리가켐바이오,바이오,2023-06-01,2023-06-02,43200.0,7.09,-0.463,-4.7454,-4.7454,-4.7454,-4.7454,-4.7454,-4.7454,-4.7454,기간만료,기간만료,20일선이탈,20일선이탈,20일선이탈,20일선이탈,20일선이탈,20일선이탈
141080,리가켐바이오,바이오,2023-08-03,2023-08-04,37300.0,7.16,-5.63,-5.63,-5.63,-5.63,-5.63,-5.63,-5.63,-5.63,손절,손절,손절,손절,손절,손절,손절,손절
141080,리가켐바이오,바이오,2023-09-11,2023-09-12,39600.0,-0.51,3.0303,1.7677,1.6414,1.1364,-6.5657,-10.3535,-10.3535,-10.3535,기간만료,기간만료,기간만료,기간만료,기간만료,손절,손절,손절
141080,리가켐바이오,바이오,2023-09-12,2023-09-13,40800.0,2.57,-1.2255,-1.348,-3.3088,-5.6373,-5.6373,-5.6373,-5.6373,-5.6373,기간만료,기간만료,기간만료,손절,손절,손절,손절,손절
141080,리가켐바이오,바이오,2023-11-06,2023-11-07,43000.0,-4.14,0.2326,1.2791,-4.186,-3.9535,6.1628,3.8372,1.6279,13.0233,기간만료,기간만료,기간만료,기간만료,기간만료,기간만료,기간만료,기간만료
141080,리가켐바이오,바이오,2023-11-07,2023-11-08,43100.0,-0.71,1.0441,-4.4084,-3.0162,1.6241,1.0441,6.6125,4.8724,13.6891,기간만료,기간만료,기간만료,기간만료,기간만료,기간만료,기간만료,기간만료
141080,리가켐바이오,바이오,2023-12-01,2023-12-04,49000.0,3.48,-0.8163,0.0,-2.7551,-1.0204,-2.551,-5.5102,-5.5102,-5.5102,기간만료,기간만료,기간만료,기간만료,기간만료,손절,손절,손절
141080,리가켐바이오,바이오,2023-12-22,2023-12-26,61600.0,4.72,-0.8117,-0.8117,-0.8117,-0.8117,-0.8117,-0.8117,-0.8117,-0.8117,손절,손절,손절,손절,손절,손절,손절,손절
141080,리가켐바이오,바이오,2023-12-26,2023-12-27,61100.0,9.19,1.473,5.2373,4.91,-3.2733,-4.7463,-4.7463,-4.7463,-4.7463,기간만료,기간만료,기간만료,기간만료,손절,손절,손절,손절
141080,리가켐바이오,바이오,2023-12-27,2023-12-28,62000.0,8.89,3.7097,3.3871,-1.6129,-4.6774,-4.6774,-4.6774,-4.6774,-4.6774,기간만료,기간만료,기간만료,손절,손절,손절,손절,손절
141080,리가켐바이오,바이오,2023-12-28,2024-01-02,64300.0,12.32,-0.311,-5.1322,-8.0871,-8.0871,-8.0871,-8.0871,-8.0871,-8.0871,기간만료,기간만료,손절,손절,손절,손절,손절,손절
141080,리가켐바이오,바이오,2024-02-22,2024-02-23,57700.0,-2.88,-2.253,-0.3466,-5.026,-6.0659,-6.0659,-6.0659,-6.0659,-6.0659,기간만료,기간만료,기간만료,손절,손절,손절,손절,손절
141080,리가켐바이오,바이오,2024-02-26,2024-02-27,57500.0,6.26,-4.6957,-5.7391,-5.7391,-5.7391,-5.7391,-5.7391,-5.7391,-5.7391,기간만료,손절,손절,손절,손절,손절,손절,손절
141080,리가켐바이오,바이오,2024-03-05,2024-03-06,64200.0,13.55,16.8224,16.0436,26.947,19.6262,12.9283,10.9034,14.3302,-0.3115,기간만료,기간만료,기간만료,기간만료,기간만료,기간만료,기간만료,기간만료
141080,리가켐바이오,바이오,2024-03-06,2024-03-07,75000.0,20.74,-0.6667,8.6667,1.7333,-0.8,-6.9333,-6.9333,-6.9333,-6.9333,기간만료,기간만료,기간만료,기간만료,손절,손절,손절,손절
141080,리가켐바이오,바이오,2024-03-08,2024-03-11,81500.0,20.28,-6.3804,-5.7669,-5.7669,-5.7669,-5.7669,-5.7669,-5.7669,-5.7669,기간만료,손절,손절,손절,손절,손절,손절,손절
141080,리가켐바이오,바이오,2024-06-20,2024-06-21,74900.0,0.81,-0.6676,-2.4032,-1.3351,-2.9372,0.1335,-5.0734,-5.0734,-5.0734,기간만료,기간만료,기간만료,기간만료,기간만료,손절,손절,손절
141080,리가켐바이오,바이오,2024-07-05,2024-07-08,81300.0,0.85,0.615,2.46,0.369,0.738,0.0,-3.567,1.107,-0.984,기간만료,기간만료,기간만료,기간만료,기간만료,기간만료,기간만료,기간만료
141080,리가켐바이오,바이오,2024-09-20,2024-09-23,105600.0,17.15,-1.5152,-3.5038,-4.6402,-4.6402,-4.6402,-4.6402,-4.6402,-4.6402,기간만료,기간만료,손절,손절,손절,손절,손절,손절
141080,리가켐바이오,바이오,2024-10-10,2024-10-11,121500.0,13.92,2.3045,1.6461,2.8807,3.1276,7.572,7.8189,4.1152,-3.3745,기간만료,기간만료,기간만료,기간만료,기간만료,기간만료,기간만료,20일선이탈
141080,리가켐바이오,바이오,2025-06-11,2025-06-12,118500.0,4.35,0.0,-7.9325,-7.9325,-7.9325,-7.9325,-7.9325,-7.9325,-7.9325,기간만료,손절,손절,손절,손절,손절,손절,손절
141080,리가켐바이오,바이오,2025-06-27,2025-06-30,116500.0,-11.95,-1.7167,1.03,6.6953,2.1459,2.3176,18.5408,23.6052,20.0858,기간만료,기간만료,기간만료,기간만료,기간만료,기간만료,기간만료,기간만료
141080,리가켐바이오,바이오,2025-07-02,2025-07-03,124300.0,-12.03,1.9308,-4.2639,-3.8616,0.6436,11.1022,9.0909,16.0901,8.6082,기간만료,기간만료,기간만료,기간만료,기간만료,기간만료,기간만료,기간만료
141080,리가켐바이오,바이오,2025-07-10,2025-07-11,137500.0,-5.57,0.4364,-1.2364,-2.6182,5.8909,5.5273,4.5818,-1.8182,-1.8182,기간만료,기간만료,기간만료,기간만료,기간만료,기간만료,20일선이탈,20일선이탈
141080,리가켐바이오,바이오,2025-07-18,2025-07-21,144000.0,8.53,0.7639,1.3889,0.2083,-2.8472,-2.9167,-6.25,-6.25,-6.25,기간만료,기간만료,기간만료,기간만료,기간만료,손절,손절,손절
141080,리가켐바이오,바이오,2025-09-23,2025-09-24,159100.0,-1.24,-3.0798,-8.2967,-8.2967,-8.2967,-8.2967,-8.2967,-8.2967,-8.2967,기간만료,손절,손절,손절,손절,손절,손절,손절
141080,리가켐바이오,바이오,2025-11-04,2025-11-05,158900.0,-12.03,-2.5802,-4.3424,-4.9717,-4.9717,-4.9717,-4.9717,-4.9717,-4.9717,기간만료,기간만료,손절,손절,손절,손절,손절,손절
141080,리가켐바이오,바이오,2025-11-12,2025-11-13,167900.0,-1.79,-2.2037,2.9184,7.7427,3.1566,7.8023,9.8868,13.1626,13.7582,기간만료,기간만료,기간만료,기간만료,기간만료,기간만료,기간만료,기간만료
141080,리가켐바이오,바이오,2025-11-14,2025-11-17,172800.0,14.12,4.6875,3.2986,0.2315,4.7454,2.1412,13.7153,8.044,1.8519,기간만료,기간만료,기간만료,기간만료,기간만료,기간만료,기간만료,기간만료
141080,리가켐바이오,바이오,2026-01-26,2026-01-27,184600.0,-9.5,4.442,10.7801,8.3424,10.7801,0.7584,-5.2546,-5.2546,-5.2546,기간만료,기간만료,기간만료,기간만료,기간만료,손절,손절,손절
141080,리가켐바이오,바이오,2026-03-13,2026-03-16,204000.0,-8.34,3.4314,3.9216,0.9804,-0.7353,0.2451,0.2451,0.2451,0.2451,기간만료,기간만료,기간만료,기간만료,손절,손절,손절,손절
141080,리가켐바이오,바이오,2026-05-12,2026-05-13,207000.0,-32.86,-3.6232,-4.2512,-4.2512,-4.2512,-4.2512,-4.2512,-4.2512,-4.2512,기간만료,손절,손절,손절,손절,손절,손절,손절
141080,리가켐바이오,바이오,2026-06-29,2026-06-30,160900.0,2.45,-4.8477,-4.8477,-4.8477,-4.8477,-4.8477,-4.8477,-4.8477,-4.8477,손절,손절,손절,손절,손절,손절,손절,손절
298380,에이비엘바이오,바이오,2020-03-05,2020-03-06,19950.0,11.28,2.7569,-5.2632,1.0025,-15.5388,-15.5388,-15.5388,-15.5388,-15.5388,기간만료,기간만료,기간만료,손절,손절,손절,손절,손절
298380,에이비엘바이오,바이오,2020-05-06,2020-05-07,20650.0,7.73,-3.1477,-2.4213,-5.0847,-5.0847,-5.0847,-5.0847,-5.0847,-5.0847,기간만료,기간만료,손절,손절,손절,손절,손절,손절
298380,에이비엘바이오,바이오,2020-06-01,2020-06-02,20650.0,19.48,3.632,4.8426,1.4528,7.9903,41.1622,40.1937,81.1138,52.0581,기간만료,기간만료,기간만료,기간만료,기간만료,기간만료,기간만료,기간만료
298380,에이비엘바이오,바이오,2020-06-10,2020-06-11,29150.0,15.26,-3.4305,7.3756,-0.6861,-0.6861,-0.6861,-0.6861,-0.6861,-0.6861,기간만료,기간만료,손절,손절,손절,손절,손절,손절
298380,에이비엘바이오,바이오,2020-06-11,2020-06-12,28150.0,20.29,11.1901,2.8419,2.8419,2.8419,2.8419,2.8419,2.8419,2.8419,기간만료,손절,손절,손절,손절,손절,손절,손절
298380,에이비엘바이오,바이오,2020-06-16,2020-06-17,32700.0,29.13,-2.5994,11.0092,7.4924,9.633,3.6697,-3.9755,-3.9755,-3.9755,기간만료,기간만료,기간만료,기간만료,기간만료,손절,손절,손절
298380,에이비엘바이오,바이오,2020-06-18,2020-06-19,36300.0,30.0,-3.168,3.0303,-1.2397,-9.6419,-9.6419,-9.6419,-9.6419,-9.6419,기간만료,기간만료,기간만료,손절,손절,손절,손절,손절
298380,에이비엘바이오,바이오,2020-08-04,2020-08-05,36150.0,2.3,-3.4578,-0.8299,-10.0968,-10.0968,-10.0968,-10.0968,-10.0968,-10.0968,기간만료,기간만료,손절,손절,손절,손절,손절,손절
298380,에이비엘바이오,바이오,2020-09-11,2020-09-14,37000.0,4.12,-4.8649,-4.8649,-4.8649,-4.8649,-4.8649,-4.8649,-4.8649,-4.8649,손절,손절,손절,손절,손절,손절,손절,손절
298380,에이비엘바이오,바이오,2020-09-15,2020-09-16,36100.0,7.41,-5.1247,-8.3102,-8.3102,-8.3102,-8.3102,-8.3102,-8.3102,-8.3102,기간만료,손절,손절,손절,손절,손절,손절,손절
298380,에이비엘바이오,바이오,2020-11-19,2020-11-20,25850.0,-0.56,4.6422,2.1277,0.0,7.7369,6.5764,0.1934,11.6054,11.6054,기간만료,기간만료,기간만료,기간만료,기간만료,기간만료,기간만료,기간만료
298380,에이비엘바이오,바이오,2020-11-26,2020-11-27,27850.0,-4.61,-1.2567,-1.0772,-1.4363,-7.0018,-7.0018,-7.0018,-7.0018,-7.0018,기간만료,기간만료,기간만료,손절,손절,손절,손절,손절
298380,에이비엘바이오,바이오,2020-12-07,2020-12-08,28550.0,-1.43,-4.3783,-4.3783,-4.3783,-4.3783,-4.3783,-4.3783,-4.3783,-4.3783,손절,손절,손절,손절,손절,손절,손절,손절
298380,에이비엘바이오,바이오,2020-12-28,2020-12-29,31000.0,-5.07,1.2903,3.3871,1.2903,-2.2581,-7.0968,-7.0968,-7.0968,-7.0968,기간만료,기간만료,기간만료,기간만료,손절,손절,손절,손절
298380,에이비엘바이오,바이오,2021-04-09,2021-04-12,22700.0,1.0,2.2026,10.1322,11.674,17.1806,12.9956,8.37,0.0,0.0,기간만료,기간만료,기간만료,기간만료,기간만료,기간만료,20일선이탈,20일선이탈
298380,에이비엘바이오,바이오,2021-04-12,2021-04-13,23200.0,2.82,7.7586,9.2672,7.7586,13.3621,7.9741,7.7586,-2.1552,-2.1552,기간만료,기간만료,기간만료,기간만료,기간만료,기간만료,20일선이탈,20일선이탈
298380,에이비엘바이오,바이오,2021-04-13,2021-04-14,25000.0,2.44,1.4,0.0,6.4,2.6,-1.6,-5.0,-9.2,-9.2,기간만료,기간만료,기간만료,기간만료,기간만료,기간만료,손절,손절
298380,에이비엘바이오,바이오,2021-06-10,2021-06-11,21000.0,4.33,1.4286,0.4762,-0.9524,-3.5714,-3.5714,-3.5714,-3.5714,-3.5714,기간만료,기간만료,기간만료,기간만료,20일선이탈,20일선이탈,20일선이탈,20일선이탈
298380,에이비엘바이오,바이오,2021-06-23,2021-06-24,22600.0,3.89,-1.3274,0.2212,-4.2035,-1.9912,5.0885,0.885,-4.4248,-4.4248,기간만료,기간만료,기간만료,기간만료,기간만료,기간만료,20일선이탈,20일선이탈
298380,에이비엘바이오,바이오,2021-07-01,2021-07-02,23800.0,9.58,-0.2101,0.6303,-3.5714,-9.4538,-9.4538,-9.4538,-9.4538,-9.4538,기간만료,기간만료,기간만료,손절,손절,손절,손절,손절
298380,에이비엘바이오,바이오,2021-09-02,2021-09-03,22500.0,5.01,-4.2222,-4.4444,-3.3333,-9.7778,-9.7778,-9.7778,-9.7778,-9.7778,기간만료,기간만료,기간만료,손절,손절,손절,손절,손절
298380,에이비엘바이오,바이오,2021-10-19,2021-10-20,20550.0,-1.54,2.4331,3.8929,3.8929,6.5693,21.6545,16.0584,10.7056,4.3796,기간만료,기간만료,기간만료,기간만료,기간만료,기간만료,기간만료,20일선이탈
298380,에이비엘바이오,바이오,2021-10-20,2021-10-21,21050.0,-1.89,1.4252,1.4252,2.6128,9.7387,0.7126,14.2518,1.9002,1.9002,기간만료,기간만료,기간만료,기간만료,기간만료,기간만료,기간만료,20일선이탈
298380,에이비엘바이오,바이오,2021-10-27,2021-10-28,23100.0,1.27,8.2251,-8.2251,-8.2251,-8.2251,-8.2251,-8.2251,-8.2251,-8.2251,기간만료,손절,손절,손절,손절,손절,손절,손절
298380,에이비엘바이오,바이오,2021-10-28,2021-10-29,25000.0,3.37,-15.2,-15.2,-15.2,-15.2,-15.2,-15.2,-15.2,-15.2,손절,손절,손절,손절,손절,손절,손절,손절
298380,에이비엘바이오,바이오,2021-12-06,2021-12-07,23150.0,-0.67,0.0,4.1037,4.1037,-4.3197,-4.3197,-4.3197,-4.3197,-4.3197,기간만료,기간만료,기간만료,손절,손절,손절,손절,손절
298380,에이비엘바이오,바이오,2021-12-08,2021-12-09,24100.0,4.33,0.0,-5.6017,-5.6017,-5.6017,-5.6017,-5.6017,-5.6017,-5.6017,기간만료,손절,손절,손절,손절,손절,손절,손절
298380,에이비엘바이오,바이오,2021-12-14,2021-12-15,23800.0,4.95,0.8403,-2.3109,-8.4034,-8.4034,-8.4034,-8.4034,-8.4034,-8.4034,기간만료,기간만료,손절,손절,손절,손절,손절,손절
298380,에이비엘바이오,바이오,2022-01-12,2022-01-13,28850.0,-0.1,-3.2929,-3.2929,-3.2929,-3.2929,-3.2929,-3.2929,-3.2929,-3.2929,손절,손절,손절,손절,손절,손절,손절,손절
298380,에이비엘바이오,바이오,2022-01-13,2022-01-14,27900.0,-2.99,6.9892,11.6487,6.2724,14.8746,8.6022,0.3584,-6.0932,-6.0932,기간만료,기간만료,기간만료,기간만료,기간만료,기간만료,손절,손절
298380,에이비엘바이오,바이오,2022-01-14,2022-01-17,29850.0,-2.61,4.3551,-0.67,10.8878,10.7203,2.8476,-6.1977,-6.1977,-6.1977,기간만료,기간만료,기간만료,기간만료,기간만료,손절,손절,손절
298380,에이비엘바이오,바이오,2022-03-03,2022-03-04,29900.0,7.36,-4.0134,-9.8662,-9.8662,-9.8662,-9.8662,-9.8662,-9.8662,-9.8662,기간만료,손절,손절,손절,손절,손절,손절,손절
298380,에이비엘바이오,바이오,2022-06-17,2022-06-20,24400.0,4.81,1.2295,2.0492,-1.0246,12.0902,5.123,-2.2541,-2.2541,-2.2541,기간만료,기간만료,기간만료,기간만료,기간만료,기간만료,20일선이탈,20일선이탈
298380,에이비엘바이오,바이오,2022-06-23,2022-06-24,25450.0,8.96,7.4656,4.5187,0.7859,0.0,-6.2868,-6.2868,-6.2868,-6.2868,기간만료,기간만료,기간만료,기간만료,손절,손절,손절,손절
298380,에이비엘바이오,바이오,2022-06-24,2022-06-27,27350.0,9.23,-2.7422,-6.2157,-6.2157,-6.2157,-6.2157,-6.2157,-6.2157,-6.2157,기간만료,손절,손절,손절,손절,손절,손절,손절
298380,에이비엘바이오,바이오,2022-08-05,2022-08-08,24050.0,0.08,2.079,3.5343,6.0291,3.9501,2.079,-1.8711,-2.7027,-2.7027,기간만료,기간만료,기간만료,기간만료,기간만료,기간만료,20일선이탈,20일선이탈
298380,에이비엘바이오,바이오,2022-11-11,2022-11-14,21700.0,0.35,0.6912,9.2166,9.6774,11.2903,8.2949,8.7558,11.0599,11.7512,기간만료,기간만료,기간만료,기간만료,기간만료,기간만료,기간만료,기간만료
298380,에이비엘바이오,바이오,2022-11-15,2022-11-16,23700.0,3.13,0.4219,2.9536,1.8987,-0.8439,1.4768,-2.5316,1.8987,-6.7511,기간만료,기간만료,기간만료,기간만료,기간만료,기간만료,기간만료,20일선이탈
298380,에이비엘바이오,바이오,2023-03-07,2023-03-08,22000.0,-4.88,2.5,0.2273,-2.7273,-4.7727,-4.7727,-4.7727,-4.7727,-4.7727,기간만료,기간만료,기간만료,손절,손절,손절,손절,손절
298380,에이비엘바이오,바이오,2023-03-09,2023-03-10,22050.0,-2.84,-2.9478,-1.1338,-4.9887,-4.9887,-4.9887,-4.9887,-4.9887,-4.9887,기간만료,기간만료,손절,손절,손절,손절,손절,손절
298380,에이비엘바이오,바이오,2023-03-17,2023-03-20,22400.0,-0.46,3.5714,0.2232,-4.2411,-6.4732,-6.4732,-6.4732,-6.4732,-6.4732,기간만료,기간만료,기간만료,손절,손절,손절,손절,손절
298380,에이비엘바이오,바이오,2023-04-04,2023-04-05,23850.0,4.4,5.87,6.499,5.4507,2.5157,6.499,-4.8218,-4.8218,-4.8218,기간만료,기간만료,기간만료,기간만료,기간만료,기간만료,20일선이탈,20일선이탈
298380,에이비엘바이오,바이오,2023-04-05,2023-04-06,25250.0,7.08,0.5941,-0.396,-2.5743,-0.396,2.7723,-8.5149,-8.5149,-8.5149,기간만료,기간만료,기간만료,기간만료,기간만료,손절,손절,손절
298380,에이비엘바이오,바이오,2023-07-21,2023-07-24,20100.0,-1.11,-4.9751,-7.7612,-7.7612,-7.7612,-7.7612,-7.7612,-7.7612,-7.7612,기간만료,손절,손절,손절,손절,손절,손절,손절
298380,에이비엘바이오,바이오,2023-09-11,2023-09-12,19760.0,-0.51,5.2632,4.504,4.251,2.7328,-2.6316,-5.3644,-5.3644,-5.3644,기간만료,기간만료,기간만료,기간만료,기간만료,20일선이탈,20일선이탈,20일선이탈
298380,에이비엘바이오,바이오,2023-09-12,2023-09-13,20800.0,2.57,-0.7212,-0.9615,-3.6058,-1.9231,-7.5,-7.5,-7.5,-7.5,기간만료,기간만료,기간만료,기간만료,손절,손절,손절,손절
298380,에이비엘바이오,바이오,2023-11-06,2023-11-07,18390.0,-4.14,2.5557,3.3714,-0.5438,1.9032,2.9364,3.5889,5.6009,11.7455,기간만료,기간만료,기간만료,기간만료,기간만료,기간만료,기간만료,기간만료
298380,에이비엘바이오,바이오,2023-12-21,2023-12-22,22150.0,1.32,9.0293,12.1896,8.8036,10.8352,8.1264,7.9007,2.9345,2.9345,기간만료,기간만료,기간만료,기간만료,기간만료,기간만료,20일선이탈,20일선이탈
298380,에이비엘바이오,바이오,2023-12-22,2023-12-26,24150.0,4.72,2.8986,-0.207,2.8986,3.3126,-2.8986,-0.207,-5.5901,-5.5901,기간만료,기간만료,기간만료,기간만료,기간만료,기간만료,손절,손절
298380,에이비엘바이오,바이오,2023-12-26,2023-12-27,24850.0,9.19,-3.0181,0.0,-1.2072,-3.6217,-5.6338,-5.6338,-5.6338,-5.6338,기간만료,기간만료,기간만료,기간만료,손절,손절,손절,손절
298380,에이비엘바이오,바이오,2024-02-23,2024-02-26,23000.0,2.33,4.1304,1.3043,-1.3043,0.2174,16.3043,21.087,15.6522,15.0,기간만료,기간만료,기간만료,기간만료,기간만료,기간만료,기간만료,기간만료
298380,에이비엘바이오,바이오,2024-02-26,2024-02-27,23950.0,6.26,-2.714,-5.2192,-5.2192,2.5052,10.4384,24.4259,10.0209,6.263,기간만료,기간만료,기간만료,기간만료,기간만료,기간만료,기간만료,기간만료
298380,에이비엘바이오,바이오,2024-03-06,2024-03-07,26750.0,20.74,-1.1215,7.2897,4.1121,2.6168,-4.1121,-4.1121,-4.1121,-4.1121,기간만료,기간만료,기간만료,기간만료,손절,손절,손절,손절
298380,에이비엘바이오,바이오,2024-06-04,2024-06-05,25150.0,2.76,0.7952,-2.7833,-5.9642,-5.9642,-5.9642,-5.9642,-5.9642,-5.9642,기간만료,기간만료,손절,손절,손절,손절,손절,손절
298380,에이비엘바이오,바이오,2024-07-01,2024-07-02,24250.0,5.96,3.0928,12.1649,21.2371,21.8557,13.6082,16.2887,15.8763,24.7423,기간만료,기간만료,기간만료,기간만료,기간만료,기간만료,기간만료,기간만료
298380,에이비엘바이오,바이오,2024-07-03,2024-07-04,27200.0,-1.03,8.0882,10.4779,8.6397,1.2868,3.4926,2.0221,4.2279,6.6176,기간만료,기간만료,기간만료,기간만료,기간만료,기간만료,기간만료,기간만료
298380,에이비엘바이오,바이오,2024-07-04,2024-07-05,29400.0,-0.15,2.2109,0.5102,-3.0612,-6.2925,-6.2925,-6.2925,-6.2925,-6.2925,기간만료,기간만료,기간만료,손절,손절,손절,손절,손절
298380,에이비엘바이오,바이오,2024-08-29,2024-08-30,33500.0,18.81,-0.597,-0.8955,-13.1343,-13.1343,-13.1343,-13.1343,-13.1343,-13.1343,기간만료,기간만료,손절,손절,손절,손절,손절,손절
298380,에이비엘바이오,바이오,2024-10-11,2024-10-14,40050.0,20.18,2.6217,1.4981,4.9938,-1.3733,1.1236,-7.8652,-7.8652,-7.8652,기간만료,기간만료,기간만료,기간만료,기간만료,손절,손절,손절
298380,에이비엘바이오,바이오,2024-10-14,2024-10-15,41100.0,15.55,-1.0949,2.3114,-2.0681,-0.365,-8.1509,-8.1509,-8.1509,-8.1509,기간만료,기간만료,기간만료,기간만료,손절,손절,손절,손절
298380,에이비엘바이오,바이오,2025-01-09,2025-01-10,32300.0,9.01,-5.418,-4.0248,-4.4892,-4.7988,-4.7988,-4.7988,-4.7988,-4.7988,기간만료,기간만료,기간만료,손절,손절,손절,손절,손절
298380,에이비엘바이오,바이오,2025-01-16,2025-01-17,32850.0,2.73,-0.1522,-1.8265,0.3044,8.9802,9.1324,19.3303,24.5053,24.5053,기간만료,기간만료,기간만료,기간만료,기간만료,기간만료,기간만료,기간만료
298380,에이비엘바이오,바이오,2025-01-23,2025-01-24,35800.0,3.12,-0.419,0.1397,4.6089,9.4972,12.8492,14.2458,14.2458,4.8883,기간만료,기간만료,기간만료,기간만료,기간만료,기간만료,기간만료,20일선이탈
298380,에이비엘바이오,바이오,2025-01-24,2025-01-31,35650.0,1.58,0.561,5.0491,6.4516,6.3114,13.0435,7.9944,9.6774,5.3296,기간만료,기간만료,기간만료,기간만료,기간만료,기간만료,기간만료,20일선이탈
298380,에이비엘바이오,바이오,2025-02-03,2025-02-04,37450.0,2.88,1.3351,4.6729,1.2016,7.6101,9.2123,4.1389,0.267,0.267,기간만료,기간만료,기간만료,기간만료,기간만료,기간만료,기간만료,20일선이탈
298380,에이비엘바이오,바이오,2025-02-18,2025-02-19,44550.0,8.49,-8.193,-8.193,-8.193,-8.193,-8.193,-8.193,-8.193,-8.193,손절,손절,손절,손절,손절,손절,손절,손절
298380,에이비엘바이오,바이오,2025-04-07,2025-04-08,51000.0,2.92,-2.2549,8.8235,9.2157,25.6863,23.5294,24.7059,29.0196,22.9412,기간만료,기간만료,기간만료,기간만료,기간만료,기간만료,기간만료,20일선이탈
298380,에이비엘바이오,바이오,2025-04-08,2025-04-09,49850.0,6.05,11.334,11.7352,15.346,26.7803,30.3912,39.8195,34.8044,25.7773,기간만료,기간만료,기간만료,기간만료,기간만료,기간만료,기간만료,20일선이탈
298380,에이비엘바이오,바이오,2025-04-09,2025-04-10,55500.0,7.0,0.3604,3.6036,15.4955,13.5135,15.6757,23.7838,13.5135,12.973,기간만료,기간만료,기간만료,기간만료,기간만료,기간만료,기간만료,20일선이탈
298380,에이비엘바이오,바이오,2025-04-10,2025-04-11,55700.0,7.49,3.2316,15.0808,13.465,16.6966,14.1831,22.2621,20.2873,12.5673,기간만료,기간만료,기간만료,기간만료,기간만료,기간만료,기간만료,20일선이탈
298380,에이비엘바이오,바이오,2025-05-27,2025-05-28,81200.0,-1.53,-0.9852,-0.6158,-1.8473,-6.5271,-6.5271,-6.5271,-6.5271,-6.5271,기간만료,기간만료,기간만료,손절,손절,손절,손절,손절
298380,에이비엘바이오,바이오,2025-07-15,2025-07-16,70300.0,1.9,1.2802,5.9744,3.9829,2.276,23.7553,12.2333,2.9872,2.9872,기간만료,기간만료,기간만료,기간만료,기간만료,기간만료,20일선이탈,20일선이탈
298380,에이비엘바이오,바이오,2025-07-24,2025-07-25,87000.0,11.47,-4.2529,-8.3908,-8.3908,-8.3908,-8.3908,-8.3908,-8.3908,-8.3908,기간만료,손절,손절,손절,손절,손절,손절,손절
298380,에이비엘바이오,바이오,2025-08-14,2025-08-18,87500.0,-1.17,1.2571,-8.5714,-8.5714,-8.5714,-8.5714,-8.5714,-8.5714,-8.5714,기간만료,손절,손절,손절,손절,손절,손절,손절
298380,에이비엘바이오,바이오,2025-08-26,2025-08-27,93500.0,5.25,1.8182,1.2834,-2.4599,-0.7487,2.6738,9.6257,9.5187,5.3476,기간만료,기간만료,기간만료,기간만료,기간만료,기간만료,기간만료,기간만료
298380,에이비엘바이오,바이오,2025-10-27,2025-10-28,96700.0,-17.7,-2.2751,-2.7921,-1.8614,4.1365,8.5832,3.4126,79.7311,79.5243,기간만료,기간만료,기간만료,기간만료,기간만료,기간만료,기간만료,기간만료
298380,에이비엘바이오,바이오,2025-10-31,2025-11-03,102100.0,-15.76,-1.3712,9.5984,2.8404,-0.0979,-2.0568,67.9726,78.1587,85.0147,기간만료,기간만료,기간만료,기간만료,기간만료,기간만료,기간만료,기간만료
298380,에이비엘바이오,바이오,2025-11-04,2025-11-05,111900.0,-12.03,-6.1662,-6.1662,-6.1662,-6.1662,-6.1662,-6.1662,-6.1662,-6.1662,손절,손절,손절,손절,손절,손절,손절,손절
298380,에이비엘바이오,바이오,2025-11-13,2025-11-14,163500.0,6.96,4.893,6.2997,1.9572,4.4648,6.1774,10.1529,28.4404,20.0612,기간만료,기간만료,기간만료,기간만료,기간만료,기간만료,기간만료,기간만료
298380,에이비엘바이오,바이오,2025-11-14,2025-11-17,171500.0,14.12,1.3411,-2.7988,-0.9329,6.0641,-1.3411,10.1458,10.9621,9.7959,기간만료,기간만료,기간만료,기간만료,기간만료,기간만료,기간만료,기간만료
298380,에이비엘바이오,바이오,2026-01-26,2026-01-27,236500.0,-9.5,1.9027,3.3827,-9.7252,-15.8562,-15.8562,-15.8562,-15.8562,-15.8562,기간만료,기간만료,기간만료,손절,손절,손절,손절,손절
298380,에이비엘바이오,바이오,2026-06-17,2026-06-18,110200.0,-19.55,-8.9837,-8.9837,-8.9837,-8.9837,-8.9837,-8.9837,-8.9837,-8.9837,손절,손절,손절,손절,손절,손절,손절,손절
128940,한미약품,바이오,2020-05-08,2020-05-11,259600.5625,10.34,-3.5587,-1.2455,-11.032,-11.21,-11.21,-11.21,-11.21,-11.21,기간만료,기간만료,기간만료,손절,손절,손절,손절,손절
128940,한미약품,바이오,2020-06-05,2020-06-08,244357.109375,8.5,-0.9452,-0.3781,-0.7561,-3.5917,0.189,-1.7013,-3.2136,-3.2136,기간만료,기간만료,기간만료,기간만료,기간만료,기간만료,20일선이탈,20일선이탈
128940,한미약품,바이오,2020-07-16,2020-07-17,236966.359375,-2.13,-2.924,-3.1189,-4.0936,-1.9493,-3.5088,0.3899,41.9103,22.0273,기간만료,기간만료,기간만료,기간만료,기간만료,기간만료,기간만료,기간만료
128940,한미약품,바이오,2020-07-28,2020-07-29,252209.796875,8.43,-4.0293,-5.6777,-5.6777,-5.6777,-5.6777,-5.6777,-5.6777,-5.6777,기간만료,손절,손절,손절,손절,손절,손절,손절
128940,한미약품,바이오,2020-08-03,2020-08-04,252209.796875,2.47,32.0513,38.6447,33.3333,17.5824,17.9487,6.7766,6.044,6.044,기간만료,기간만료,기간만료,기간만료,기간만료,기간만료,20일선이탈,20일선이탈
128940,한미약품,바이오,2020-08-05,2020-08-06,349675.5,6.93,-3.8309,-3.8309,-3.8309,-3.8309,-3.8309,-3.8309,-3.8309,-3.8309,손절,손절,손절,손절,손절,손절,손절,손절
128940,한미약품,바이오,2020-11-18,2020-11-19,289625.53125,-2.81,4.4657,4.4657,4.1467,11.3238,16.4274,18.6603,13.2376,10.3668,기간만료,기간만료,기간만료,기간만료,기간만료,기간만료,기간만료,20일선이탈
128940,한미약품,바이오,2020-11-19,2020-11-20,302559.375,-0.56,0.0,-0.3053,-4.2748,1.0687,11.2977,9.4657,8.3969,5.6489,기간만료,기간만료,기간만료,기간만료,기간만료,기간만료,기간만료,20일선이탈
128940,한미약품,바이오,2020-11-27,2020-11-30,337203.59375,-3.19,-0.137,0.6849,1.9178,1.7808,-0.137,-3.5616,-5.2055,-5.2055,기간만료,기간만료,기간만료,기간만료,기간만료,기간만료,손절,손절
128940,한미약품,바이오,2021-01-06,2021-01-07,356197.84375,-4.37,2.7778,0.7937,-3.4392,-1.9841,-5.9524,-8.8624,-8.8624,-8.8624,기간만료,기간만료,기간만료,기간만료,기간만료,손절,손절,손절
128940,한미약품,바이오,2021-01-27,2021-01-28,379284.75,-11.07,0.8696,-4.8447,-3.8509,-3.8509,-3.8509,-3.8509,-3.8509,-3.8509,기간만료,기간만료,손절,손절,손절,손절,손절,손절
128940,한미약품,바이오,2021-04-15,2021-04-16,340178.375,2.93,-1.385,-2.2161,-1.6621,-4.7091,-0.277,-4.4321,-4.4321,-4.4321,기간만료,기간만료,기간만료,기간만료,기간만료,손절,손절,손절
128940,한미약품,바이오,2021-04-23,2021-04-26,343947.65625,0.49,-1.3699,-3.5616,-5.4794,-5.4794,-5.4794,-5.4794,-5.4794,-5.4794,기간만료,기간만료,손절,손절,손절,손절,손절,손절
128940,한미약품,바이오,2021-05-18,2021-05-20,336409.0625,-5.01,-0.7003,-4.3417,-6.4426,-6.4426,-6.4426,-6.4426,-6.4426,-6.4426,기간만료,기간만료,손절,손절,손절,손절,손절,손절
128940,한미약품,바이오,2021-07-01,2021-07-02,331226.3125,9.58,0.9957,4.1252,0.1422,-3.2717,-2.5605,-3.9829,-3.9829,-3.9829,기간만료,기간만료,기간만료,기간만료,기간만료,20일선이탈,20일선이탈,20일선이탈
128940,한미약품,바이오,2021-07-05,2021-07-06,344889.96875,13.02,-3.8251,-5.4645,-5.4645,-5.4645,-5.4645,-5.4645,-5.4645,-5.4645,기간만료,손절,손절,손절,손절,손절,손절,손절
128940,한미약품,바이오,2021-11-05,2021-11-08,263379.09375,6.38,-0.3578,-1.4311,-3.9356,-3.9356,-3.9356,-3.9356,-3.9356,-3.9356,기간만료,기간만료,기간만료,20일선이탈,20일선이탈,20일선이탈,20일선이탈,20일선이탈
128940,한미약품,바이오,2021-12-07,2021-12-08,260552.125,0.25,-1.6275,0.7233,2.17,1.085,0.0,1.2658,4.5823,0.34,기간만료,기간만료,기간만료,기간만료,기간만료,기간만료,기간만료,20일선이탈
128940,한미약품,바이오,2021-12-27,2021-12-28,273273.46875,4.07,-0.2862,-2.7483,0.5931,-4.331,-4.331,-4.331,-4.331,-4.331,기간만료,기간만료,기간만료,기간만료,20일선이탈,20일선이탈,20일선이탈,20일선이탈
128940,한미약품,바이오,2022-03-08,2022-03-10,256632.0625,9.97,2.2472,0.3745,-0.9363,4.8689,6.367,3.9326,2.9963,2.0599,기간만료,기간만료,기간만료,기간만료,기간만료,기간만료,기간만료,20일선이탈
128940,한미약품,바이오,2022-03-16,2022-03-17,269127.25,12.46,-0.5357,1.4286,-0.3571,-0.8929,-0.8929,-1.7857,-2.6786,-2.6786,기간만료,기간만료,기간만료,기간만료,기간만료,기간만료,20일선이탈,20일선이탈
128940,한미약품,바이오,2022-04-13,2022-04-14,286428.28125,-4.54,0.3356,2.349,2.349,2.8524,0.6711,4.5302,-2.1812,-2.1812,기간만료,기간만료,기간만료,기간만료,기간만료,기간만료,기간만료,20일선이탈
128940,한미약품,바이오,2022-04-15,2022-04-18,293156.46875,-5.3,0.0,-0.4918,0.4918,-1.6393,-1.3115,1.4754,-4.4262,-4.4262,기간만료,기간만료,기간만료,기간만료,기간만료,기간만료,20일선이탈,20일선이탈
128940,한미약품,바이오,2022-07-05,2022-07-06,304209.90625,12.31,1.1058,2.5277,1.1058,1.8957,-1.4218,-2.8436,-2.8436,-2.8436,기간만료,기간만료,기간만료,기간만료,기간만료,20일선이탈,20일선이탈,20일선이탈
128940,한미약품,바이오,2022-12-12,2022-12-13,266724.34375,7.7,7.027,5.4054,2.7027,5.7658,10.0901,7.027,2.7351,2.7351,기간만료,기간만료,기간만료,기간만료,기간만료,기간만료,20일선이탈,20일선이탈
128940,한미약품,바이오,2022-12-13,2022-12-14,285467.125,4.18,-1.5151,-4.0404,-2.1886,-0.505,2.5253,3.202,-4.0101,-4.0101,기간만료,기간만료,기간만료,기간만료,기간만료,기간만료,20일선이탈,20일선이탈
128940,한미약품,바이오,2023-03-09,2023-03-10,262254.90625,-2.84,-4.2991,-4.2991,-4.2991,-4.2991,-4.2991,-4.2991,-4.2991,-4.2991,기간만료,20일선이탈,20일선이탈,20일선이탈,20일선이탈,20일선이탈,20일선이탈,20일선이탈
128940,한미약품,바이오,2023-04-04,2023-04-05,283823.53125,4.4,6.7358,7.2539,7.5993,12.4352,16.4076,11.399,5.3541,8.2902,기간만료,기간만료,기간만료,기간만료,기간만료,기간만료,기간만료,기간만료
128940,한미약품,바이오,2023-04-05,2023-04-06,302941.1875,7.08,0.4854,0.8091,6.1489,3.5599,6.7961,2.4272,2.4272,1.4563,기간만료,기간만료,기간만료,기간만료,기간만료,기간만료,기간만료,20일선이탈
128940,한미약품,바이오,2023-04-10,2023-04-11,321568.625,10.05,-0.7622,-2.439,2.7439,-0.6098,-3.5061,-4.2683,-7.0122,-7.0122,기간만료,기간만료,기간만료,기간만료,기간만료,기간만료,손절,손절
128940,한미약품,바이오,2023-04-13,2023-04-14,330392.15625,16.51,-2.0772,-3.2641,-4.3027,-6.0831,-6.0831,-6.0831,-6.0831,-6.0831,기간만료,기간만료,기간만료,손절,손절,손절,손절,손절
128940,한미약품,바이오,2023-06-08,2023-06-09,314215.6875,-1.11,0.624,-0.624,1.8721,-1.4041,-0.936,1.248,-2.9641,-2.9641,기간만료,기간만료,기간만료,기간만료,기간만료,기간만료,20일선이탈,20일선이탈
128940,한미약품,바이오,2023-06-13,2023-06-14,320098.03125,-1.46,0.4594,-3.2159,-1.9908,-2.2971,-0.6126,-4.7473,-4.7473,-4.7473,기간만료,기간만료,기간만료,기간만료,기간만료,손절,손절,손절
128940,한미약품,바이오,2023-08-01,2023-08-02,279411.75,0.9,-3.8596,-3.8596,-3.8596,-3.8596,-3.8596,-3.8596,-3.8596,-3.8596,기간만료,20일선이탈,20일선이탈,20일선이탈,20일선이탈,20일선이탈,20일선이탈,20일선이탈
128940,한미약품,바이오,2023-08-03,2023-08-04,283823.53125,7.16,0.6908,0.1727,1.209,12.7807,10.19,4.3178,1.5544,1.5544,기간만료,기간만료,기간만료,기간만료,기간만료,기간만료,20일선이탈,20일선이탈
128940,한미약품,바이오,2023-08-09,2023-08-10,319117.65625,11.68,0.3072,1.5361,-1.9969,-3.533,-7.2197,-7.2197,-7.2197,-7.2197,기간만료,기간만료,기간만료,기간만료,손절,손절,손절,손절
128940,한미약품,바이오,2023-10-10,2023-10-11,315686.28125,17.86,1.3975,-0.9317,-3.4161,-5.2795,-5.2795,-5.2795,-5.2795,-5.2795,기간만료,기간만료,기간만료,손절,손절,손절,손절,손절
128940,한미약품,바이오,2023-12-07,2023-12-08,322058.8125,2.64,0.1522,-0.761,0.3044,1.6743,0.761,0.1522,11.7808,9.4521,기간만료,기간만료,기간만료,기간만료,기간만료,기간만료,기간만료,기간만료
128940,한미약품,바이오,2023-12-26,2023-12-27,342500.0,9.19,-0.438,3.2117,5.1095,5.5474,3.3577,0.7299,-1.3139,-1.3139,기간만료,기간만료,기간만료,기간만료,기간만료,기간만료,20일선이탈,20일선이탈
128940,한미약품,바이오,2024-01-03,2024-01-04,370000.0,14.28,-2.2973,-4.0541,-4.3243,-4.3243,-4.3243,-4.3243,-4.3243,-4.3243,기간만료,기간만료,손절,손절,손절,손절,손절,손절
128940,한미약품,바이오,2024-03-25,2024-03-26,347500.0,12.82,-0.4317,-0.7194,-1.5827,-6.3309,-6.3309,-6.3309,-6.3309,-6.3309,기간만료,기간만료,기간만료,손절,손절,손절,손절,손절
128940,한미약품,바이오,2024-07-10,2024-07-11,305500.0,3.62,-1.3093,1.473,-0.6547,0.491,-0.8183,-0.8183,-5.401,-5.401,기간만료,기간만료,기간만료,기간만료,기간만료,기간만료,손절,손절
128940,한미약품,바이오,2024-08-30,2024-09-02,319000.0,19.28,-3.605,-5.6426,-7.5235,-7.5235,-7.5235,-7.5235,-7.5235,-7.5235,기간만료,기간만료,손절,손절,손절,손절,손절,손절
128940,한미약품,바이오,2024-09-06,2024-09-09,309000.0,6.18,6.1489,5.0162,2.7508,5.6634,9.2233,5.5016,1.4563,1.4563,기간만료,기간만료,기간만료,기간만료,기간만료,기간만료,20일선이탈,20일선이탈
128940,한미약품,바이오,2024-09-10,2024-09-11,324500.0,8.75,-2.1572,0.9245,0.6163,4.0062,4.9307,-3.3898,-3.3898,-3.3898,기간만료,기간만료,기간만료,기간만료,기간만료,기간만료,20일선이탈,20일선이탈
128940,한미약품,바이오,2024-10-18,2024-10-21,347000.0,18.62,-0.4323,-5.3314,-8.2133,-8.2133,-8.2133,-8.2133,-8.2133,-8.2133,기간만료,기간만료,손절,손절,손절,손절,손절,손절
128940,한미약품,바이오,2025-04-30,2025-05-02,265000.0,10.88,-1.1321,-2.0755,-0.9434,2.8302,8.3019,8.8679,15.0943,14.9057,기간만료,기간만료,기간만료,기간만료,기간만료,기간만료,기간만료,기간만료
128940,한미약품,바이오,2025-05-09,2025-05-12,273000.0,-3.82,-0.1832,0.3663,5.1282,6.2271,5.8608,6.5934,13.7363,8.2418,기간만료,기간만료,기간만료,기간만료,기간만료,기간만료,기간만료,20일선이탈
128940,한미약품,바이오,2025-05-13,2025-05-14,274000.0,-4.44,4.7445,7.1168,5.8394,5.4745,5.6569,13.6861,8.2117,7.8467,기간만료,기간만료,기간만료,기간만료,기간만료,기간만료,기간만료,20일선이탈
128940,한미약품,바이오,2025-05-14,2025-05-15,287000.0,-8.08,2.2648,1.0453,0.5226,1.0453,1.3937,6.2718,2.0906,2.9617,기간만료,기간만료,기간만료,기간만료,기간만료,기간만료,기간만료,20일선이탈
128940,한미약품,바이오,2025-06-10,2025-06-11,319500.0,0.16,-0.313,-2.0344,-6.7293,-6.7293,-6.7293,-6.7293,-6.7293,-6.7293,기간만료,기간만료,손절,손절,손절,손절,손절,손절
128940,한미약품,바이오,2025-08-26,2025-08-27,298000.0,5.25,1.1745,2.349,1.8456,4.698,1.8456,-2.1812,-2.1812,-2.1812,기간만료,기간만료,기간만료,기간만료,기간만료,기간만료,20일선이탈,20일선이탈
128940,한미약품,바이오,2025-09-16,2025-09-17,322500.0,-3.15,-2.0155,12.4031,21.3953,21.0853,17.9845,12.5581,10.8527,7.907,기간만료,기간만료,기간만료,기간만료,기간만료,기간만료,기간만료,20일선이탈
128940,한미약품,바이오,2025-09-18,2025-09-22,362500.0,-4.16,8.0,9.1034,7.7241,4.9655,0.6897,-4.0,-3.4483,-3.4483,기간만료,기간만료,기간만료,기간만료,기간만료,기간만료,손절,손절
128940,한미약품,바이오,2025-09-23,2025-09-24,395500.0,-1.24,-1.2642,-5.5626,-5.5626,-5.5626,-5.5626,-5.5626,-5.5626,-5.5626,기간만료,손절,손절,손절,손절,손절,손절,손절
128940,한미약품,바이오,2025-10-27,2025-10-28,423500.0,-17.7,-3.4238,-5.4309,-5.4309,-5.4309,-5.4309,-5.4309,-5.4309,-5.4309,기간만료,손절,손절,손절,손절,손절,손절,손절
128940,한미약품,바이오,2025-10-31,2025-11-03,422500.0,-15.76,1.0651,11.0059,6.9822,6.0355,12.8994,13.0178,6.8639,6.3905,기간만료,기간만료,기간만료,기간만료,기간만료,기간만료,기간만료,20일선이탈
128940,한미약품,바이오,2025-11-04,2025-11-05,469000.0,-12.03,-3.6247,-8.1023,-8.1023,-8.1023,-8.1023,-8.1023,-8.1023,-8.1023,기간만료,손절,손절,손절,손절,손절,손절,손절
128940,한미약품,바이오,2025-12-11,2025-12-12,453000.0,-1.09,-2.3179,-0.1104,-2.8698,-2.8698,-2.8698,-2.8698,-2.8698,-2.8698,기간만료,기간만료,기간만료,20일선이탈,20일선이탈,20일선이탈,20일선이탈,20일선이탈
128940,한미약품,바이오,2026-01-23,2026-01-26,465500.0,-16.83,1.7186,2.2556,12.1375,1.6112,6.2299,19.8711,29.3233,26.9603,기간만료,기간만료,기간만료,기간만료,기간만료,기간만료,기간만료,기간만료
128940,한미약품,바이오,2026-01-28,2026-01-29,522000.0,-9.44,-5.0766,-9.387,-9.387,-9.387,-9.387,-9.387,-9.387,-9.387,기간만료,손절,손절,손절,손절,손절,손절,손절
128940,한미약품,바이오,2026-06-01,2026-06-02,553000.0,-39.71,-8.1374,-8.1374,-8.1374,-8.1374,-8.1374,-8.1374,-8.1374,-8.1374,손절,손절,손절,손절,손절,손절,손절,손절
326030,SK바이오팜,바이오,2020-09-02,2020-09-03,183500.0,6.01,-3.5422,5.1771,5.1771,5.7221,-4.9046,-4.9046,-4.9046,-4.9046,기간만료,기간만료,기간만료,기간만료,기간만료,20일선이탈,20일선이탈,20일선이탈
326030,SK바이오팜,바이오,2020-09-04,2020-09-07,193000.0,0.75,0.0,-4.4041,0.5181,-9.5855,-9.5855,-9.5855,-9.5855,-9.5855,기간만료,기간만료,기간만료,손절,손절,손절,손절,손절
326030,SK바이오팜,바이오,2020-11-04,2020-11-05,170500.0,1.19,0.2933,-0.2933,-0.2933,-1.173,-2.346,-1.4663,2.9326,4.9853,기간만료,기간만료,기간만료,기간만료,기간만료,기간만료,기간만료,기간만료
326030,SK바이오팜,바이오,2020-11-27,2020-11-30,192500.0,-3.19,-3.8961,-7.7922,-7.7922,-7.7922,-7.7922,-7.7922,-7.7922,-7.7922,기간만료,손절,손절,손절,손절,손절,손절,손절
326030,SK바이오팜,바이오,2020-12-18,2020-12-21,180000.0,-2.45,-2.7778,-3.8889,-3.8889,-3.8889,-3.8889,-3.8889,-3.8889,-3.8889,기간만료,기간만료,20일선이탈,20일선이탈,20일선이탈,20일선이탈,20일선이탈,20일선이탈
326030,SK바이오팜,바이오,2021-04-13,2021-04-14,114500.0,2.44,-2.1834,-1.7467,-3.0568,3.4934,1.31,0.0,-2.6201,-2.6201,기간만료,기간만료,기간만료,기간만료,기간만료,기간만료,20일선이탈,20일선이탈
326030,SK바이오팜,바이오,2021-06-08,2021-06-09,120500.0,3.08,-2.0747,0.4149,1.2448,-0.8299,5.3942,0.4149,3.7344,9.1286,기간만료,기간만료,기간만료,기간만료,기간만료,기간만료,기간만료,기간만료
326030,SK바이오팜,바이오,2021-07-02,2021-07-05,134500.0,10.81,-1.1152,-2.2305,-3.7175,-4.461,-4.0892,-4.0892,-4.0892,-4.0892,기간만료,기간만료,기간만료,기간만료,손절,손절,손절,손절
326030,SK바이오팜,바이오,2021-08-11,2021-08-12,128000.0,2.36,-2.7344,-5.0781,-5.0781,-5.0781,-5.0781,-5.0781,-5.0781,-5.0781,기간만료,손절,손절,손절,손절,손절,손절,손절
326030,SK바이오팜,바이오,2021-11-11,2021-11-12,101000.0,-2.61,-0.495,0.9901,2.9703,-1.1881,0.0,-3.4653,-3.4653,-3.4653,기간만료,기간만료,기간만료,기간만료,기간만료,기간만료,20일선이탈,20일선이탈
326030,SK바이오팜,바이오,2021-12-10,2021-12-13,106500.0,8.12,-5.6338,-4.6948,-3.7559,-6.8545,-6.8545,-6.8545,-6.8545,-6.8545,기간만료,기간만료,기간만료,손절,손절,손절,손절,손절
326030,SK바이오팜,바이오,2022-03-17,2022-03-18,92100.0,12.68,-0.2172,-2.2801,-2.4973,-2.063,-2.2801,-3.0402,-3.5831,-3.5831,기간만료,기간만료,기간만료,기간만료,기간만료,기간만료,20일선이탈,20일선이탈
326030,SK바이오팜,바이오,2022-08-05,2022-08-08,81200.0,0.08,-0.9852,1.2315,0.7389,-2.3399,-6.2808,-6.2808,-6.2808,-6.2808,기간만료,기간만료,기간만료,기간만료,손절,손절,손절,손절
326030,SK바이오팜,바이오,2022-11-15,2022-11-16,76800.0,3.13,-1.8229,-1.4323,0.1302,-7.2917,-7.2917,-7.2917,-7.2917,-7.2917,기간만료,기간만료,기간만료,손절,손절,손절,손절,손절
326030,SK바이오팜,바이오,2023-04-11,2023-04-12,68900.0,12.07,1.1611,11.611,10.3048,3.9187,1.1611,0.8708,-1.016,-1.016,기간만료,기간만료,기간만료,기간만료,기간만료,기간만료,20일선이탈,20일선이탈
326030,SK바이오팜,바이오,2023-04-13,2023-04-14,76900.0,16.51,-1.1704,-4.5514,-6.8921,-6.8921,-6.8921,-6.8921,-6.8921,-6.8921,기간만료,기간만료,손절,손절,손절,손절,손절,손절
326030,SK바이오팜,바이오,2023-06-13,2023-06-14,80800.0,-1.46,0.1238,-0.495,6.3119,3.3416,6.6832,1.9802,2.7228,-2.4752,기간만료,기간만료,기간만료,기간만료,기간만료,기간만료,기간만료,20일선이탈
326030,SK바이오팜,바이오,2023-06-16,2023-06-19,85900.0,-4.53,-0.4657,-2.7939,-1.2806,-1.7462,-4.0745,-4.0745,-4.0745,-4.0745,기간만료,기간만료,기간만료,기간만료,손절,손절,손절,손절
326030,SK바이오팜,바이오,2023-07-20,2023-07-21,85400.0,-3.37,0.3513,-1.2881,-4.3326,-2.5761,-4.8009,12.0609,16.8618,4.5667,기간만료,기간만료,기간만료,기간만료,기간만료,기간만료,기간만료,20일선이탈
326030,SK바이오팜,바이오,2023-08-01,2023-08-02,90000.0,0.9,2.8889,6.3333,6.3333,2.4444,10.8889,3.3333,-0.7778,-0.7778,기간만료,기간만료,기간만료,기간만료,기간만료,기간만료,20일선이탈,20일선이탈
326030,SK바이오팜,바이오,2023-08-03,2023-08-04,95700.0,7.16,0.0,-3.9707,-3.6573,4.2842,-1.5674,-6.6876,-6.6876,-6.6876,기간만료,기간만료,기간만료,기간만료,기간만료,손절,손절,손절
326030,SK바이오팜,바이오,2023-08-09,2023-08-10,98200.0,11.68,1.6293,-3.666,-4.0733,-9.0631,-9.0631,-9.0631,-9.0631,-9.0631,기간만료,기간만료,기간만료,손절,손절,손절,손절,손절
326030,SK바이오팜,바이오,2023-09-14,2023-09-15,92300.0,4.25,-1.8418,-1.3001,-3.1419,-6.5005,-6.5005,-6.5005,-6.5005,-6.5005,기간만료,기간만료,기간만료,손절,손절,손절,손절,손절
326030,SK바이오팜,바이오,2023-12-05,2023-12-06,91700.0,2.9,-2.072,-1.5267,-1.3086,-1.3086,-0.9815,0.0,6.6521,6.325,기간만료,기간만료,기간만료,기간만료,기간만료,기간만료,기간만료,기간만료
326030,SK바이오팜,바이오,2023-12-26,2023-12-27,98100.0,9.19,-0.3058,2.5484,5.3007,-2.4465,-1.8349,-1.4271,-4.6891,-4.6891,기간만료,기간만료,기간만료,기간만료,기간만료,기간만료,20일선이탈,20일선이탈
326030,SK바이오팜,바이오,2024-01-02,2024-01-03,103300.0,13.56,-0.484,-7.3572,-7.3572,-7.3572,-7.3572,-7.3572,-7.3572,-7.3572,기간만료,손절,손절,손절,손절,손절,손절,손절
326030,SK바이오팜,바이오,2024-02-29,2024-03-04,96800.0,3.92,-5.4752,-6.8182,-6.8182,-6.8182,-6.8182,-6.8182,-6.8182,-6.8182,기간만료,손절,손절,손절,손절,손절,손절,손절
326030,SK바이오팜,바이오,2024-07-17,2024-07-18,85500.0,9.92,-0.4678,0.5848,-0.2339,-0.2339,-1.6374,0.3509,-7.2515,-7.2515,기간만료,기간만료,기간만료,기간만료,기간만료,기간만료,손절,손절
326030,SK바이오팜,바이오,2024-08-08,2024-08-09,91000.0,22.07,3.5165,7.6923,7.033,18.9011,17.6923,20.8791,28.1319,14.2857,기간만료,기간만료,기간만료,기간만료,기간만료,기간만료,기간만료,20일선이탈
326030,SK바이오팜,바이오,2024-08-09,2024-08-12,94200.0,17.64,4.034,3.397,6.1571,15.7113,12.2081,16.4544,18.7898,10.4034,기간만료,기간만료,기간만료,기간만료,기간만료,기간만료,기간만료,20일선이탈
326030,SK바이오팜,바이오,2024-08-12,2024-08-13,98000.0,17.74,-0.6122,2.0408,10.4082,9.2857,5.102,10.6122,8.2653,6.1224,기간만료,기간만료,기간만료,기간만료,기간만료,기간만료,기간만료,20일선이탈
326030,SK바이오팜,바이오,2024-08-16,2024-08-19,108200.0,17.37,0.7394,-1.0166,-2.3105,1.6636,0.1848,7.7634,-3.8817,-3.8817,기간만료,기간만료,기간만료,기간만료,기간만료,기간만료,20일선이탈,20일선이탈
326030,SK바이오팜,바이오,2024-10-11,2024-10-14,120000.0,20.18,-0.1667,4.75,6.4167,3.3333,1.6667,-0.5833,-5.1667,-5.1667,기간만료,기간만료,기간만료,기간만료,기간만료,기간만료,기간만료,20일선이탈
326030,SK바이오팜,바이오,2024-10-15,2024-10-16,125700.0,18.58,1.5911,-0.716,-1.3524,-2.9435,-3.4208,-5.0915,-5.0915,-5.0915,기간만료,기간만료,기간만료,기간만료,기간만료,손절,손절,손절
326030,SK바이오팜,바이오,2025-01-07,2025-01-08,116000.0,6.35,0.8621,1.8966,-2.069,-3.8793,-3.1034,-5.1724,-5.1724,-5.1724,기간만료,기간만료,기간만료,기간만료,기간만료,손절,손절,손절
326030,SK바이오팜,바이오,2025-02-06,2025-02-07,125000.0,5.23,2.64,1.36,1.6,0.88,3.2,-6.64,-6.64,-6.64,기간만료,기간만료,기간만료,기간만료,기간만료,손절,손절,손절
326030,SK바이오팜,바이오,2025-07-10,2025-07-11,100200.0,-5.57,-1.8962,-3.3932,-2.0958,5.8882,2.0958,2.2954,-2.8942,-2.8942,기간만료,기간만료,기간만료,기간만료,기간만료,기간만료,기간만료,20일선이탈
326030,SK바이오팜,바이오,2025-07-17,2025-07-18,106100.0,7.97,-2.0735,-3.5815,-3.8643,-3.393,-5.7493,-5.7493,-5.7493,-5.7493,기간만료,기간만료,기간만료,기간만료,손절,손절,손절,손절
326030,SK바이오팜,바이오,2025-08-05,2025-08-06,108600.0,3.81,-5.9853,-5.9853,-5.9853,-5.9853,-5.9853,-5.9853,-5.9853,-5.9853,손절,손절,손절,손절,손절,손절,손절,손절
326030,SK바이오팜,바이오,2025-10-21,2025-10-22,107600.0,-16.29,-0.5576,-0.6506,0.5576,8.7361,6.4126,14.777,14.3123,18.5874,기간만료,기간만료,기간만료,기간만료,기간만료,기간만료,기간만료,기간만료
326030,SK바이오팜,바이오,2025-10-27,2025-10-28,116300.0,-17.7,0.6019,0.6019,-1.5477,3.2674,3.3534,2.1496,12.1238,11.006,기간만료,기간만료,기간만료,기간만료,기간만료,기간만료,기간만료,기간만료
326030,SK바이오팜,바이오,2025-11-12,2025-11-13,128700.0,-1.79,-2.0979,0.2331,1.3209,-1.554,1.2432,10.3341,4.9728,6.7599,기간만료,기간만료,기간만료,기간만료,기간만료,기간만료,기간만료,기간만료
326030,SK바이오팜,바이오,2025-11-26,2025-11-27,142000.0,13.87,1.1972,-1.338,-3.4507,-4.6479,-4.6479,-4.6479,-4.6479,-4.6479,기간만료,기간만료,기간만료,손절,손절,손절,손절,손절
326030,SK바이오팜,바이오,2026-05-12,2026-05-13,106200.0,-32.86,-6.4972,-6.4972,-6.4972,-6.4972,-6.4972,-6.4972,-6.4972,-6.4972,손절,손절,손절,손절,손절,손절,손절,손절
214450,파마리서치,바이오,2020-02-18,2020-02-19,44900.0,8.52,1.2249,-2.1158,-2.8953,-6.4588,-6.4588,-6.4588,-6.4588,-6.4588,기간만료,기간만료,기간만료,손절,손절,손절,손절,손절
214450,파마리서치,바이오,2020-02-19,2020-02-20,45450.0,9.21,-3.3003,-4.0704,-7.5908,-7.5908,-7.5908,-7.5908,-7.5908,-7.5908,기간만료,기간만료,손절,손절,손절,손절,손절,손절
214450,파마리서치,바이오,2020-03-03,2020-03-04,46900.0,11.6,2.7719,-1.5991,-3.1983,-5.7569,-5.7569,-5.7569,-5.7569,-5.7569,기간만료,기간만료,기간만료,손절,손절,손절,손절,손절
214450,파마리서치,바이오,2020-05-07,2020-05-08,46800.0,8.28,-2.9915,2.0299,1.1752,-0.3205,11.1111,16.0256,6.3034,17.3077,기간만료,기간만료,기간만료,기간만료,기간만료,기간만료,기간만료,기간만료
214450,파마리서치,바이오,2020-05-15,2020-05-18,50900.0,16.67,2.1611,1.1788,5.6974,5.8939,4.3222,3.1434,9.6267,16.6994,기간만료,기간만료,기간만료,기간만료,기간만료,기간만료,기간만료,기간만료
214450,파마리서치,바이오,2020-07-29,2020-07-30,63000.0,7.63,-2.5397,-5.2381,-5.2381,-5.2381,-5.2381,-5.2381,-5.2381,-5.2381,기간만료,손절,손절,손절,손절,손절,손절,손절
214450,파마리서치,바이오,2020-08-14,2020-08-18,64500.0,2.08,6.0465,16.8992,13.1783,9.9225,8.5271,8.2171,8.6822,4.031,기간만료,기간만료,기간만료,기간만료,기간만료,기간만료,기간만료,20일선이탈
214450,파마리서치,바이오,2020-08-18,2020-08-19,68400.0,0.7,10.2339,6.7251,-0.2924,2.193,2.7778,0.731,-1.9006,-1.9006,기간만료,기간만료,기간만료,기간만료,기간만료,기간만료,기간만료,20일선이탈
214450,파마리서치,바이오,2020-08-19,2020-08-20,75400.0,2.02,-3.183,-9.5491,-9.5491,-9.5491,-9.5491,-9.5491,-9.5491,-9.5491,기간만료,손절,손절,손절,손절,손절,손절,손절
214450,파마리서치,바이오,2021-01-20,2021-01-21,60700.0,-14.8,-0.1647,0.659,1.6474,-1.8122,2.4712,4.7776,6.9193,1.4827,기간만료,기간만료,기간만료,기간만료,기간만료,기간만료,기간만료,20일선이탈
214450,파마리서치,바이오,2021-02-01,2021-02-02,66500.0,-8.36,-1.0526,-4.3609,-7.3684,-7.3684,-7.3684,-7.3684,-7.3684,-7.3684,기간만료,기간만료,손절,손절,손절,손절,손절,손절
214450,파마리서치,바이오,2021-03-22,2021-03-23,63100.0,-2.02,5.2298,11.4105,9.3502,5.2298,5.0713,9.6672,11.7274,14.4216,기간만료,기간만료,기간만료,기간만료,기간만료,기간만료,기간만료,기간만료
214450,파마리서치,바이오,2021-03-23,2021-03-24,66400.0,-0.19,5.8735,3.9157,2.1084,1.2048,5.4217,3.9157,9.9398,9.9398,기간만료,기간만료,기간만료,기간만료,기간만료,기간만료,기간만료,기간만료
214450,파마리서치,바이오,2021-03-24,2021-03-25,70300.0,2.88,-1.8492,-3.5562,-5.5477,-5.5477,-5.5477,-5.5477,-5.5477,-5.5477,기간만료,기간만료,손절,손절,손절,손절,손절,손절
214450,파마리서치,바이오,2021-05-17,2021-05-18,76000.0,-4.1,3.2895,4.3421,3.0263,9.2105,10.5263,9.8684,11.3158,23.8158,기간만료,기간만료,기간만료,기간만료,기간만료,기간만료,기간만료,기간만료
214450,파마리서치,바이오,2021-05-18,2021-05-20,78500.0,-5.01,1.0191,-0.2548,3.949,5.7325,6.7516,4.9682,10.3185,19.3631,기간만료,기간만료,기간만료,기간만료,기간만료,기간만료,기간만료,기간만료
214450,파마리서치,바이오,2021-07-15,2021-07-16,90200.0,5.17,-3.4368,-5.4324,-5.4324,-5.4324,-5.4324,-5.4324,-5.4324,-5.4324,기간만료,기간만료,20일선이탈,20일선이탈,20일선이탈,20일선이탈,20일선이탈,20일선이탈
214450,파마리서치,바이오,2021-12-28,2021-12-29,83500.0,3.94,-0.9581,-1.7964,-5.7485,-8.1437,-8.1437,-8.1437,-8.1437,-8.1437,기간만료,기간만료,기간만료,손절,손절,손절,손절,손절
214450,파마리서치,바이오,2022-02-17,2022-02-18,85500.0,-1.26,-2.1053,1.7544,1.7544,1.9883,1.9883,0.7018,0.9357,6.6667,기간만료,기간만료,기간만료,기간만료,기간만료,기간만료,기간만료,기간만료
214450,파마리서치,바이오,2022-03-16,2022-03-17,92100.0,12.46,-1.7372,-0.1086,-0.9772,-0.4343,-0.4343,0.0,5.1031,4.3431,기간만료,기간만료,기간만료,기간만료,기간만료,기간만료,기간만료,기간만료
214450,파마리서치,바이오,2022-04-05,2022-04-06,96200.0,-1.71,0.6237,0.9356,2.9106,1.5593,-0.9356,0.4158,-2.079,-2.079,기간만료,기간만료,기간만료,기간만료,기간만료,기간만료,20일선이탈,20일선이탈
214450,파마리서치,바이오,2022-07-26,2022-07-27,71100.0,4.27,2.1097,0.9845,1.8284,-0.1406,0.1406,-2.9536,-2.9536,-2.9536,기간만료,기간만료,기간만료,기간만료,기간만료,기간만료,20일선이탈,20일선이탈
214450,파마리서치,바이오,2022-08-16,2022-08-17,71600.0,0.73,-0.6983,1.3966,-4.3296,-4.3296,-4.3296,-4.3296,-4.3296,-4.3296,기간만료,기간만료,기간만료,20일선이탈,20일선이탈,20일선이탈,20일선이탈,20일선이탈
214450,파마리서치,바이오,2022-10-24,2022-10-25,61300.0,2.42,-0.4894,-1.4682,-1.4682,0.6525,-1.7945,1.3051,2.447,7.0147,기간만료,기간만료,기간만료,기간만료,기간만료,기간만료,기간만료,기간만료
214450,파마리서치,바이오,2022-11-15,2022-11-16,64300.0,3.13,-0.1555,2.4883,2.4883,-0.4666,2.6439,-0.311,-0.311,-0.311,기간만료,기간만료,기간만료,기간만료,기간만료,20일선이탈,20일선이탈,20일선이탈
214450,파마리서치,바이오,2023-01-18,2023-01-19,71900.0,-2.02,0.0,7.6495,7.9277,4.7288,7.9277,6.2587,3.6161,4.3115,기간만료,기간만료,기간만료,기간만료,기간만료,기간만료,기간만료,20일선이탈
214450,파마리서치,바이오,2023-01-20,2023-01-25,77400.0,-5.53,0.2584,-2.0672,-2.7132,0.2584,1.0336,0.7752,-3.1008,-3.1008,기간만료,기간만료,기간만료,기간만료,기간만료,기간만료,20일선이탈,20일선이탈
214450,파마리서치,바이오,2023-03-03,2023-03-06,77000.0,-4.83,-2.3377,-2.3377,-2.3377,-2.3377,-2.3377,-2.3377,-2.3377,-2.3377,기간만료,20일선이탈,20일선이탈,20일선이탈,20일선이탈,20일선이탈,20일선이탈,20일선이탈
214450,파마리서치,바이오,2023-04-03,2023-04-04,75900.0,-1.35,13.834,18.3136,14.7563,12.1212,18.9723,29.3808,28.0632,35.4414,기간만료,기간만료,기간만료,기간만료,기간만료,기간만료,기간만료,기간만료
214450,파마리서치,바이오,2023-04-04,2023-04-05,86400.0,4.4,3.9352,0.8102,-0.1157,2.3148,4.9769,24.4213,14.0046,19.7917,기간만료,기간만료,기간만료,기간만료,기간만료,기간만료,기간만료,기간만료
214450,파마리서치,바이오,2023-04-05,2023-04-06,89800.0,7.08,-3.0067,-3.8976,-5.2339,0.5568,7.3497,14.2539,9.1314,12.3608,기간만료,기간만료,기간만료,기간만료,기간만료,기간만료,기간만료,기간만료
214450,파마리서치,바이오,2023-05-16,2023-05-17,114000.0,-3.23,4.386,5.2632,1.8421,1.2281,-0.8772,-0.614,9.6491,20.0877,기간만료,기간만료,기간만료,기간만료,기간만료,기간만료,기간만료,기간만료
214450,파마리서치,바이오,2023-08-04,2023-08-07,140100.0,8.59,0.2855,0.9993,0.4283,1.9986,-0.3569,0.9993,1.9986,0.7138,기간만료,기간만료,기간만료,기간만료,기간만료,기간만료,기간만료,20일선이탈
214450,파마리서치,바이오,2023-08-10,2023-08-11,155100.0,13.71,-7.8659,-4.7066,-4.7066,-4.7066,-4.7066,-4.7066,-4.7066,-4.7066,기간만료,손절,손절,손절,손절,손절,손절,손절
214450,파마리서치,바이오,2024-01-09,2024-01-10,114500.0,11.53,5.7642,4.6288,5.3275,3.5808,3.4061,-2.0087,-2.0087,-2.0087,기간만료,기간만료,기간만료,기간만료,기간만료,20일선이탈,20일선이탈,20일선이탈
214450,파마리서치,바이오,2024-01-10,2024-01-11,121100.0,13.26,-1.0735,-0.4129,-1.2386,-5.1197,-5.1197,-5.1197,-5.1197,-5.1197,기간만료,기간만료,기간만료,손절,손절,손절,손절,손절
214450,파마리서치,바이오,2024-03-25,2024-03-26,98000.0,12.82,0.4082,2.551,1.3265,12.2449,10.7143,12.6531,28.3673,20.102,기간만료,기간만료,기간만료,기간만료,기간만료,기간만료,기간만료,기간만료
214450,파마리서치,바이오,2024-04-01,2024-04-02,110000.0,8.74,-5.9091,-5.9091,-5.9091,-5.9091,-5.9091,-5.9091,-5.9091,-5.9091,손절,손절,손절,손절,손절,손절,손절,손절
214450,파마리서치,바이오,2024-04-05,2024-04-08,114500.0,-5.02,-3.5808,0.0873,11.3537,8.821,10.917,4.4541,0.8734,0.8734,기간만료,기간만료,기간만료,기간만료,기간만료,기간만료,20일선이탈,20일선이탈
214450,파마리서치,바이오,2024-04-11,2024-04-12,127500.0,-5.02,-0.8627,-2.2745,-1.3333,-1.0196,-6.1961,-7.6863,-7.6863,-7.6863,기간만료,기간만료,기간만료,기간만료,기간만료,손절,손절,손절
214450,파마리서치,바이오,2024-06-24,2024-06-25,150700.0,2.66,-0.3981,0.6636,3.1851,-0.1327,-7.7638,-7.7638,-7.7638,-7.7638,기간만료,기간만료,기간만료,기간만료,손절,손절,손절,손절
214450,파마리서치,바이오,2024-08-01,2024-08-02,146400.0,14.3,-5.7377,-5.7377,-5.7377,-5.7377,-5.7377,-5.7377,-5.7377,-5.7377,기간만료,20일선이탈,20일선이탈,20일선이탈,20일선이탈,20일선이탈,20일선이탈,20일선이탈
214450,파마리서치,바이오,2024-08-07,2024-08-08,169900.0,18.17,1.8835,1.1772,2.1778,8.6521,8.3579,4.7675,-0.0589,-0.0589,기간만료,기간만료,기간만료,기간만료,기간만료,기간만료,기간만료,20일선이탈
214450,파마리서치,바이오,2024-08-08,2024-08-09,173100.0,22.07,-0.6932,0.2889,0.6355,9.1854,5.9503,3.9861,-1.9064,-1.9064,기간만료,기간만료,기간만료,기간만료,기간만료,기간만료,20일선이탈,20일선이탈
214450,파마리서치,바이오,2024-09-06,2024-09-09,182100.0,6.18,-0.2746,7.084,2.4163,5.8759,11.4772,6.5349,12.0264,18.3416,기간만료,기간만료,기간만료,기간만료,기간만료,기간만료,기간만료,기간만료
214450,파마리서치,바이오,2025-04-10,2025-04-11,346000.0,7.49,6.7919,6.9364,4.9133,4.0462,3.9017,8.6705,14.1618,17.6301,기간만료,기간만료,기간만료,기간만료,기간만료,기간만료,기간만료,기간만료
214450,파마리서치,바이오,2025-07-08,2025-07-09,576000.0,-8.28,1.5625,-1.3889,-1.7361,1.7361,0.6944,0.8681,-5.5556,-5.5556,기간만료,기간만료,기간만료,기간만료,기간만료,기간만료,손절,손절
214450,파마리서치,바이오,2025-08-08,2025-08-11,665000.0,2.59,2.2556,1.6541,0.9023,2.2556,-1.3534,4.6617,-0.7519,-0.7519,기간만료,기간만료,기간만료,기간만료,기간만료,기간만료,기간만료,20일선이탈
214450,파마리서치,바이오,2026-01-02,2026-01-05,432000.0,-9.73,-0.9259,0.8102,3.7037,9.9537,2.1991,-1.5046,-1.7361,-1.7361,기간만료,기간만료,기간만료,기간만료,기간만료,기간만료,20일선이탈,20일선이탈
214450,파마리서치,바이오,2026-01-08,2026-01-09,479000.0,-1.93,-0.8351,-5.5324,-5.5324,-5.5324,-5.5324,-5.5324,-5.5324,-5.5324,기간만료,손절,손절,손절,손절,손절,손절,손절
214450,파마리서치,바이오,2026-01-22,2026-01-23,472000.0,-21.75,4.661,6.5678,6.5678,14.4068,-5.8263,-5.8263,-5.8263,-5.8263,기간만료,기간만료,기간만료,기간만료,손절,손절,손절,손절
214450,파마리서치,바이오,2026-04-24,2026-04-27,333000.0,-22.13,1.3514,-0.6006,-2.8529,-0.9009,-0.9009,-0.9009,-0.9009,-0.9009,기간만료,기간만료,기간만료,손절,손절,손절,손절,손절
214450,파마리서치,바이오,2026-05-04,2026-05-06,342000.0,-28.65,0.4386,0.4386,-0.1462,-8.1871,-8.1871,-8.1871,-8.1871,-8.1871,기간만료,기간만료,기간만료,손절,손절,손절,손절,손절
214450,파마리서치,바이오,2026-05-08,2026-05-11,341500.0,-29.36,-4.3924,-8.0527,-8.0527,-8.0527,-8.0527,-8.0527,-8.0527,-8.0527,기간만료,손절,손절,손절,손절,손절,손절,손절
214450,파마리서치,바이오,2026-06-25,2026-06-26,318500.0,-15.18,4.8666,9.5761,14.5997,14.7567,-2.3548,-2.1978,-2.1978,-2.1978,기간만료,기간만료,기간만료,기간만료,기간만료,기간만료,20일선이탈,20일선이탈
214450,파마리서치,바이오,2026-06-29,2026-06-30,349000.0,2.45,4.5845,3.2951,4.7278,-10.8883,-10.8883,-10.8883,-10.8883,-10.8883,기간만료,기간만료,기간만료,손절,손절,손절,손절,손절
214450,파마리서치,바이오,2026-06-30,2026-07-01,365000.0,0.31,-1.2329,0.137,-6.4384,-6.4384,-6.4384,-6.4384,-6.4384,-6.4384,기간만료,기간만료,손절,손절,손절,손절,손절,손절
145020,휴젤,바이오,2020-04-20,2020-04-21,134970.578125,7.41,-3.3584,-3.7594,-0.2506,-2.8822,-2.7569,-5.0877,-5.0877,-5.0877,기간만료,기간만료,기간만료,기간만료,기간만료,손절,손절,손절
145020,휴젤,바이오,2020-05-14,2020-05-15,132974.765625,14.16,3.9939,2.5184,2.3912,1.2465,0.5851,-3.1035,-3.1035,-3.1035,기간만료,기간만료,기간만료,기간만료,기간만료,기간만료,20일선이탈,20일선이탈
145020,휴젤,바이오,2020-06-18,2020-06-19,151850.34375,30.0,2.4727,11.3834,41.4569,19.5144,13.5665,6.8167,26.7097,12.8759,기간만료,기간만료,기간만료,기간만료,기간만료,기간만료,기간만료,기간만료
145020,휴젤,바이오,2020-06-19,2020-06-22,155605.171875,28.96,8.6956,38.0435,21.1957,7.6087,4.2609,5.9783,16.7391,10.1522,기간만료,기간만료,기간만료,기간만료,기간만료,기간만료,기간만료,20일선이탈
145020,휴젤,바이오,2020-06-22,2020-06-23,169136.046875,36.73,27.0,11.5,7.3,1.96,-4.08,-4.08,-4.08,-4.08,기간만료,기간만료,기간만료,기간만료,손절,손절,손절,손절
145020,휴젤,바이오,2020-06-24,2020-06-25,188586.703125,34.95,-3.7668,-11.2108,-11.2108,-11.2108,-11.2108,-11.2108,-11.2108,-11.2108,기간만료,손절,손절,손절,손절,손절,손절,손절
145020,휴젤,바이오,2020-08-12,2020-08-13,175563.21875,6.23,-2.4855,-9.8266,-9.8266,-9.8266,-9.8266,-9.8266,-9.8266,-9.8266,기간만료,손절,손절,손절,손절,손절,손절,손절
145020,휴젤,바이오,2020-10-22,2020-10-23,223158.109375,-8.68,-3.7744,-15.6435,-15.6435,-15.6435,-15.6435,-15.6435,-15.6435,-15.6435,기간만료,손절,손절,손절,손절,손절,손절,손절
145020,휴젤,바이오,2021-01-14,2021-01-15,220418.109375,-12.81,-1.5193,4.0976,4.0516,-1.8877,-5.0441,-7.7662,-7.7662,-7.7662,기간만료,기간만료,기간만료,기간만료,기간만료,손절,손절,손절
145020,휴젤,바이오,2021-04-13,2021-04-14,186000.0,2.44,-1.5054,-3.2796,2.6882,2.2043,4.5161,2.4731,-2.043,-2.043,기간만료,기간만료,기간만료,기간만료,기간만료,기간만료,20일선이탈,20일선이탈
145020,휴젤,바이오,2021-04-16,2021-04-19,191000.0,3.61,0.2618,-0.4712,0.4712,1.7277,-0.2094,-4.6073,-4.6073,-4.6073,기간만료,기간만료,기간만료,기간만료,기간만료,20일선이탈,20일선이탈,20일선이탈
145020,휴젤,바이오,2021-05-11,2021-05-12,200300.0,-6.3,2.9955,2.8457,2.7958,-2.7459,-2.8957,-6.3904,-6.3904,-6.3904,기간만료,기간만료,기간만료,기간만료,기간만료,손절,손절,손절
145020,휴젤,바이오,2021-05-12,2021-05-13,206300.0,-5.59,-0.1454,-0.1939,-3.0053,-5.5744,-5.5744,-5.5744,-5.5744,-5.5744,기간만료,기간만료,기간만료,손절,손절,손절,손절,손절
145020,휴젤,바이오,2021-06-04,2021-06-07,218100.0,2.73,0.8712,1.0087,11.1875,5.4562,14.1678,14.122,7.1068,10.6832,기간만료,기간만료,기간만료,기간만료,기간만료,기간만료,기간만료,기간만료
145020,휴젤,바이오,2021-06-09,2021-06-10,242500.0,3.85,-0.1237,-5.1546,-2.8866,3.7938,2.6392,-5.1134,-5.1134,-5.1134,기간만료,기간만료,기간만료,기간만료,기간만료,손절,손절,손절
145020,휴젤,바이오,2021-06-18,2021-06-21,248900.0,3.18,-4.9819,-4.9819,-4.9819,-4.9819,-4.9819,-4.9819,-4.9819,-4.9819,손절,손절,손절,손절,손절,손절,손절,손절
145020,휴젤,바이오,2021-07-15,2021-07-16,258700.0,5.17,0.6958,-0.1546,3.2083,-8.8133,-8.8133,-8.8133,-8.8133,-8.8133,기간만료,기간만료,기간만료,손절,손절,손절,손절,손절
145020,휴젤,바이오,2021-10-18,2021-10-19,184600.0,-2.64,-1.5168,-2.4919,-2.6544,-1.5168,0.8126,2.4919,-2.221,-24.4854,기간만료,기간만료,기간만료,기간만료,기간만료,기간만료,기간만료,손절
145020,휴젤,바이오,2022-03-24,2022-03-25,144300.0,6.31,-1.9404,-1.9404,-1.9404,-1.9404,-1.9404,-1.9404,-1.9404,-1.9404,기간만료,20일선이탈,20일선이탈,20일선이탈,20일선이탈,20일선이탈,20일선이탈,20일선이탈
145020,휴젤,바이오,2022-07-12,2022-07-13,119000.0,17.26,3.1092,1.1765,-2.521,8.7395,7.8151,9.6639,10.084,11.7647,기간만료,기간만료,기간만료,기간만료,기간만료,기간만료,기간만료,기간만료
145020,휴젤,바이오,2022-07-13,2022-07-14,122700.0,18.03,-1.8745,-5.4605,-5.4605,-5.4605,-5.4605,-5.4605,-5.4605,-5.4605,기간만료,손절,손절,손절,손절,손절,손절,손절
145020,휴젤,바이오,2022-07-20,2022-07-21,129000.0,7.54,-0.5426,-1.8605,1.5504,4.1085,3.5659,0.0,0.5426,0.5426,기간만료,기간만료,기간만료,기간만료,기간만료,기간만료,기간만료,20일선이탈
145020,휴젤,바이오,2022-10-26,2022-10-27,108800.0,3.4,2.9412,2.2059,2.7574,1.3787,0.0919,0.0919,0.0919,0.0919,기간만료,기간만료,기간만료,기간만료,20일선이탈,20일선이탈,20일선이탈,20일선이탈
145020,휴젤,바이오,2022-12-08,2022-12-09,126000.0,7.46,3.1746,3.9683,3.4127,0.4762,6.8254,10.1587,7.3016,2.6984,기간만료,기간만료,기간만료,기간만료,기간만료,기간만료,기간만료,20일선이탈
145020,휴젤,바이오,2022-12-09,2022-12-12,130000.0,8.45,0.7692,0.2308,-0.8462,0.7692,5.0,6.3077,5.3846,-0.4615,기간만료,기간만료,기간만료,기간만료,기간만료,기간만료,기간만료,20일선이탈
145020,휴젤,바이오,2022-12-21,2022-12-22,143300.0,6.41,-3.1403,-3.559,-1.2561,-4.1172,-5.6525,-5.6525,-5.6525,-5.6525,기간만료,기간만료,기간만료,기간만료,손절,손절,손절,손절
145020,휴젤,바이오,2023-04-04,2023-04-05,130500.0,4.4,-2.682,-0.8429,3.6782,3.2184,2.1456,-10.2682,-10.2682,-10.2682,기간만료,기간만료,기간만료,기간만료,기간만료,손절,손절,손절
145020,휴젤,바이오,2023-04-07,2023-04-10,135300.0,8.84,-2.439,-0.4435,-1.1826,-1.1086,-13.4516,-13.4516,-13.4516,-13.4516,기간만료,기간만료,기간만료,기간만료,손절,손절,손절,손절
145020,휴젤,바이오,2023-06-26,2023-06-27,114100.0,-0.89,-2.7169,-4.3821,-6.2226,-6.2226,-6.2226,-6.2226,-6.2226,-6.2226,기간만료,기간만료,손절,손절,손절,손절,손절,손절
145020,휴젤,바이오,2023-08-10,2023-08-11,118100.0,13.71,-2.1169,-1.7782,-4.149,3.5563,4.6571,-3.0483,-4.3184,-4.3184,기간만료,기간만료,기간만료,기간만료,기간만료,기간만료,20일선이탈,20일선이탈
145020,휴젤,바이오,2023-08-18,2023-08-21,122300.0,9.36,-0.4088,1.063,-5.9689,-5.9689,-5.9689,-5.9689,-5.9689,-5.9689,기간만료,기간만료,손절,손절,손절,손절,손절,손절
145020,휴젤,바이오,2023-08-22,2023-08-23,123600.0,9.72,-6.9579,-6.9579,-6.9579,-6.9579,-6.9579,-6.9579,-6.9579,-6.9579,손절,손절,손절,손절,손절,손절,손절,손절
145020,휴젤,바이오,2023-09-08,2023-09-11,122800.0,-5.39,-0.1629,-0.8143,1.0586,0.0,-0.3257,0.57,9.3648,16.7752,기간만료,기간만료,기간만료,기간만료,기간만료,기간만료,기간만료,기간만료
145020,휴젤,바이오,2023-10-04,2023-10-05,132900.0,10.07,1.0534,8.3521,3.386,8.2017,8.3521,4.1384,1.4296,1.4296,기간만료,기간만료,기간만료,기간만료,기간만료,기간만료,기간만료,20일선이탈
145020,휴젤,바이오,2023-11-13,2023-11-14,143300.0,1.55,4.4662,3.9079,2.3726,4.5359,11.2352,8.2345,8.1647,2.8611,기간만료,기간만료,기간만료,기간만료,기간만료,기간만료,기간만료,20일선이탈
145020,휴젤,바이오,2023-11-14,2023-11-15,149700.0,3.83,-0.5344,-2.004,-1.8036,4.008,5.678,3.2732,1.336,-1.5364,기간만료,기간만료,기간만료,기간만료,기간만료,기간만료,기간만료,20일선이탈
145020,휴젤,바이오,2024-02-14,2024-02-15,162900.0,-7.75,3.4377,4.911,3.4991,11.6022,12.0319,13.0141,22.6519,16.8815,기간만료,기간만료,기간만료,기간만료,기간만료,기간만료,기간만료,기간만료
145020,휴젤,바이오,2024-02-15,2024-02-16,168500.0,-7.91,1.4243,0.0593,6.5282,7.4184,6.9436,18.5757,17.5074,13.2344,기간만료,기간만료,기간만료,기간만료,기간만료,기간만료,기간만료,기간만료
145020,휴젤,바이오,2024-02-20,2024-02-21,179500.0,-3.71,1.2813,0.8357,1.6713,2.3955,11.3092,15.8774,6.4624,1.7827,기간만료,기간만료,기간만료,기간만료,기간만료,기간만료,기간만료,20일선이탈
145020,휴젤,바이오,2024-03-04,2024-03-05,202500.0,5.56,1.2346,2.716,-1.3333,-4.9383,-5.6296,-5.6296,-5.6296,-5.6296,기간만료,기간만료,기간만료,기간만료,손절,손절,손절,손절
145020,휴젤,바이오,2024-06-11,2024-06-12,240000.0,4.48,-1.6667,-3.9583,-7.5,-7.5,-7.5,-7.5,-7.5,-7.5,기간만료,기간만료,손절,손절,손절,손절,손절,손절
145020,휴젤,바이오,2024-07-24,2024-07-25,240000.0,14.25,1.0417,0.0,3.5417,2.2917,-3.5417,-7.9167,-7.9167,-7.9167,기간만료,기간만료,기간만료,기간만료,기간만료,손절,손절,손절
145020,휴젤,바이오,2024-08-07,2024-08-08,250000.0,18.17,4.4,4.4,3.4,7.4,15.6,12.0,8.0,3.4,기간만료,기간만료,기간만료,기간만료,기간만료,기간만료,기간만료,20일선이탈
145020,휴젤,바이오,2024-10-11,2024-10-14,260000.0,20.18,6.5385,9.6154,9.6154,8.8462,7.5,4.2308,1.5385,1.5385,기간만료,기간만료,기간만료,기간만료,기간만료,기간만료,기간만료,20일선이탈
145020,휴젤,바이오,2024-10-15,2024-10-16,285000.0,18.58,0.0,2.9825,-0.7018,-1.9298,-6.6667,-6.6667,-6.6667,-6.6667,기간만료,기간만료,기간만료,기간만료,손절,손절,손절,손절
145020,휴젤,바이오,2024-11-06,2024-11-07,313000.0,9.89,-6.5495,-6.5495,-6.5495,-6.5495,-6.5495,-6.5495,-6.5495,-6.5495,손절,손절,손절,손절,손절,손절,손절,손절
145020,휴젤,바이오,2025-02-14,2025-02-17,292500.0,5.84,-1.8803,-3.2479,-3.5897,5.1282,8.2051,2.906,8.547,13.5043,기간만료,기간만료,기간만료,기간만료,기간만료,기간만료,기간만료,기간만료
145020,휴젤,바이오,2025-02-21,2025-02-24,307500.0,5.07,-0.6504,2.9268,4.7154,-2.1138,2.2764,3.252,7.9675,6.6667,기간만료,기간만료,기간만료,기간만료,기간만료,기간만료,기간만료,기간만료
145020,휴젤,바이오,2025-08-07,2025-08-08,365500.0,0.52,-2.052,-3.2832,-8.8919,-8.8919,-8.8919,-8.8919,-8.8919,-8.8919,기간만료,기간만료,손절,손절,손절,손절,손절,손절
145020,휴젤,바이오,2025-12-17,2025-12-18,246000.0,-6.36,-2.8455,-3.8618,-3.8618,-3.8618,-3.8618,-3.8618,-3.8618,-3.8618,기간만료,손절,손절,손절,손절,손절,손절,손절
145020,휴젤,바이오,2026-01-16,2026-01-19,244500.0,-16.17,-3.0675,-5.1125,-6.7485,-6.7485,-6.7485,-6.7485,-6.7485,-6.7485,기간만료,기간만료,손절,손절,손절,손절,손절,손절
145020,휴젤,바이오,2026-01-22,2026-01-23,260000.0,-21.75,5.3846,7.8846,6.7308,14.0385,6.7308,-6.7308,-6.7308,-6.7308,기간만료,기간만료,기간만료,기간만료,기간만료,기간만료,20일선이탈,20일선이탈
145020,휴젤,바이오,2026-01-26,2026-01-27,280500.0,-9.5,-1.0695,8.5561,5.7041,-1.0695,-5.7041,-5.7041,-5.7041,-5.7041,기간만료,기간만료,기간만료,기간만료,손절,손절,손절,손절
145020,휴젤,바이오,2026-05-08,2026-05-11,292500.0,-29.36,-0.3419,-2.2222,-4.2735,-3.7607,-10.9402,-10.9402,-10.9402,-10.9402,기간만료,기간만료,기간만료,기간만료,손절,손절,손절,손절
005380,현대차,자동차,2020-05-19,2020-05-20,98000.0,-2.87,0.6122,-0.9184,-3.1633,0.7143,-1.7347,8.1633,13.2653,1.1224,기간만료,기간만료,기간만료,기간만료,기간만료,기간만료,기간만료,20일선이탈
005380,현대차,자동차,2020-07-15,2020-07-16,110500.0,-0.82,-0.905,8.1448,10.4072,7.2398,10.8597,14.9321,23.5294,58.371,기간만료,기간만료,기간만료,기간만료,기간만료,기간만료,기간만료,기간만료
005380,현대차,자동차,2020-07-17,2020-07-20,119500.0,4.02,2.0921,2.0921,-0.8368,2.5105,2.5105,5.8577,26.7782,36.8201,기간만료,기간만료,기간만료,기간만료,기간만료,기간만료,기간만료,기간만료
005380,현대차,자동차,2020-07-20,2020-07-21,122000.0,5.54,0.0,-2.8689,1.2295,2.0492,4.0984,6.1475,40.5738,29.5082,기간만료,기간만료,기간만료,기간만료,기간만료,기간만료,기간만료,기간만료
005380,현대차,자동차,2020-07-23,2020-07-24,123500.0,2.76,-0.8097,0.8097,-0.8097,3.6437,4.8583,17.8138,38.4615,27.5304,기간만료,기간만료,기간만료,기간만료,기간만료,기간만료,기간만료,기간만료
005380,현대차,자동차,2020-08-10,2020-08-11,171500.0,16.99,1.4577,2.0408,-0.2915,-7.8717,-7.8717,-7.8717,-7.8717,-7.8717,기간만료,기간만료,기간만료,손절,손절,손절,손절,손절
005380,현대차,자동차,2020-12-03,2020-12-04,198000.0,8.03,-1.2626,-3.5354,-5.0505,-5.0505,-5.0505,-5.0505,-5.0505,-5.0505,기간만료,기간만료,손절,손절,손절,손절,손절,손절
005380,현대차,자동차,2021-01-04,2021-01-05,207000.0,-1.44,1.2077,-0.4831,16.1836,27.2947,21.256,17.8744,25.8454,16.9082,기간만료,기간만료,기간만료,기간만료,기간만료,기간만료,기간만료,20일선이탈
005380,현대차,자동차,2021-01-08,2021-01-11,256500.0,3.9,2.729,1.1696,-2.1442,-7.4074,-7.4074,-7.4074,-7.4074,-7.4074,기간만료,기간만료,기간만료,손절,손절,손절,손절,손절
005380,현대차,자동차,2021-01-11,2021-01-12,263500.0,4.22,-1.518,-4.7438,-4.3643,-9.8672,-9.8672,-9.8672,-9.8672,-9.8672,기간만료,기간만료,기간만료,손절,손절,손절,손절,손절
005380,현대차,자동차,2021-04-02,2021-04-05,236000.0,0.05,-0.4237,-3.178,-2.9661,-3.3898,-4.0254,-4.0254,-4.0254,-4.0254,기간만료,기간만료,기간만료,기간만료,20일선이탈,20일선이탈,20일선이탈,20일선이탈
005380,현대차,자동차,2021-11-22,2021-11-23,219000.0,-4.92,-1.5982,-2.968,-4.3379,-4.3379,-4.3379,-4.3379,-4.3379,-4.3379,기간만료,기간만료,기간만료,20일선이탈,20일선이탈,20일선이탈,20일선이탈,20일선이탈
005380,현대차,자동차,2022-04-26,2022-04-27,184000.0,7.63,2.1739,1.6304,0.0,-0.2717,-1.9022,-2.9891,-2.9891,-2.9891,기간만료,기간만료,기간만료,기간만료,기간만료,20일선이탈,20일선이탈,20일선이탈
005380,현대차,자동차,2023-04-12,2023-04-13,199000.0,3.25,0.2513,-1.809,-3.1658,-3.0151,-4.2211,1.2563,1.005,4.0201,기간만료,기간만료,기간만료,기간만료,기간만료,기간만료,기간만료,기간만료
005380,현대차,자동차,2023-04-25,2023-04-26,205500.0,10.84,-1.9465,-1.2165,-3.4063,-2.6764,-1.7032,0.7299,0.2433,-0.4866,기간만료,기간만료,기간만료,기간만료,기간만료,기간만료,기간만료,기간만료
005380,현대차,자동차,2023-12-15,2023-12-18,192800.0,-3.18,-0.4668,-0.0519,2.4378,3.9938,3.112,-0.4149,-1.4004,-1.4004,기간만료,기간만료,기간만료,기간만료,기간만료,기간만료,20일선이탈,20일선이탈
005380,현대차,자동차,2023-12-20,2023-12-21,197500.0,-0.82,1.2658,1.519,0.6076,2.2785,-2.7848,-3.7468,-3.7468,-3.7468,기간만료,기간만료,기간만료,기간만료,기간만료,20일선이탈,20일선이탈,20일선이탈
005380,현대차,자동차,2024-01-29,2024-01-30,196000.0,2.23,-3.4184,-1.0714,13.0102,19.3878,23.9796,27.551,21.9388,25.7653,기간만료,기간만료,기간만료,기간만료,기간만료,기간만료,기간만료,기간만료
005380,현대차,자동차,2024-01-31,2024-02-01,193900.0,5.09,14.2341,20.4229,20.6808,25.3223,26.3538,30.7375,22.4858,29.706,기간만료,기간만료,기간만료,기간만료,기간만료,기간만료,기간만료,기간만료
005380,현대차,자동차,2024-02-01,2024-02-02,221500.0,6.71,5.4176,5.6433,7.9007,13.3183,12.8668,12.8668,7.9007,11.5124,기간만료,기간만료,기간만료,기간만료,기간만료,기간만료,기간만료,기간만료
005380,현대차,자동차,2024-02-02,2024-02-05,233500.0,9.83,0.2141,2.3555,4.0685,4.9251,3.4261,3.6403,0.2141,8.137,기간만료,기간만료,기간만료,기간만료,기간만료,기간만료,기간만료,기간만료
005380,현대차,자동차,2024-02-05,2024-02-06,234000.0,10.98,2.1368,3.8462,7.265,6.8376,8.3333,2.1368,5.3419,7.4786,기간만료,기간만료,기간만료,기간만료,기간만료,기간만료,기간만료,기간만료
005380,현대차,자동차,2024-05-22,2024-05-23,273500.0,1.63,-1.8282,-2.1938,-3.1079,-4.7532,-5.1188,-5.1188,-5.1188,-5.1188,기간만료,기간만료,기간만료,기간만료,손절,손절,손절,손절
005380,현대차,자동차,2025-01-10,2025-01-13,225500.0,1.88,-1.9956,-1.5521,-1.1086,-6.4302,-6.4302,-6.4302,-6.4302,-6.4302,기간만료,기간만료,기간만료,손절,손절,손절,손절,손절
005380,현대차,자동차,2025-03-25,2025-03-26,224000.0,3.51,-4.0179,-7.1429,-7.1429,-7.1429,-7.1429,-7.1429,-7.1429,-7.1429,기간만료,손절,손절,손절,손절,손절,손절,손절
005380,현대차,자동차,2025-06-09,2025-06-10,201000.0,-11.17,-0.9453,0.2488,-0.796,0.7463,4.2289,2.7363,1.4925,2.9851,기간만료,기간만료,기간만료,기간만료,기간만료,기간만료,기간만료,기간만료
005380,현대차,자동차,2025-06-25,2025-06-26,214500.0,-6.74,-1.6317,-4.662,-4.8951,-4.8951,-4.8951,-4.8951,-4.8951,-4.8951,기간만료,기간만료,손절,손절,손절,손절,손절,손절
005380,현대차,자동차,2025-07-23,2025-07-24,221000.0,3.87,-2.7149,0.2262,-1.5837,5.4299,-4.9774,-4.9774,-4.9774,-4.9774,기간만료,기간만료,기간만료,기간만료,기간만료,20일선이탈,20일선이탈,20일선이탈
005380,현대차,자동차,2025-10-02,2025-10-10,219000.0,-16.13,-2.0548,-2.0548,-2.0548,-2.0548,-2.0548,-2.0548,-2.0548,-2.0548,기간만료,20일선이탈,20일선이탈,20일선이탈,20일선이탈,20일선이탈,20일선이탈,20일선이탈
005380,현대차,자동차,2025-10-16,2025-10-17,241000.0,-12.18,4.3568,4.5643,9.9585,5.1867,5.1867,13.4855,8.2988,13.0705,기간만료,기간만료,기간만료,기간만료,기간만료,기간만료,기간만료,기간만료
005380,현대차,자동차,2025-10-21,2025-10-22,265000.0,-3.32,-3.2075,-4.3396,-4.3396,-3.9623,-3.9623,-3.9623,-3.9623,-3.9623,기간만료,기간만료,기간만료,손절,손절,손절,손절,손절
005380,현대차,자동차,2025-10-30,2025-10-31,273500.0,-5.01,8.7751,4.7532,-1.2797,-4.5704,-0.3656,-0.3656,-0.5484,-0.5484,기간만료,기간만료,기간만료,기간만료,기간만료,기간만료,20일선이탈,20일선이탈
005380,현대차,자동차,2025-10-31,2025-11-03,297500.0,-2.03,-3.6975,-9.2437,-9.2437,-9.2437,-9.2437,-9.2437,-9.2437,-9.2437,기간만료,손절,손절,손절,손절,손절,손절,손절
005380,현대차,자동차,2025-12-04,2025-12-05,282000.0,17.76,13.8298,9.2199,7.9787,6.0284,5.1418,1.2411,0.8865,0.8865,기간만료,기간만료,기간만료,기간만료,기간만료,기간만료,기간만료,20일선이탈
005380,현대차,자동차,2025-12-05,2025-12-08,321000.0,19.41,-4.0498,-5.1402,-5.296,-5.296,-5.296,-5.296,-5.296,-5.296,기간만료,기간만료,손절,손절,손절,손절,손절,손절
005380,현대차,자동차,2026-01-07,2026-01-08,361000.0,-14.38,-3.3241,-3.3241,-3.3241,-3.3241,-3.3241,-3.3241,-3.3241,-3.3241,손절,손절,손절,손절,손절,손절,손절,손절
005380,현대차,자동차,2026-01-13,2026-01-14,406500.0,-6.13,0.738,4.92,3.321,15.1292,30.3813,24.2312,23.4932,19.0652,기간만료,기간만료,기간만료,기간만료,기간만료,기간만료,기간만료,20일선이탈
005380,현대차,자동차,2026-01-19,2026-01-20,494000.0,0.84,-5.2632,18.6235,7.2874,-4.251,1.417,-1.417,-2.0243,-2.0243,기간만료,기간만료,기간만료,기간만료,기간만료,기간만료,손절,손절
005380,현대차,자동차,2026-01-21,2026-01-22,586000.0,5.78,-9.5563,-9.5563,-9.5563,-9.5563,-9.5563,-9.5563,-9.5563,-9.5563,손절,손절,손절,손절,손절,손절,손절,손절
005380,현대차,자동차,2026-04-28,2026-04-29,565000.0,-16.6,-1.5929,-3.5398,-3.5398,-3.5398,-3.5398,-3.5398,-3.5398,-3.5398,기간만료,손절,손절,손절,손절,손절,손절,손절
005380,현대차,자동차,2026-05-08,2026-05-11,631000.0,-16.34,6.6561,1.7433,14.7385,9.0333,-4.7544,-2.6941,-2.6941,-2.6941,기간만료,기간만료,기간만료,기간만료,기간만료,손절,손절,손절
005380,현대차,자동차,2026-05-13,2026-05-14,724000.0,-12.24,0.1381,-4.9724,-8.7017,-8.7017,-8.7017,-8.7017,-8.7017,-8.7017,기간만료,기간만료,손절,손절,손절,손절,손절,손절
000270,기아,자동차,2020-05-19,2020-05-20,31300.0,-2.87,-0.1597,-2.0767,-3.5144,1.9169,1.9169,18.3706,17.2524,4.4728,기간만료,기간만료,기간만료,기간만료,기간만료,기간만료,기간만료,20일선이탈
000270,기아,자동차,2020-05-29,2020-06-01,33900.0,4.92,1.1799,9.292,11.2094,9.882,8.2596,0.59,-3.5398,-3.5398,기간만료,기간만료,기간만료,기간만료,기간만료,기간만료,손절,손절
000270,기아,자동차,2020-08-10,2020-08-11,47000.0,16.99,-2.0213,-2.6596,-4.3617,-5.6383,-5.6383,-5.6383,-5.6383,-5.6383,기간만료,기간만료,기간만료,손절,손절,손절,손절,손절
000270,기아,자동차,2020-09-16,2020-09-17,47200.0,6.98,2.6483,0.6356,1.589,-4.7669,-4.7669,-4.7669,-4.7669,-4.7669,기간만료,기간만료,기간만료,기간만료,손절,손절,손절,손절
000270,기아,자동차,2020-09-17,2020-09-18,48450.0,14.82,-1.9608,-1.032,-2.8896,-7.2239,-7.2239,-7.2239,-7.2239,-7.2239,기간만료,기간만료,기간만료,손절,손절,손절,손절,손절
000270,기아,자동차,2020-10-27,2020-10-28,52600.0,2.19,0.3802,-0.3802,-3.6122,-2.0913,-0.9506,3.6122,11.4068,13.6882,기간만료,기간만료,기간만료,기간만료,기간만료,기간만료,기간만료,기간만료
000270,기아,자동차,2021-01-04,2021-01-05,64100.0,-1.44,-0.624,-2.6521,-2.6521,-2.6521,-2.6521,-2.6521,-2.6521,-2.6521,기간만료,기간만료,20일선이탈,20일선이탈,20일선이탈,20일선이탈,20일선이탈,20일선이탈
000270,기아,자동차,2021-01-08,2021-01-11,70900.0,3.9,-2.6798,-0.8463,0.4231,-2.1157,35.402,21.2976,17.7715,33.1453,기간만료,기간만료,기간만료,기간만료,기간만료,기간만료,기간만료,기간만료
000270,기아,자동차,2021-01-11,2021-01-12,69000.0,4.22,1.8841,3.1884,7.3913,5.7971,25.6522,32.8986,30.4348,23.3333,기간만료,기간만료,기간만료,기간만료,기간만료,기간만료,기간만료,기간만료
000270,기아,자동차,2021-01-13,2021-01-14,71200.0,5.87,4.073,-2.5281,2.5281,21.7697,20.7865,22.7528,41.1517,21.2079,기간만료,기간만료,기간만료,기간만료,기간만료,기간만료,기간만료,20일선이탈
000270,기아,자동차,2021-01-19,2021-01-20,96000.0,11.03,-9.6875,-9.6875,-9.6875,-9.6875,-9.6875,-9.6875,-9.6875,-9.6875,손절,손절,손절,손절,손절,손절,손절,손절
000270,기아,자동차,2021-01-20,2021-01-21,86700.0,13.0,3.2295,-0.8074,5.767,0.8074,-3.6909,15.917,-0.4614,-0.4614,기간만료,기간만료,기간만료,기간만료,기간만료,기간만료,20일선이탈,20일선이탈
000270,기아,자동차,2021-02-03,2021-02-04,100500.0,19.1,-1.0945,-6.0697,-15.3234,-15.3234,-15.3234,-15.3234,-15.3234,-15.3234,기간만료,기간만료,손절,손절,손절,손절,손절,손절
000270,기아,자동차,2021-05-28,2021-05-31,85100.0,5.47,0.8226,2.2327,1.6451,5.8754,6.933,4.8179,2.8202,7.0505,기간만료,기간만료,기간만료,기간만료,기간만료,기간만료,기간만료,기간만료
000270,기아,자동차,2021-08-12,2021-08-13,86000.0,-1.07,-1.3953,-1.3953,-1.3953,-1.3953,-1.3953,-1.3953,-1.3953,-1.3953,기간만료,20일선이탈,20일선이탈,20일선이탈,20일선이탈,20일선이탈,20일선이탈,20일선이탈
000270,기아,자동차,2022-01-05,2022-01-06,85000.0,4.45,0.9412,1.2941,-0.5882,-0.5882,-0.5882,-0.5882,-0.5882,-0.5882,기간만료,기간만료,기간만료,20일선이탈,20일선이탈,20일선이탈,20일선이탈,20일선이탈
000270,기아,자동차,2022-04-06,2022-04-07,75500.0,2.96,0.2649,-0.3974,1.8543,2.9139,1.0596,6.2252,11.5232,10.1987,기간만료,기간만료,기간만료,기간만료,기간만료,기간만료,기간만료,기간만료
000270,기아,자동차,2022-04-11,2022-04-12,76900.0,4.6,-0.13,1.0403,-0.3901,1.8205,4.2913,6.502,8.9727,11.9636,기간만료,기간만료,기간만료,기간만료,기간만료,기간만료,기간만료,기간만료
000270,기아,자동차,2022-04-26,2022-04-27,82400.0,7.63,2.1845,1.335,1.335,0.4854,-0.1214,4.6117,0.3641,0.3641,기간만료,기간만료,기간만료,기간만료,기간만료,기간만료,기간만료,20일선이탈
000270,기아,자동차,2023-03-02,2023-03-03,78400.0,7.86,0.5102,0.1276,-2.0408,-1.4031,0.1276,-1.0204,-1.0204,-1.0204,기간만료,기간만료,기간만료,기간만료,기간만료,20일선이탈,20일선이탈,20일선이탈
000270,기아,자동차,2023-03-15,2023-03-16,78500.0,3.03,1.5287,1.9108,0.2548,-1.0191,-1.9108,-1.9108,-1.9108,-1.9108,기간만료,기간만료,기간만료,기간만료,기간만료,20일선이탈,20일선이탈,20일선이탈
000270,기아,자동차,2023-04-11,2023-04-12,86200.0,-0.45,-0.6961,0.8121,-1.2761,-3.9443,-3.3643,1.9722,0.0,4.4084,기간만료,기간만료,기간만료,기간만료,기간만료,기간만료,기간만료,기간만료
000270,기아,자동차,2023-12-15,2023-12-18,89900.0,-3.18,-0.2225,-0.4449,4.8943,6.8966,9.1212,3.4483,-0.1112,-0.1112,기간만료,기간만료,기간만료,기간만료,기간만료,기간만료,20일선이탈,20일선이탈
000270,기아,자동차,2023-12-20,2023-12-21,94300.0,-0.82,1.8028,1.9088,1.8028,4.9841,-1.3786,-4.772,-4.772,-4.772,기간만료,기간만료,기간만료,기간만료,기간만료,손절,손절,손절
000270,기아,자동차,2024-01-25,2024-01-26,94600.0,1.7,0.1057,6.7653,5.074,16.2791,22.1987,22.9387,22.1987,18.1818,기간만료,기간만료,기간만료,기간만료,기간만료,기간만료,기간만료,기간만료
000270,기아,자동차,2024-01-29,2024-01-30,101000.0,2.23,-1.5842,1.7822,8.9109,14.4554,11.5842,18.1188,15.6436,11.4851,기간만료,기간만료,기간만료,기간만료,기간만료,기간만료,기간만료,20일선이탈
000270,기아,자동차,2024-01-31,2024-02-01,102800.0,5.09,7.0039,16.3424,12.4514,9.6304,12.4514,12.4514,12.8405,9.5331,기간만료,기간만료,기간만료,기간만료,기간만료,기간만료,기간만료,20일선이탈
000270,기아,자동차,2024-02-01,2024-02-02,110000.0,6.71,8.7273,5.0909,1.8182,5.7273,8.4545,5.0909,1.6364,2.3636,기간만료,기간만료,기간만료,기간만료,기간만료,기간만료,기간만료,20일선이탈
000270,기아,자동차,2024-02-02,2024-02-05,119600.0,9.83,-3.3445,-6.3545,-6.3545,-6.3545,-6.3545,-6.3545,-6.3545,-6.3545,기간만료,손절,손절,손절,손절,손절,손절,손절
000270,기아,자동차,2025-01-09,2025-01-10,104000.0,1.46,0.6731,0.6731,2.4038,-1.5385,-2.4038,-2.4038,-2.4038,-2.4038,기간만료,기간만료,기간만료,기간만료,20일선이탈,20일선이탈,20일선이탈,20일선이탈
000270,기아,자동차,2025-06-25,2025-06-26,100700.0,-6.74,-0.993,-3.7736,-3.6743,-0.2979,-1.7875,-0.7944,-0.6951,-1.4896,기간만료,기간만료,기간만료,기간만료,기간만료,기간만료,기간만료,20일선이탈
000270,기아,자동차,2025-07-23,2025-07-24,107200.0,3.87,-2.0522,-0.8396,-2.7052,5.1306,-6.0634,-6.0634,-6.0634,-6.0634,기간만료,기간만료,기간만료,기간만료,손절,손절,손절,손절
000270,기아,자동차,2025-10-16,2025-10-17,110800.0,-12.18,5.5957,3.9711,6.8592,4.6029,2.9783,5.5957,1.5343,1.5343,기간만료,기간만료,기간만료,기간만료,기간만료,기간만료,20일선이탈,20일선이탈
000270,기아,자동차,2025-10-31,2025-11-03,120700.0,-2.03,-3.3969,-5.2196,-5.2196,-5.2196,-5.2196,-5.2196,-5.2196,-5.2196,기간만료,손절,손절,손절,손절,손절,손절,손절
000270,기아,자동차,2025-12-05,2025-12-08,125300.0,19.41,-0.5587,-1.1971,-0.5587,-0.3192,-2.7135,-2.8731,-5.3472,-5.3472,기간만료,기간만료,기간만료,기간만료,기간만료,기간만료,20일선이탈,20일선이탈
000270,기아,자동차,2026-01-07,2026-01-08,131000.0,-14.38,-3.5115,3.8168,-0.229,9.0076,15.8779,31.9847,17.5573,19.6183,기간만료,기간만료,기간만료,기간만료,기간만료,기간만료,기간만료,기간만료
000270,기아,자동차,2026-01-13,2026-01-14,139600.0,-6.13,2.2923,13.1805,8.7393,14.6848,16.1891,11.1032,11.1032,10.1003,기간만료,기간만료,기간만료,기간만료,기간만료,기간만료,기간만료,20일선이탈
000270,기아,자동차,2026-01-14,2026-01-15,142800.0,-4.74,10.6443,6.3025,21.8487,21.0784,9.8039,7.8431,9.7339,7.6331,기간만료,기간만료,기간만료,기간만료,기간만료,기간만료,기간만료,20일선이탈
000270,기아,자동차,2026-01-15,2026-01-16,158000.0,-3.56,-3.9241,10.1266,1.3291,2.6582,-5.5063,-2.5316,-2.5316,-2.5316,기간만료,기간만료,기간만료,기간만료,기간만료,손절,손절,손절
000270,기아,자동차,2026-01-19,2026-01-20,174000.0,0.84,-7.9885,-7.9885,-7.9885,-7.9885,-7.9885,-7.9885,-7.9885,-7.9885,손절,손절,손절,손절,손절,손절,손절,손절
000270,기아,자동차,2026-01-21,2026-01-22,172900.0,5.78,-6.1885,-9.3117,-9.3117,-9.3117,-9.3117,-9.3117,-9.3117,-9.3117,기간만료,손절,손절,손절,손절,손절,손절,손절
000270,기아,자동차,2026-02-25,2026-02-26,197400.0,-8.15,1.1145,-6.2817,-15.0963,-15.0963,-15.0963,-15.0963,-15.0963,-15.0963,기간만료,기간만료,손절,손절,손절,손절,손절,손절
000270,기아,자동차,2026-05-08,2026-05-11,170400.0,-16.34,3.1103,-2.2887,6.8662,-0.939,-9.8592,-9.8592,-9.8592,-9.8592,기간만료,기간만료,기간만료,기간만료,손절,손절,손절,손절
000270,기아,자동차,2026-05-11,2026-05-12,175700.0,-16.35,-5.2362,3.6426,1.4229,-7.9681,-7.9681,-7.9681,-7.9681,-7.9681,기간만료,기간만료,기간만료,손절,손절,손절,손절,손절
012330,현대모비스,자동차,2020-07-15,2020-07-16,216500.0,-0.82,-1.6166,2.5404,2.3095,-3.2333,-6.0046,-6.0046,-6.0046,-6.0046,기간만료,기간만료,기간만료,기간만료,손절,손절,손절,손절
012330,현대모비스,자동차,2020-08-10,2020-08-11,239000.0,16.99,-2.7197,-3.1381,-4.3933,-7.9498,-7.9498,-7.9498,-7.9498,-7.9498,기간만료,기간만료,기간만료,손절,손절,손절,손절,손절
012330,현대모비스,자동차,2020-10-20,2020-10-21,236500.0,0.75,-3.5941,-1.2685,-1.2685,2.1142,-0.4228,-4.0169,-4.0169,-4.0169,기간만료,기간만료,기간만료,기간만료,기간만료,20일선이탈,20일선이탈,20일선이탈
012330,현대모비스,자동차,2020-12-14,2020-12-15,260000.0,0.41,0.5769,-2.3077,-3.6538,-4.8077,-5.7692,-5.7692,-5.7692,-5.7692,기간만료,기간만료,기간만료,기간만료,손절,손절,손절,손절
012330,현대모비스,자동차,2021-01-04,2021-01-05,287000.0,-1.44,0.5226,-0.3484,24.9129,19.8606,14.4599,14.2857,22.1254,9.5819,기간만료,기간만료,기간만료,기간만료,기간만료,기간만료,기간만료,20일선이탈
012330,현대모비스,자동차,2021-01-07,2021-01-08,358500.0,-2.84,2.7894,-4.0446,-8.0893,-8.0893,-8.0893,-8.0893,-8.0893,-8.0893,기간만료,기간만료,손절,손절,손절,손절,손절,손절
012330,현대모비스,자동차,2021-01-08,2021-01-11,368500.0,3.9,-6.6486,-10.5834,-10.5834,-10.5834,-10.5834,-10.5834,-10.5834,-10.5834,기간만료,손절,손절,손절,손절,손절,손절,손절
012330,현대모비스,자동차,2021-04-08,2021-04-09,313000.0,0.84,-2.2364,-3.3546,-2.8754,-1.4377,-2.8754,-4.4728,-4.4728,-4.4728,기간만료,기간만료,기간만료,기간만료,기간만료,20일선이탈,20일선이탈,20일선이탈
012330,현대모비스,자동차,2022-01-06,2022-01-07,272500.0,5.7,-1.6514,-4.0367,-5.1376,-5.1376,-5.1376,-5.1376,-5.1376,-5.1376,기간만료,기간만료,손절,손절,손절,손절,손절,손절
012330,현대모비스,자동차,2022-05-31,2022-06-02,215500.0,2.3,0.464,-0.232,0.464,1.6241,-4.8724,-3.9443,-3.9443,-3.9443,기간만료,기간만료,기간만료,기간만료,기간만료,20일선이탈,20일선이탈,20일선이탈
012330,현대모비스,자동차,2022-10-28,2022-10-31,221500.0,-8.01,-0.9029,-1.5801,-2.2573,-0.4515,-0.9029,-0.6772,-3.8375,-3.8375,기간만료,기간만료,기간만료,기간만료,기간만료,기간만료,20일선이탈,20일선이탈
012330,현대모비스,자동차,2023-03-02,2023-03-03,218500.0,7.86,-0.2288,0.4577,-1.1442,-0.6865,-0.9153,-1.373,-1.373,-1.373,기간만료,기간만료,기간만료,기간만료,기간만료,20일선이탈,20일선이탈,20일선이탈
012330,현대모비스,자동차,2023-03-09,2023-03-10,217000.0,5.37,0.0,-0.2304,-0.6912,-0.6912,-0.6912,-0.6912,-0.6912,-0.6912,기간만료,기간만료,기간만료,20일선이탈,20일선이탈,20일선이탈,20일선이탈,20일선이탈
012330,현대모비스,자동차,2023-04-11,2023-04-12,224500.0,-0.45,2.6726,3.3408,2.4499,0.2227,0.8909,5.5679,-2.0045,-2.0045,기간만료,기간만료,기간만료,기간만료,기간만료,기간만료,20일선이탈,20일선이탈
012330,현대모비스,자동차,2023-04-12,2023-04-13,230500.0,3.25,0.6508,-0.2169,-1.0846,-1.3015,0.6508,-4.5553,-4.5553,-4.5553,기간만료,기간만료,기간만료,기간만료,기간만료,기간만료,20일선이탈,20일선이탈
012330,현대모비스,자동차,2023-07-14,2023-07-17,248500.0,5.29,-1.6097,-3.0181,-1.8109,-1.8109,-3.8229,-4.6278,-4.6278,-4.6278,기간만료,기간만료,기간만료,기간만료,기간만료,손절,손절,손절
012330,현대모비스,자동차,2024-02-01,2024-02-02,222000.0,6.71,6.7568,3.1532,0.2252,4.955,4.5045,9.9099,5.6306,12.3874,기간만료,기간만료,기간만료,기간만료,기간만료,기간만료,기간만료,기간만료
012330,현대모비스,자동차,2024-02-02,2024-02-05,237000.0,9.83,-3.3755,-6.1181,-6.1181,-6.1181,-6.1181,-6.1181,-6.1181,-6.1181,기간만료,손절,손절,손절,손절,손절,손절,손절
012330,현대모비스,자동차,2024-03-14,2024-03-15,265000.0,-2.84,1.6981,0.0,-2.8302,-0.1887,-2.2642,-1.3208,-2.8302,-2.8302,기간만료,기간만료,기간만료,기간만료,기간만료,기간만료,20일선이탈,20일선이탈
012330,현대모비스,자동차,2024-06-14,2024-06-17,238000.0,2.19,-0.4202,-1.2605,0.2101,-1.0504,3.7815,5.042,1.0504,0.0,기간만료,기간만료,기간만료,기간만료,기간만료,기간만료,기간만료,20일선이탈
012330,현대모비스,자동차,2024-10-16,2024-10-17,240000.0,0.4,1.6667,2.2917,0.4167,3.125,7.7083,2.5,-0.4167,-0.4167,기간만료,기간만료,기간만료,기간만료,기간만료,기간만료,기간만료,20일선이탈
012330,현대모비스,자동차,2024-10-25,2024-10-28,258500.0,-1.54,-3.0948,-4.2553,-4.8356,-3.8685,-4.8356,-4.8356,-4.8356,-4.8356,기간만료,기간만료,기간만료,기간만료,손절,손절,손절,손절
012330,현대모비스,자동차,2025-01-24,2025-01-31,266000.0,-2.36,-2.8195,-0.5639,-5.0752,-5.0752,-5.0752,-5.0752,-5.0752,-5.0752,기간만료,기간만료,손절,손절,손절,손절,손절,손절
012330,현대모비스,자동차,2025-05-28,2025-05-29,255000.0,-10.13,1.7647,-1.7647,-1.7647,-1.7647,-1.7647,-1.7647,-1.7647,-1.7647,기간만료,기간만료,20일선이탈,20일선이탈,20일선이탈,20일선이탈,20일선이탈,20일선이탈
012330,현대모비스,자동차,2025-05-29,2025-05-30,259500.0,-9.8,-3.4682,-3.4682,-3.4682,-3.4682,-3.4682,-3.4682,-3.4682,-3.4682,기간만료,20일선이탈,20일선이탈,20일선이탈,20일선이탈,20일선이탈,20일선이탈,20일선이탈
012330,현대모비스,자동차,2025-06-09,2025-06-10,281500.0,-11.17,-0.5329,1.0657,1.0657,1.7762,5.5062,1.7762,2.1314,4.4405,기간만료,기간만료,기간만료,기간만료,기간만료,기간만료,기간만료,기간만료
012330,현대모비스,자동차,2025-06-11,2025-06-12,284500.0,-12.52,0.0,0.703,0.703,4.3937,0.1757,3.5149,4.9209,10.1933,기간만료,기간만료,기간만료,기간만료,기간만료,기간만료,기간만료,기간만료
012330,현대모비스,자동차,2025-06-18,2025-06-19,297000.0,-11.84,-0.6734,-4.0404,-3.5354,-3.5354,-3.5354,-3.5354,-3.5354,-3.5354,기간만료,기간만료,손절,손절,손절,손절,손절,손절
012330,현대모비스,자동차,2025-08-29,2025-09-01,320000.0,5.4,0.4687,0.7812,0.4687,1.0938,-2.0312,-2.9687,-3.5937,-3.5937,기간만료,기간만료,기간만료,기간만료,기간만료,기간만료,20일선이탈,20일선이탈
012330,현대모비스,자동차,2025-10-31,2025-11-03,313000.0,-2.03,-4.3131,-4.3131,-4.3131,-4.3131,-4.3131,-4.3131,-4.3131,-4.3131,기간만료,20일선이탈,20일선이탈,20일선이탈,20일선이탈,20일선이탈,20일선이탈,20일선이탈
012330,현대모비스,자동차,2025-12-04,2025-12-05,347500.0,17.76,6.4748,3.4532,3.3094,4.1727,5.3237,2.3022,1.5827,5.8993,기간만료,기간만료,기간만료,기간만료,기간만료,기간만료,기간만료,기간만료
012330,현대모비스,자동차,2025-12-05,2025-12-08,370000.0,19.41,-2.8378,-2.973,0.0,-0.5405,-3.3784,-0.8108,-1.7568,9.3243,기간만료,기간만료,기간만료,기간만료,기간만료,기간만료,기간만료,기간만료
012330,현대모비스,자동차,2026-01-07,2026-01-08,404500.0,-14.38,-1.2361,3.3375,-0.4944,9.7651,6.6749,22.8677,11.3721,7.5402,기간만료,기간만료,기간만료,기간만료,기간만료,기간만료,기간만료,20일선이탈
012330,현대모비스,자동차,2026-01-13,2026-01-14,448000.0,-6.13,-0.8929,0.2232,-3.683,-2.7902,-0.2232,4.0179,-2.9018,-2.9018,기간만료,기간만료,기간만료,기간만료,기간만료,기간만료,20일선이탈,20일선이탈
012330,현대모비스,자동차,2026-01-21,2026-01-22,497000.0,5.78,-10.0604,-10.0604,-10.0604,-10.0604,-10.0604,-10.0604,-10.0604,-10.0604,손절,손절,손절,손절,손절,손절,손절,손절
012330,현대모비스,자동차,2026-02-26,2026-02-27,507000.0,-6.3,0.9862,-13.7081,-13.7081,-13.7081,-13.7081,-13.7081,-13.7081,-13.7081,기간만료,손절,손절,손절,손절,손절,손절,손절
012330,현대모비스,자동차,2026-05-08,2026-05-11,535000.0,-16.34,11.215,5.4206,27.1028,14.3925,-0.5607,26.1682,42.6168,17.757,기간만료,기간만료,기간만료,기간만료,기간만료,기간만료,기간만료,20일선이탈
012330,현대모비스,자동차,2026-05-11,2026-05-12,595000.0,-16.35,-5.2101,-5.2101,-5.2101,-5.2101,-5.2101,-5.2101,-5.2101,-5.2101,손절,손절,손절,손절,손절,손절,손절,손절
012330,현대모비스,자동차,2026-05-13,2026-05-14,680000.0,-12.24,-1.3235,-10.0,-10.0,-10.0,-10.0,-10.0,-10.0,-10.0,기간만료,손절,손절,손절,손절,손절,손절,손절
204320,HL만도,자동차,2020-05-19,2020-05-20,26100.0,-2.87,2.4904,0.9579,-2.682,6.1303,0.3831,6.3218,7.6628,-4.023,기간만료,기간만료,기간만료,기간만료,기간만료,기간만료,기간만료,20일선이탈
204320,HL만도,자동차,2020-07-15,2020-07-16,24300.0,-0.82,0.2058,1.8519,0.6173,-2.4691,-4.5267,-4.321,-4.321,-4.321,기간만료,기간만료,기간만료,기간만료,기간만료,20일선이탈,20일선이탈,20일선이탈
204320,HL만도,자동차,2020-07-30,2020-07-31,27200.0,8.67,2.3897,0.5515,4.7794,14.7059,23.7132,15.625,4.7794,4.7794,기간만료,기간만료,기간만료,기간만료,기간만료,기간만료,20일선이탈,20일선이탈
204320,HL만도,자동차,2020-08-10,2020-08-11,33650.0,16.99,-1.3373,-1.4859,-6.5379,-6.5379,-6.5379,-6.5379,-6.5379,-6.5379,기간만료,기간만료,손절,손절,손절,손절,손절,손절
204320,HL만도,자동차,2020-08-25,2020-08-26,30100.0,15.81,-0.4983,-3.4884,-3.4884,-3.4884,-3.4884,-3.4884,-3.4884,-3.4884,기간만료,기간만료,20일선이탈,20일선이탈,20일선이탈,20일선이탈,20일선이탈,20일선이탈
204320,HL만도,자동차,2020-09-14,2020-09-15,33600.0,4.52,0.0,0.744,5.2083,10.4167,4.4643,5.6548,12.2024,4.3155,기간만료,기간만료,기간만료,기간만료,기간만료,기간만료,기간만료,기간만료
204320,HL만도,자동차,2020-09-17,2020-09-18,35350.0,14.82,0.7072,4.9505,1.5559,-4.9505,-4.9505,-4.9505,-4.9505,-4.9505,기간만료,기간만료,기간만료,손절,손절,손절,손절,손절
204320,HL만도,자동차,2020-11-02,2020-11-03,38000.0,1.97,2.1053,0.0,1.5789,0.9211,2.7632,16.0526,21.0526,28.9474,기간만료,기간만료,기간만료,기간만료,기간만료,기간만료,기간만료,기간만료
204320,HL만도,자동차,2020-11-13,2020-11-16,45900.0,6.7,-3.9216,-5.5556,-5.5556,-5.5556,-5.5556,-5.5556,-5.5556,-5.5556,기간만료,손절,손절,손절,손절,손절,손절,손절
204320,HL만도,자동차,2020-12-23,2020-12-24,59400.0,0.24,-3.1987,0.1684,-0.6734,5.3872,11.2795,34.3434,22.3906,32.4916,기간만료,기간만료,기간만료,기간만료,기간만료,기간만료,기간만료,기간만료
204320,HL만도,자동차,2021-01-08,2021-01-11,81000.0,3.9,-1.4815,-5.0617,-7.9012,-7.9012,-7.9012,-7.9012,-7.9012,-7.9012,기간만료,기간만료,손절,손절,손절,손절,손절,손절
204320,HL만도,자동차,2021-01-11,2021-01-12,79800.0,4.22,-3.6341,-6.5163,-6.7669,-6.7669,-6.7669,-6.7669,-6.7669,-6.7669,기간만료,기간만료,손절,손절,손절,손절,손절,손절
204320,HL만도,자동차,2021-02-03,2021-02-04,78000.0,19.1,-2.4359,-10.641,-10.641,-10.641,-10.641,-10.641,-10.641,-10.641,기간만료,손절,손절,손절,손절,손절,손절,손절
204320,HL만도,자동차,2021-03-12,2021-03-15,66200.0,-3.3,0.7553,0.0,5.5891,11.4804,3.6254,-0.3021,-2.4169,-2.4169,기간만료,기간만료,기간만료,기간만료,기간만료,기간만료,20일선이탈,20일선이탈
204320,HL만도,자동차,2021-03-18,2021-03-19,70700.0,0.33,4.3847,1.9802,-2.9703,-5.5163,-5.5163,-5.5163,-5.5163,-5.5163,기간만료,기간만료,기간만료,손절,손절,손절,손절,손절
204320,HL만도,자동차,2021-06-04,2021-06-07,71400.0,9.48,0.2801,1.2605,-5.1821,-9.3838,-9.3838,-9.3838,-9.3838,-9.3838,기간만료,기간만료,기간만료,손절,손절,손절,손절,손절
204320,HL만도,자동차,2021-06-07,2021-06-08,71600.0,13.73,0.9777,-5.4469,-9.6369,-9.6369,-9.6369,-9.6369,-9.6369,-9.6369,기간만료,기간만료,손절,손절,손절,손절,손절,손절
204320,HL만도,자동차,2021-08-02,2021-08-03,64000.0,-3.61,1.0938,-0.1563,0.625,-0.625,-2.1875,-1.5625,-3.125,-3.125,기간만료,기간만료,기간만료,기간만료,기간만료,기간만료,20일선이탈,20일선이탈
204320,HL만도,자동차,2021-10-13,2021-10-14,63200.0,3.62,-0.4747,-1.5823,0.0,-0.6329,-1.4241,2.057,-0.7911,-3.0063,기간만료,기간만료,기간만료,기간만료,기간만료,기간만료,기간만료,기간만료
204320,HL만도,자동차,2021-12-24,2021-12-27,62900.0,4.99,-0.4769,0.159,0.159,3.4976,4.4515,-2.3847,-2.3847,-2.3847,기간만료,기간만료,기간만료,기간만료,기간만료,기간만료,20일선이탈,20일선이탈
204320,HL만도,자동차,2022-01-04,2022-01-05,65100.0,2.96,-0.768,0.9217,1.5361,-5.6836,-5.6836,-5.6836,-5.6836,-5.6836,기간만료,기간만료,기간만료,손절,손절,손절,손절,손절
204320,HL만도,자동차,2022-03-29,2022-03-30,50100.0,-2.08,0.0,-0.1996,0.998,-2.5948,0.0,-0.5988,8.982,7.1856,기간만료,기간만료,기간만료,기간만료,기간만료,기간만료,기간만료,기간만료
204320,HL만도,자동차,2022-07-11,2022-07-12,49400.0,1.71,0.6073,3.2389,3.4413,6.2753,9.3117,13.7652,16.8016,12.9555,기간만료,기간만료,기간만료,기간만료,기간만료,기간만료,기간만료,기간만료
204320,HL만도,자동차,2023-02-28,2023-03-02,47850.0,7.85,3.4483,8.4639,5.5381,0.8359,-0.5225,-0.5225,-0.5225,-0.5225,기간만료,기간만료,기간만료,기간만료,기간만료,20일선이탈,20일선이탈,20일선이탈
204320,HL만도,자동차,2023-03-02,2023-03-03,49500.0,7.86,4.8485,2.0202,-3.2323,-3.1313,-3.8384,-3.8384,-3.8384,-3.8384,기간만료,기간만료,기간만료,기간만료,20일선이탈,20일선이탈,20일선이탈,20일선이탈
204320,HL만도,자동차,2023-03-03,2023-03-06,51900.0,8.59,-2.6975,-7.7071,-7.7071,-7.7071,-7.7071,-7.7071,-7.7071,-7.7071,기간만료,손절,손절,손절,손절,손절,손절,손절
204320,HL만도,자동차,2023-04-12,2023-04-13,49500.0,3.25,-1.0101,-2.3232,-4.0404,-5.5556,-5.5556,-5.5556,-5.5556,-5.5556,기간만료,기간만료,기간만료,손절,손절,손절,손절,손절
204320,HL만도,자동차,2023-04-24,2023-04-25,49300.0,8.68,1.0142,-3.0426,-5.6795,-5.6795,-5.6795,-5.6795,-5.6795,-5.6795,기간만료,기간만료,손절,손절,손절,손절,손절,손절
204320,HL만도,자동차,2023-06-15,2023-06-16,49400.0,-4.85,1.0121,-1.417,-1.2146,3.0364,4.251,6.2753,7.4899,5.0607,기간만료,기간만료,기간만료,기간만료,기간만료,기간만료,기간만료,기간만료
204320,HL만도,자동차,2023-06-21,2023-06-22,51600.0,-2.51,-1.3566,-2.3256,-0.1938,3.1008,4.6512,2.907,1.7442,0.5814,기간만료,기간만료,기간만료,기간만료,기간만료,기간만료,기간만료,20일선이탈
204320,HL만도,자동차,2023-12-20,2023-12-21,38200.0,-0.82,0.6545,0.6545,1.178,2.8796,0.2618,0.0,0.0,-3.1414,기간만료,기간만료,기간만료,기간만료,기간만료,기간만료,기간만료,20일선이탈
204320,HL만도,자동차,2024-02-02,2024-02-05,37550.0,9.83,-3.5952,-12.9161,-12.9161,-12.9161,-12.9161,-12.9161,-12.9161,-12.9161,기간만료,손절,손절,손절,손절,손절,손절,손절
204320,HL만도,자동차,2024-04-29,2024-04-30,39050.0,7.5,0.8963,0.2561,0.5122,1.6645,-1.1524,-4.2254,-5.5058,-5.5058,기간만료,기간만료,기간만료,기간만료,기간만료,기간만료,손절,손절
204320,HL만도,자동차,2024-04-30,2024-05-02,39400.0,9.1,-0.6345,-0.3807,-1.1421,-1.0152,-2.665,-5.0761,-5.0761,-5.0761,기간만료,기간만료,기간만료,기간만료,기간만료,손절,손절,손절
204320,HL만도,자동차,2024-05-27,2024-05-28,43050.0,1.39,-1.0453,-3.0197,1.8583,2.5552,13.8211,9.8722,4.2973,-0.813,기간만료,기간만료,기간만료,기간만료,기간만료,기간만료,기간만료,20일선이탈
204320,HL만도,자동차,2024-06-05,2024-06-07,49000.0,2.98,-3.7755,-4.0816,-3.4694,-9.7959,-9.7959,-9.7959,-9.7959,-9.7959,기간만료,기간만료,기간만료,손절,손절,손절,손절,손절
204320,HL만도,자동차,2024-09-25,2024-09-26,35450.0,3.18,2.3977,3.385,2.6798,8.0395,4.6544,7.1932,2.5388,2.5388,기간만료,기간만료,기간만료,기간만료,기간만료,기간만료,20일선이탈,20일선이탈
204320,HL만도,자동차,2024-10-24,2024-10-25,39850.0,-0.86,-4.6424,-2.7604,-8.9084,-8.9084,-8.9084,-8.9084,-8.9084,-8.9084,기간만료,기간만료,손절,손절,손절,손절,손절,손절
204320,HL만도,자동차,2024-11-18,2024-11-19,42050.0,9.3,-2.0214,3.2105,-4.0428,-3.4483,-10.107,-10.107,-10.107,-10.107,기간만료,기간만료,기간만료,기간만료,손절,손절,손절,손절
204320,HL만도,자동차,2025-01-14,2025-01-15,45000.0,4.78,0.5556,-1.6667,1.1111,0.3333,-4.4444,-6.8889,-6.8889,-6.8889,기간만료,기간만료,기간만료,기간만료,기간만료,손절,손절,손절
204320,HL만도,자동차,2025-02-07,2025-02-10,44350.0,-1.38,-1.6911,-0.5637,2.7057,3.2694,3.9459,-1.5784,-1.1274,-1.1274,기간만료,기간만료,기간만료,기간만료,기간만료,기간만료,20일선이탈,20일선이탈
204320,HL만도,자동차,2025-07-23,2025-07-24,36600.0,3.87,-2.1858,-1.3661,-3.2787,1.9126,-6.4208,-6.4208,-6.4208,-6.4208,기간만료,기간만료,기간만료,기간만료,20일선이탈,20일선이탈,20일선이탈,20일선이탈
204320,HL만도,자동차,2025-10-17,2025-10-20,36150.0,-9.85,1.7981,3.8728,1.2448,1.7981,2.6279,9.1286,0.8299,0.8299,기간만료,기간만료,기간만료,기간만료,기간만료,기간만료,기간만료,20일선이탈
204320,HL만도,자동차,2025-11-19,2025-11-20,38900.0,1.61,-0.2571,3.2134,8.3548,10.2828,27.2494,42.6735,41.9023,33.6761,기간만료,기간만료,기간만료,기간만료,기간만료,기간만료,기간만료,기간만료
204320,HL만도,자동차,2025-11-24,2025-11-25,42150.0,9.85,0.1186,1.7794,7.1174,26.2159,31.6726,34.9941,29.3001,34.0451,기간만료,기간만료,기간만료,기간만료,기간만료,기간만료,기간만료,기간만료
204320,HL만도,자동차,2025-11-28,2025-12-01,49500.0,10.33,7.4747,5.2525,12.1212,23.2323,12.9293,4.6465,10.9091,17.9798,기간만료,기간만료,기간만료,기간만료,기간만료,기간만료,기간만료,기간만료
204320,HL만도,자동차,2025-12-01,2025-12-02,53200.0,13.64,-2.0677,4.3233,4.8872,6.9549,3.7594,2.4436,6.203,11.6541,기간만료,기간만료,기간만료,기간만료,기간만료,기간만료,기간만료,기간만료
204320,HL만도,자동차,2025-12-03,2025-12-04,55500.0,15.34,0.5405,9.9099,2.5225,-0.5405,-3.4234,-3.4234,-3.4234,-3.4234,기간만료,기간만료,기간만료,기간만료,손절,손절,손절,손절
204320,HL만도,자동차,2025-12-04,2025-12-05,55800.0,17.76,9.319,1.9713,0.1792,-3.9427,-3.9427,-3.9427,-3.9427,-3.9427,기간만료,기간만료,기간만료,손절,손절,손절,손절,손절
204320,HL만도,자동차,2025-12-05,2025-12-08,61000.0,19.41,-6.7213,-8.3607,-8.3607,-8.3607,-8.3607,-8.3607,-8.3607,-8.3607,기간만료,손절,손절,손절,손절,손절,손절,손절
204320,HL만도,자동차,2026-01-02,2026-01-05,64100.0,-4.2,-3.1201,-3.1201,-3.1201,-3.1201,-3.1201,-3.1201,-3.1201,-3.1201,손절,손절,손절,손절,손절,손절,손절,손절
204320,HL만도,자동차,2026-01-13,2026-01-14,62200.0,-6.13,-2.2508,3.0547,5.4662,-0.9646,7.5563,6.5916,0.8039,0.8039,기간만료,기간만료,기간만료,기간만료,기간만료,기간만료,20일선이탈,20일선이탈
204320,HL만도,자동차,2026-01-21,2026-01-22,74000.0,5.78,-9.5946,-9.5946,-9.5946,-9.5946,-9.5946,-9.5946,-9.5946,-9.5946,손절,손절,손절,손절,손절,손절,손절,손절
204320,HL만도,자동차,2026-04-27,2026-04-28,57800.0,-16.48,2.4221,2.4221,0.519,0.346,6.0554,10.2076,-7.4394,-7.4394,기간만료,기간만료,기간만료,기간만료,기간만료,기간만료,손절,손절
204320,HL만도,자동차,2026-05-08,2026-05-11,61300.0,-16.34,4.0783,-3.0995,3.9152,0.6525,-12.7243,-12.7243,-12.7243,-12.7243,기간만료,기간만료,기간만료,기간만료,손절,손절,손절,손절
204320,HL만도,자동차,2026-05-11,2026-05-12,63800.0,-16.35,-6.8966,-6.8966,-6.8966,-6.8966,-6.8966,-6.8966,-6.8966,-6.8966,손절,손절,손절,손절,손절,손절,손절,손절
204320,HL만도,자동차,2026-05-13,2026-05-14,63700.0,-12.24,-0.9419,-3.1397,-8.6342,-8.6342,-8.6342,-8.6342,-8.6342,-8.6342,기간만료,기간만료,손절,손절,손절,손절,손절,손절
204320,HL만도,자동차,2026-06-15,2026-06-16,72200.0,-2.49,3.0471,0.831,-5.4017,-10.8033,-10.8033,-10.8033,-10.8033,-10.8033,기간만료,기간만료,기간만료,손절,손절,손절,손절,손절
204320,HL만도,자동차,2026-06-16,2026-06-17,74400.0,-9.79,-2.1505,-8.1989,-8.1989,-8.1989,-8.1989,-8.1989,-8.1989,-8.1989,기간만료,손절,손절,손절,손절,손절,손절,손절
018880,한온시스템,자동차,2020-02-11,2020-02-12,11300.0,1.9,0.4425,-2.2124,-2.2124,-1.3274,-3.9823,-4.8673,-4.8673,-4.8673,기간만료,기간만료,기간만료,기간만료,기간만료,20일선이탈,20일선이탈,20일선이탈
018880,한온시스템,자동차,2020-05-29,2020-06-01,9460.0,4.92,2.8541,8.8795,8.8795,9.408,9.408,6.7653,1.5856,1.5856,기간만료,기간만료,기간만료,기간만료,기간만료,기간만료,20일선이탈,20일선이탈
018880,한온시스템,자동차,2020-07-07,2020-07-08,9830.0,-6.63,2.7467,2.238,-2.645,-2.238,-3.3571,-3.3571,-3.3571,-3.3571,기간만료,기간만료,기간만료,기간만료,기간만료,20일선이탈,20일선이탈,20일선이탈
018880,한온시스템,자동차,2020-07-30,2020-07-31,9990.0,8.67,0.6006,-3.1031,-1.8018,4.1041,10.6106,34.1341,34.6346,33.6336,기간만료,기간만료,기간만료,기간만료,기간만료,기간만료,기간만료,기간만료
018880,한온시스템,자동차,2020-08-12,2020-08-13,12150.0,14.72,10.2881,4.5267,2.8807,4.5267,7.8189,6.9959,0.0,5.3498,기간만료,기간만료,기간만료,기간만료,기간만료,기간만료,기간만료,20일선이탈
018880,한온시스템,자동차,2020-08-13,2020-08-14,13400.0,15.12,-5.2239,-6.7164,-6.7164,-6.7164,-6.7164,-6.7164,-6.7164,-6.7164,기간만료,손절,손절,손절,손절,손절,손절,손절
018880,한온시스템,자동차,2020-09-17,2020-09-18,13350.0,14.82,-5.2434,-5.2434,-5.2434,-5.2434,-5.2434,-5.2434,-5.2434,-5.2434,손절,손절,손절,손절,손절,손절,손절,손절
018880,한온시스템,자동차,2020-09-21,2020-09-22,13100.0,15.11,-5.7252,-5.7252,-5.7252,-5.7252,-5.7252,-5.7252,-5.7252,-5.7252,손절,손절,손절,손절,손절,손절,손절,손절
018880,한온시스템,자동차,2020-11-11,2020-11-12,13450.0,3.53,-1.1152,1.487,-0.7435,1.8587,12.6394,16.3569,21.5613,22.3048,기간만료,기간만료,기간만료,기간만료,기간만료,기간만료,기간만료,기간만료
018880,한온시스템,자동차,2020-11-19,2020-11-20,15500.0,8.97,-2.2581,-0.9677,3.871,-1.6129,-0.9677,9.6774,2.2581,3.5484,기간만료,기간만료,기간만료,기간만료,기간만료,기간만료,기간만료,기간만료
018880,한온시스템,자동차,2020-12-01,2020-12-02,16500.0,4.95,-0.9091,3.0303,-6.0606,-5.1515,-5.1515,-5.1515,-5.1515,-5.1515,기간만료,기간만료,기간만료,손절,손절,손절,손절,손절
018880,한온시스템,자동차,2020-12-23,2020-12-24,16150.0,0.24,-1.2384,-2.4768,-1.2384,1.548,0.6192,11.1455,9.5975,15.7895,기간만료,기간만료,기간만료,기간만료,기간만료,기간만료,기간만료,기간만료
018880,한온시스템,자동차,2021-01-08,2021-01-11,18550.0,3.9,-3.2345,-3.2345,-3.2345,-3.2345,-3.2345,-3.2345,-3.2345,-3.2345,손절,손절,손절,손절,손절,손절,손절,손절
018880,한온시스템,자동차,2021-03-22,2021-03-23,18550.0,0.13,0.0,-3.504,-4.3127,-4.3127,-4.3127,-4.3127,-4.3127,-4.3127,기간만료,기간만료,손절,손절,손절,손절,손절,손절
018880,한온시스템,자동차,2021-08-11,2021-08-12,16450.0,-1.56,-2.1277,-1.5198,-1.8237,-5.7751,-5.7751,-5.7751,-5.7751,-5.7751,기간만료,기간만료,기간만료,손절,손절,손절,손절,손절
018880,한온시스템,자동차,2022-03-23,2022-03-24,11900.0,-2.97,-0.8403,-2.1008,0.0,-0.4202,-2.521,-2.9412,-6.7227,-6.7227,기간만료,기간만료,기간만료,기간만료,기간만료,기간만료,손절,손절
018880,한온시스템,자동차,2022-09-08,2022-09-13,11400.0,7.12,-6.5789,-4.8246,-6.5789,-6.5789,-6.5789,-6.5789,-6.5789,-6.5789,기간만료,기간만료,손절,손절,손절,손절,손절,손절
018880,한온시스템,자동차,2022-11-14,2022-11-15,8990.0,-1.67,-1.5573,-1.7798,-4.2269,-2.3359,-6.0067,-6.0067,-6.0067,-6.0067,기간만료,기간만료,기간만료,기간만료,손절,손절,손절,손절
018880,한온시스템,자동차,2023-03-02,2023-03-03,9310.0,7.86,-0.2148,2.4705,-2.5779,-3.2223,-3.2223,-3.2223,-3.2223,-3.2223,기간만료,기간만료,기간만료,기간만료,20일선이탈,20일선이탈,20일선이탈,20일선이탈
018880,한온시스템,자동차,2023-03-06,2023-03-07,9540.0,4.97,-4.9266,-2.935,-5.5556,-5.5556,-5.5556,-5.5556,-5.5556,-5.5556,기간만료,기간만료,기간만료,20일선이탈,20일선이탈,20일선이탈,20일선이탈,20일선이탈
018880,한온시스템,자동차,2023-04-12,2023-04-13,9020.0,3.25,1.1086,3.1042,1.9956,3.6585,1.5521,2.1064,3.4368,9.7561,기간만료,기간만료,기간만료,기간만료,기간만료,기간만료,기간만료,기간만료
018880,한온시스템,자동차,2023-08-10,2023-08-11,9470.0,-4.66,1.4784,2.3231,-0.9504,-0.1056,0.0,-2.6399,-3.8015,-3.8015,기간만료,기간만료,기간만료,기간만료,기간만료,기간만료,20일선이탈,20일선이탈
018880,한온시스템,자동차,2024-05-03,2024-05-07,6580.0,14.92,-14.5897,-14.5897,-14.5897,-14.5897,-14.5897,-14.5897,-14.5897,-14.5897,손절,손절,손절,손절,손절,손절,손절,손절
018880,한온시스템,자동차,2024-07-11,2024-07-12,4775.0,-5.5,2.5131,0.4188,-1.0471,-1.0471,-1.0471,-1.0471,-1.0471,-1.0471,기간만료,기간만료,기간만료,20일선이탈,20일선이탈,20일선이탈,20일선이탈,20일선이탈
018880,한온시스템,자동차,2024-09-30,2024-10-02,4250.0,1.39,-8.9412,-8.9412,-8.9412,-8.9412,-8.9412,-8.9412,-8.9412,-8.9412,손절,손절,손절,손절,손절,손절,손절,손절
018880,한온시스템,자동차,2025-01-07,2025-01-08,4415.0,4.44,2.1518,-4.53,-1.359,-0.1133,-0.5663,-2.9445,-3.2843,-3.2843,기간만료,기간만료,기간만료,기간만료,기간만료,기간만료,20일선이탈,20일선이탈
018880,한온시스템,자동차,2025-01-08,2025-01-09,4510.0,3.39,-6.541,-6.541,-6.541,-6.541,-6.541,-6.541,-6.541,-6.541,손절,손절,손절,손절,손절,손절,손절,손절
018880,한온시스템,자동차,2025-02-12,2025-02-13,4425.0,-2.0,-3.6158,-1.4689,0.678,1.1299,4.6328,7.7966,-3.0508,-3.0508,기간만료,기간만료,기간만료,기간만료,기간만료,기간만료,20일선이탈,20일선이탈
018880,한온시스템,자동차,2025-02-21,2025-02-24,4630.0,-4.75,0.54,-2.3758,3.0238,-5.0756,-7.3434,-7.3434,-7.3434,-7.3434,기간만료,기간만료,기간만료,기간만료,손절,손절,손절,손절
018880,한온시스템,자동차,2025-02-26,2025-02-27,4770.0,-3.67,-3.8784,-7.8616,-7.8616,-7.8616,-7.8616,-7.8616,-7.8616,-7.8616,기간만료,손절,손절,손절,손절,손절,손절,손절
018880,한온시스템,자동차,2025-08-13,2025-08-14,3745.0,2.08,-14.8198,-14.8198,-14.8198,-14.8198,-14.8198,-14.8198,-14.8198,-14.8198,손절,손절,손절,손절,손절,손절,손절,손절
018880,한온시스템,자동차,2025-08-20,2025-08-21,3595.0,4.52,6.3978,2.9207,1.5299,0.5563,-0.2782,-3.6161,-3.6161,-3.6161,기간만료,기간만료,기간만료,기간만료,기간만료,기간만료,20일선이탈,20일선이탈
018880,한온시스템,자동차,2025-10-16,2025-10-17,3330.0,-12.18,14.7147,19.0691,15.9159,19.5195,18.6186,27.3273,17.4752,24.6246,기간만료,기간만료,기간만료,기간만료,기간만료,기간만료,기간만료,기간만료
018880,한온시스템,자동차,2025-10-17,2025-10-20,3820.0,-9.85,3.7958,1.0471,3.1414,2.4869,5.7592,13.8743,5.7257,2.0942,기간만료,기간만료,기간만료,기간만료,기간만료,기간만료,기간만료,기간만료
018880,한온시스템,자동차,2025-10-29,2025-10-30,4950.0,-4.71,-14.3434,-14.3434,-14.3434,-14.3434,-14.3434,-14.3434,-14.3434,-14.3434,손절,손절,손절,손절,손절,손절,손절,손절
018880,한온시스템,자동차,2026-01-22,2026-01-23,3430.0,4.98,-2.6239,-6.2682,-3.207,-2.3324,-3.7901,-3.7901,-3.7901,-3.7901,기간만료,기간만료,기간만료,기간만료,손절,손절,손절,손절
018880,한온시스템,자동차,2026-02-04,2026-02-05,4350.0,2.71,-12.4138,-12.4138,-12.4138,-12.4138,-12.4138,-12.4138,-12.4138,-12.4138,손절,손절,손절,손절,손절,손절,손절,손절
018880,한온시스템,자동차,2026-02-05,2026-02-06,3810.0,10.18,2.3622,7.6115,27.4278,14.1732,39.895,20.0787,3.4121,3.4121,기간만료,기간만료,기간만료,기간만료,기간만료,기간만료,20일선이탈,20일선이탈
018880,한온시스템,자동차,2026-02-10,2026-02-11,4855.0,6.25,-5.1493,-10.4016,-10.4016,-10.4016,-10.4016,-10.4016,-10.4016,-10.4016,기간만료,손절,손절,손절,손절,손절,손절,손절
018880,한온시스템,자동차,2026-02-11,2026-02-12,4605.0,6.14,-5.5375,-2.2801,15.7438,0.8686,-1.4115,-14.4408,-14.4408,-14.4408,기간만료,기간만료,기간만료,기간만료,기간만료,손절,손절,손절
018880,한온시스템,자동차,2026-02-19,2026-02-20,5330.0,-3.36,-5.4409,-5.4409,-5.4409,-5.4409,-5.4409,-5.4409,-5.4409,-5.4409,손절,손절,손절,손절,손절,손절,손절,손절
018880,한온시스템,자동차,2026-04-21,2026-04-22,4250.0,-8.67,-0.4706,-0.1176,-0.2353,3.5294,1.2941,14.0,20.4706,5.8824,기간만료,기간만료,기간만료,기간만료,기간만료,기간만료,기간만료,20일선이탈
018880,한온시스템,자동차,2026-04-28,2026-04-29,4400.0,-16.6,-1.0227,-2.1591,12.7273,10.1136,30.2273,16.3636,2.2727,2.2727,기간만료,기간만료,기간만료,기간만료,기간만료,기간만료,20일선이탈,20일선이탈
018880,한온시스템,자동차,2026-05-04,2026-05-06,4960.0,-16.1,9.879,-2.3185,-2.2177,2.8226,3.2258,-9.2742,-9.2742,-9.2742,기간만료,기간만료,기간만료,기간만료,기간만료,손절,손절,손절
018880,한온시스템,자동차,2026-05-06,2026-05-07,5450.0,-21.93,-11.1009,-11.1009,-11.1009,-11.1009,-11.1009,-11.1009,-11.1009,-11.1009,손절,손절,손절,손절,손절,손절,손절,손절
018880,한온시스템,자동차,2026-05-11,2026-05-12,5730.0,-16.35,-10.9948,-10.9948,-10.9948,-10.9948,-10.9948,-10.9948,-10.9948,-10.9948,손절,손절,손절,손절,손절,손절,손절,손절
018880,한온시스템,자동차,2026-06-15,2026-06-16,5710.0,-2.49,-9.6322,-9.6322,-9.6322,-9.6322,-9.6322,-9.6322,-9.6322,-9.6322,손절,손절,손절,손절,손절,손절,손절,손절
161390,한국타이어앤테크놀로지,자동차,2020-05-08,2020-05-11,22550.0,-3.4,-4.878,-8.8692,-8.8692,-8.8692,-8.8692,-8.8692,-8.8692,-8.8692,기간만료,손절,손절,손절,손절,손절,손절,손절
161390,한국타이어앤테크놀로지,자동차,2020-07-06,2020-07-07,27650.0,-7.86,-1.2658,-3.4358,-6.1483,-6.1483,-6.1483,-6.1483,-6.1483,-6.1483,기간만료,기간만료,손절,손절,손절,손절,손절,손절
161390,한국타이어앤테크놀로지,자동차,2020-07-30,2020-07-31,27200.0,8.67,-3.4926,-5.1471,-5.1471,-5.1471,-5.1471,-5.1471,-5.1471,-5.1471,기간만료,손절,손절,손절,손절,손절,손절,손절
161390,한국타이어앤테크놀로지,자동차,2020-08-04,2020-08-05,27150.0,6.1,4.4199,4.9724,5.3407,11.9705,21.9153,12.523,6.0773,6.0773,기간만료,기간만료,기간만료,기간만료,기간만료,기간만료,20일선이탈,20일선이탈
161390,한국타이어앤테크놀로지,자동차,2020-08-05,2020-08-06,28350.0,5.3,0.5291,0.8818,3.8801,11.1111,20.6349,2.6455,1.5873,1.5873,기간만료,기간만료,기간만료,기간만료,기간만료,기간만료,20일선이탈,20일선이탈
161390,한국타이어앤테크놀로지,자동차,2020-08-25,2020-08-26,32000.0,15.81,-6.0937,-6.0937,-6.0937,-6.0937,-6.0937,-6.0937,-6.0937,-6.0937,손절,손절,손절,손절,손절,손절,손절,손절
161390,한국타이어앤테크놀로지,자동차,2020-11-11,2020-11-12,33150.0,3.53,-0.1508,-1.2066,-1.2066,-1.2066,-1.2066,-1.2066,-1.2066,-1.2066,기간만료,기간만료,20일선이탈,20일선이탈,20일선이탈,20일선이탈,20일선이탈,20일선이탈
161390,한국타이어앤테크놀로지,자동차,2020-11-19,2020-11-20,36000.0,8.97,-1.1111,1.6667,-0.4167,-5.0,-7.6389,-7.6389,-7.6389,-7.6389,기간만료,기간만료,기간만료,기간만료,손절,손절,손절,손절
161390,한국타이어앤테크놀로지,자동차,2020-11-20,2020-11-23,35600.0,6.73,2.809,0.7022,-3.6517,-3.5112,-6.6011,-6.6011,-6.6011,-6.6011,기간만료,기간만료,기간만료,기간만료,손절,손절,손절,손절
161390,한국타이어앤테크놀로지,자동차,2021-02-08,2021-02-09,49250.0,5.54,-1.6244,-0.9137,-3.3503,-1.3198,5.5838,-1.2183,-2.335,-2.335,기간만료,기간만료,기간만료,기간만료,기간만료,기간만료,기간만료,20일선이탈
161390,한국타이어앤테크놀로지,자동차,2021-06-07,2021-06-08,53700.0,13.73,1.676,-1.676,0.3724,-2.6071,-1.676,-0.3724,-3.5382,-3.5382,기간만료,기간만료,기간만료,기간만료,기간만료,기간만료,20일선이탈,20일선이탈
161390,한국타이어앤테크놀로지,자동차,2022-05-12,2022-05-13,35950.0,7.07,0.2782,0.1391,0.8345,0.0,-2.9207,-2.9207,-2.9207,-2.9207,기간만료,기간만료,기간만료,기간만료,기간만료,20일선이탈,20일선이탈,20일선이탈
161390,한국타이어앤테크놀로지,자동차,2022-08-03,2022-08-04,38550.0,7.72,-1.5564,-0.9079,0.9079,1.297,2.594,1.1673,-4.2802,-4.2802,기간만료,기간만료,기간만료,기간만료,기간만료,기간만료,20일선이탈,20일선이탈
161390,한국타이어앤테크놀로지,자동차,2022-09-08,2022-09-13,41550.0,7.12,-3.2491,-3.9711,-4.6931,-2.4067,-8.7846,-8.7846,-8.7846,-8.7846,기간만료,기간만료,기간만료,기간만료,손절,손절,손절,손절
161390,한국타이어앤테크놀로지,자동차,2023-03-02,2023-03-03,38500.0,7.86,0.2597,-3.2468,-6.1039,-6.1039,-6.1039,-6.1039,-6.1039,-6.1039,기간만료,기간만료,기간만료,20일선이탈,20일선이탈,20일선이탈,20일선이탈,20일선이탈
161390,한국타이어앤테크놀로지,자동차,2023-04-12,2023-04-13,34750.0,3.25,-0.2878,3.1655,2.1583,3.1655,0.5755,-2.446,-2.446,-2.446,기간만료,기간만료,기간만료,기간만료,기간만료,기간만료,20일선이탈,20일선이탈
161390,한국타이어앤테크놀로지,자동차,2023-05-15,2023-05-16,37000.0,8.53,-5.1351,-3.1081,-0.5405,0.0,-2.1622,-2.7027,-2.7027,-2.7027,기간만료,기간만료,기간만료,기간만료,기간만료,20일선이탈,20일선이탈,20일선이탈
161390,한국타이어앤테크놀로지,자동차,2023-07-06,2023-07-07,36750.0,6.97,-0.9524,-0.4082,0.8163,-0.6803,-0.4082,-1.0884,-1.6327,-1.6327,기간만료,기간만료,기간만료,기간만료,기간만료,기간만료,20일선이탈,20일선이탈
161390,한국타이어앤테크놀로지,자동차,2023-07-31,2023-08-01,38600.0,-5.53,7.2539,4.4041,2.7202,0.9067,1.8135,0.0,0.5181,-1.6839,기간만료,기간만료,기간만료,기간만료,기간만료,기간만료,기간만료,20일선이탈
161390,한국타이어앤테크놀로지,자동차,2023-08-01,2023-08-02,41400.0,-3.4,-2.657,-4.2271,-4.2271,-4.2271,-4.2271,-4.2271,-4.2271,-4.2271,기간만료,손절,손절,손절,손절,손절,손절,손절
161390,한국타이어앤테크놀로지,자동차,2023-11-02,2023-11-03,42000.0,-5.81,0.119,6.0714,5.2381,2.381,6.1905,8.4524,7.381,8.0952,기간만료,기간만료,기간만료,기간만료,기간만료,기간만료,기간만료,기간만료
161390,한국타이어앤테크놀로지,자동차,2024-01-18,2024-01-19,46750.0,-0.47,2.6738,2.5668,0.7487,5.7754,10.1604,8.6631,11.016,20.0,기간만료,기간만료,기간만료,기간만료,기간만료,기간만료,기간만료,기간만료
161390,한국타이어앤테크놀로지,자동차,2024-04-11,2024-04-12,60000.0,0.9,-0.5,0.8333,5.1667,1.8333,-4.5,-6.0,-6.0,-6.0,기간만료,기간만료,기간만료,기간만료,기간만료,손절,손절,손절
161390,한국타이어앤테크놀로지,자동차,2024-11-05,2024-11-06,39300.0,1.71,-2.0356,-0.1272,-5.8524,-6.9975,-6.9975,-6.9975,-6.9975,-6.9975,기간만료,기간만료,기간만료,손절,손절,손절,손절,손절
161390,한국타이어앤테크놀로지,자동차,2025-11-10,2025-11-11,56300.0,9.15,3.9076,3.1972,5.3286,4.2629,3.0195,3.9076,7.2824,6.9272,기간만료,기간만료,기간만료,기간만료,기간만료,기간만료,기간만료,기간만료
161390,한국타이어앤테크놀로지,자동차,2026-01-22,2026-01-23,68000.0,4.98,-2.5,-4.4118,-4.1176,-6.0294,-5.8824,-5.8824,-5.8824,-5.8824,기간만료,기간만료,기간만료,기간만료,손절,손절,손절,손절
161390,한국타이어앤테크놀로지,자동차,2026-05-29,2026-06-01,66800.0,-10.17,3.2934,2.5449,7.485,1.7964,3.4431,10.7784,-0.8982,-0.8982,기간만료,기간만료,기간만료,기간만료,기간만료,기간만료,20일선이탈,20일선이탈
073240,금호타이어,자동차,2020-06-03,2020-06-04,3320.0,8.92,-3.6145,1.506,1.8072,2.7108,-0.3012,-7.2289,-7.2289,-7.2289,기간만료,기간만료,기간만료,기간만료,기간만료,손절,손절,손절
073240,금호타이어,자동차,2020-08-13,2020-08-14,3145.0,15.12,-0.9539,-0.159,5.5644,1.9078,0.4769,8.744,20.1908,11.9237,기간만료,기간만료,기간만료,기간만료,기간만료,기간만료,기간만료,기간만료
073240,금호타이어,자동차,2020-08-19,2020-08-20,3320.0,14.64,-5.4217,-5.4217,-5.4217,-5.4217,-5.4217,-5.4217,-5.4217,-5.4217,손절,손절,손절,손절,손절,손절,손절,손절
073240,금호타이어,자동차,2020-08-28,2020-08-31,3420.0,11.54,4.6784,15.2047,14.6199,10.5263,8.1871,2.924,17.8363,11.1111,기간만료,기간만료,기간만료,기간만료,기간만료,기간만료,기간만료,20일선이탈
073240,금호타이어,자동차,2020-09-01,2020-09-02,3940.0,21.74,-0.5076,-5.4569,-4.0609,-7.1066,-7.1066,-7.1066,-7.1066,-7.1066,기간만료,기간만료,기간만료,손절,손절,손절,손절,손절
073240,금호타이어,자동차,2020-09-14,2020-09-15,3820.0,4.52,-1.4398,0.3927,9.4241,5.4974,-1.8325,-0.5236,-0.5236,-0.5236,기간만료,기간만료,기간만료,기간만료,기간만료,20일선이탈,20일선이탈,20일선이탈
073240,금호타이어,자동차,2020-09-17,2020-09-18,4180.0,14.82,-3.5885,-3.5885,-9.5694,-9.5694,-9.5694,-9.5694,-9.5694,-9.5694,기간만료,기간만료,손절,손절,손절,손절,손절,손절
073240,금호타이어,자동차,2020-10-26,2020-10-27,3840.0,0.52,-5.4688,-6.25,-5.599,-6.5104,-6.5104,-6.5104,-6.5104,-6.5104,기간만료,기간만료,기간만료,손절,손절,손절,손절,손절
073240,금호타이어,자동차,2021-01-21,2021-01-22,4050.0,18.15,2.5926,4.321,2.963,-1.9753,-8.0247,-8.0247,-8.0247,-8.0247,기간만료,기간만료,기간만료,기간만료,손절,손절,손절,손절
073240,금호타이어,자동차,2021-01-22,2021-01-25,4155.0,15.89,1.6847,0.361,-1.083,-10.349,-10.349,-10.349,-10.349,-10.349,기간만료,기간만료,기간만료,손절,손절,손절,손절,손절
073240,금호타이어,자동차,2021-04-20,2021-04-21,3900.0,-4.66,-1.4103,-1.0256,-0.1282,3.0769,2.6923,2.6923,44.359,20.8974,기간만료,기간만료,기간만료,기간만료,기간만료,기간만료,기간만료,기간만료
073240,금호타이어,자동차,2021-04-26,2021-04-27,4000.0,-3.97,0.5,-1.5,0.125,-1.375,0.875,27.75,17.0,20.25,기간만료,기간만료,기간만료,기간만료,기간만료,기간만료,기간만료,기간만료
073240,금호타이어,자동차,2021-05-10,2021-05-11,4505.0,-3.31,13.4295,24.9723,23.6404,8.4351,4.6615,5.5494,17.2031,44.2841,기간만료,기간만료,기간만료,기간만료,기간만료,기간만료,기간만료,기간만료
073240,금호타이어,자동차,2021-05-11,2021-05-12,5110.0,-1.72,10.1761,9.002,9.002,-4.4031,-4.4031,-4.4031,-4.4031,-4.4031,기간만료,기간만료,기간만료,손절,손절,손절,손절,손절
073240,금호타이어,자동차,2021-05-12,2021-05-13,5630.0,2.26,-1.0657,-1.0657,-13.2327,-13.2327,-13.2327,-13.2327,-13.2327,-13.2327,기간만료,기간만료,손절,손절,손절,손절,손절,손절
073240,금호타이어,자동차,2021-06-07,2021-06-08,6760.0,13.73,-3.8462,3.9941,7.9882,-1.0355,4.8817,9.7633,14.0533,9.4675,기간만료,기간만료,기간만료,기간만료,기간만료,기간만료,기간만료,기간만료
073240,금호타이어,자동차,2021-06-09,2021-06-10,7030.0,12.03,3.8407,2.7027,-4.8364,0.8535,3.9829,10.3841,14.0825,5.2632,기간만료,기간만료,기간만료,기간만료,기간만료,기간만료,기간만료,20일선이탈
073240,금호타이어,자동차,2021-06-10,2021-06-11,7300.0,6.76,-1.0959,-8.3562,-8.3562,-8.3562,-8.3562,-8.3562,-8.3562,-8.3562,기간만료,손절,손절,손절,손절,손절,손절,손절
073240,금호타이어,자동차,2022-03-30,2022-03-31,4140.0,0.18,0.3623,0.9662,3.2609,-0.3623,-2.4155,-2.4155,-2.4155,-2.4155,기간만료,기간만료,기간만료,기간만료,기간만료,20일선이탈,20일선이탈,20일선이탈
073240,금호타이어,자동차,2022-05-17,2022-05-18,4500.0,6.47,-6.4444,-7.8889,-7.8889,-7.8889,-7.8889,-7.8889,-7.8889,-7.8889,기간만료,손절,손절,손절,손절,손절,손절,손절
073240,금호타이어,자동차,2022-08-03,2022-08-04,3660.0,7.72,2.1858,0.2732,0.1366,2.8689,3.5519,0.1366,-0.9563,-0.9563,기간만료,기간만료,기간만료,기간만료,기간만료,기간만료,20일선이탈,20일선이탈
073240,금호타이어,자동차,2022-09-05,2022-09-06,3755.0,2.61,6.7909,4.1278,9.7204,4.261,-0.5326,-4.3941,-4.3941,-4.3941,기간만료,기간만료,기간만료,기간만료,기간만료,기간만료,20일선이탈,20일선이탈
073240,금호타이어,자동차,2022-09-06,2022-09-07,4010.0,4.06,-2.4938,2.7431,-1.3716,-5.7357,-6.8579,-6.8579,-6.8579,-6.8579,기간만료,기간만료,기간만료,기간만료,손절,손절,손절,손절
073240,금호타이어,자동차,2022-09-08,2022-09-13,4120.0,7.12,-4.0049,-4.9757,-8.2524,-8.2524,-8.2524,-8.2524,-8.2524,-8.2524,기간만료,기간만료,손절,손절,손절,손절,손절,손절
073240,금호타이어,자동차,2023-01-09,2023-01-10,3020.0,1.12,0.6623,0.1656,0.3311,-1.1589,-4.3046,-5.298,-5.298,-5.298,기간만료,기간만료,기간만료,기간만료,기간만료,20일선이탈,20일선이탈,20일선이탈
073240,금호타이어,자동차,2023-03-13,2023-03-14,3450.0,4.28,-2.8986,-5.7971,-5.7971,-5.7971,-5.7971,-5.7971,-5.7971,-5.7971,기간만료,손절,손절,손절,손절,손절,손절,손절
073240,금호타이어,자동차,2023-04-11,2023-04-12,3965.0,-0.45,7.6923,7.1879,15.1324,13.9975,11.8537,11.3493,15.889,16.0151,기간만료,기간만료,기간만료,기간만료,기간만료,기간만료,기간만료,기간만료
073240,금호타이어,자동차,2023-04-12,2023-04-13,4270.0,3.25,-0.4684,6.9087,9.6019,5.1522,1.8735,3.8642,7.9625,9.2506,기간만료,기간만료,기간만료,기간만료,기간만료,기간만료,기간만료,기간만료
073240,금호타이어,자동차,2023-05-15,2023-05-16,5170.0,8.53,-9.1876,-9.1876,-9.1876,-9.1876,-9.1876,-9.1876,-9.1876,-9.1876,손절,손절,손절,손절,손절,손절,손절,손절
073240,금호타이어,자동차,2023-08-01,2023-08-02,4925.0,-3.4,-3.8579,-7.9188,-7.9188,-7.9188,-7.9188,-7.9188,-7.9188,-7.9188,기간만료,손절,손절,손절,손절,손절,손절,손절
073240,금호타이어,자동차,2023-11-16,2023-11-17,5220.0,2.76,3.6398,2.4904,6.3218,8.2375,7.2797,6.705,0.3831,0.3831,기간만료,기간만료,기간만료,기간만료,기간만료,기간만료,기간만료,20일선이탈
073240,금호타이어,자동차,2024-01-25,2024-01-26,5950.0,1.7,-4.0336,-3.8655,2.6891,-0.3361,2.521,10.7563,13.6134,9.7479,기간만료,기간만료,기간만료,기간만료,기간만료,기간만료,기간만료,기간만료
073240,금호타이어,자동차,2024-01-29,2024-01-30,5720.0,2.23,6.8182,0.5245,3.6713,6.6434,13.4615,16.6084,17.8322,11.1888,기간만료,기간만료,기간만료,기간만료,기간만료,기간만료,기간만료,20일선이탈
073240,금호타이어,자동차,2024-01-30,2024-01-31,6110.0,3.13,-5.892,-2.946,1.6367,0.982,7.856,7.2013,8.0196,4.0917,기간만료,기간만료,기간만료,기간만료,기간만료,기간만료,기간만료,20일선이탈
073240,금호타이어,자동차,2024-02-02,2024-02-05,6210.0,9.83,-1.7713,-0.6441,4.5089,5.314,5.475,8.0515,2.4155,2.4155,기간만료,기간만료,기간만료,기간만료,기간만료,기간만료,기간만료,20일선이탈
073240,금호타이어,자동차,2024-04-11,2024-04-12,6520.0,0.9,-0.6135,-3.0675,-0.1534,-0.4601,-3.0675,1.3804,27.1472,18.4049,기간만료,기간만료,기간만료,기간만료,기간만료,기간만료,기간만료,기간만료
073240,금호타이어,자동차,2024-04-30,2024-05-02,7040.0,9.1,12.0739,17.7557,15.0568,11.2216,9.6591,3.125,2.4148,2.4148,기간만료,기간만료,기간만료,기간만료,기간만료,기간만료,20일선이탈,20일선이탈
073240,금호타이어,자동차,2024-05-02,2024-05-03,7890.0,13.15,5.0697,2.6616,3.8023,-1.6477,-6.2104,-6.2104,-6.2104,-6.2104,기간만료,기간만료,기간만료,기간만료,손절,손절,손절,손절
073240,금호타이어,자동차,2024-05-03,2024-05-07,8290.0,14.92,-2.2919,-1.2063,-5.5489,-5.5489,-5.5489,-5.5489,-5.5489,-5.5489,기간만료,기간만료,손절,손절,손절,손절,손절,손절
073240,금호타이어,자동차,2024-10-29,2024-10-30,4585.0,-4.37,-4.0349,-4.0349,-0.9815,1.1996,-1.6358,-6.434,-6.434,-6.434,기간만료,기간만료,기간만료,기간만료,기간만료,손절,손절,손절
073240,금호타이어,자동차,2024-11-05,2024-11-06,4640.0,1.71,-4.8491,-2.8017,-6.7888,-6.7888,-6.7888,-6.7888,-6.7888,-6.7888,기간만료,기간만료,손절,손절,손절,손절,손절,손절
073240,금호타이어,자동차,2024-11-28,2024-11-29,4880.0,7.22,-0.7172,-0.2049,-3.1762,-3.0738,-9.0164,-9.0164,-9.0164,-9.0164,기간만료,기간만료,기간만료,기간만료,손절,손절,손절,손절
073240,금호타이어,자동차,2025-01-31,2025-02-03,5110.0,0.06,-0.9785,-1.1742,0.7828,-3.229,-1.1742,-0.1957,-0.5871,-1.1742,기간만료,기간만료,기간만료,기간만료,기간만료,기간만료,기간만료,20일선이탈
073240,금호타이어,자동차,2025-06-20,2025-06-23,4450.0,-9.81,-0.1124,0.4494,2.1348,0.6742,2.6966,10.2247,11.3483,5.7303,기간만료,기간만료,기간만료,기간만료,기간만료,기간만료,기간만료,기간만료
073240,금호타이어,자동차,2025-11-06,2025-11-07,4945.0,-0.53,1.5167,7.179,11.8301,8.7968,6.1678,4.5501,18.0991,26.7947,기간만료,기간만료,기간만료,기간만료,기간만료,기간만료,기간만료,기간만료
073240,금호타이어,자동차,2025-11-10,2025-11-11,5300.0,9.15,4.3396,3.5849,1.5094,-0.9434,-2.2642,0.9434,8.4906,16.6038,기간만료,기간만료,기간만료,기간만료,기간만료,기간만료,기간만료,기간만료
073240,금호타이어,자동차,2026-01-16,2026-01-19,6040.0,-5.49,-0.1656,0.3311,2.1523,2.1523,-0.3311,-0.6623,-2.9801,-2.9801,기간만료,기간만료,기간만료,기간만료,기간만료,기간만료,20일선이탈,20일선이탈
073240,금호타이어,자동차,2026-02-09,2026-02-10,7000.0,6.42,6.5714,6.5714,1.4286,0.2857,2.5714,1.0,-9.0,-9.0,기간만료,기간만료,기간만료,기간만료,기간만료,기간만료,20일선이탈,20일선이탈
073240,금호타이어,자동차,2026-02-10,2026-02-11,7460.0,6.25,0.0,-4.8257,-6.0322,-6.0322,-6.0322,-6.0322,-6.0322,-6.0322,기간만료,기간만료,손절,손절,손절,손절,손절,손절
073240,금호타이어,자동차,2026-06-26,2026-06-29,5670.0,-21.01,-10.4056,-10.4056,-10.4056,-10.4056,-10.4056,-10.4056,-10.4056,-10.4056,손절,손절,손절,손절,손절,손절,손절,손절
073240,금호타이어,자동차,2026-06-29,2026-06-30,5080.0,-17.11,1.378,-4.2323,-8.4646,-8.4646,-8.4646,-8.4646,-8.4646,-8.4646,기간만료,기간만료,손절,손절,손절,손절,손절,손절
073240,금호타이어,자동차,2026-07-06,2026-07-07,6580.0,-7.47,-1.5198,-6.8389,-4.2553,-4.2553,-4.2553,-4.2553,-4.2553,-4.2553,기간만료,기간만료,손절,손절,손절,손절,손절,손절
073240,금호타이어,자동차,2026-07-07,2026-07-08,6480.0,0.7,-5.4012,-2.7778,-2.7778,-2.7778,-2.7778,-2.7778,-2.7778,-2.7778,기간만료,손절,손절,손절,손절,손절,손절,손절
073240,금호타이어,자동차,2026-07-10,2026-07-13,7630.0,0.33,-8.2569,-8.2569,-8.2569,-8.2569,-8.2569,-8.2569,-8.2569,-8.2569,손절,손절,손절,손절,손절,손절,손절,손절
012450,한화에어로스페이스,방산·우주항공,2020-04-21,2020-04-22,26880.53515625,29.54,-0.2066,1.8595,4.9587,12.6033,1.2397,3.3058,-2.2727,-2.2727,기간만료,기간만료,기간만료,기간만료,기간만료,기간만료,20일선이탈,20일선이탈
012450,한화에어로스페이스,방산·우주항공,2020-04-24,2020-04-27,28213.455078125,23.26,2.9528,7.2835,-1.378,-3.937,-1.5748,-6.8898,-6.8898,-6.8898,기간만료,기간만료,기간만료,기간만료,기간만료,손절,손절,손절
012450,한화에어로스페이스,방산·우주항공,2020-04-28,2020-04-29,30268.37109375,19.96,-8.0734,-10.0917,-10.0917,-10.0917,-10.0917,-10.0917,-10.0917,-10.0917,기간만료,손절,손절,손절,손절,손절,손절,손절
012450,한화에어로스페이스,방산·우주항공,2020-06-15,2020-06-16,28546.68359375,11.4,11.6732,13.2296,13.8132,2.5292,-4.0856,-4.0856,-4.0856,-4.0856,기간만료,기간만료,기간만료,기간만료,기간만료,20일선이탈,20일선이탈,20일선이탈
012450,한화에어로스페이스,방산·우주항공,2020-06-17,2020-06-18,32323.287109375,14.87,0.5155,-10.1375,-10.1375,-10.1375,-10.1375,-10.1375,-10.1375,-10.1375,기간만료,손절,손절,손절,손절,손절,손절,손절
012450,한화에어로스페이스,방산·우주항공,2020-07-27,2020-07-28,27769.1484375,-0.89,9.0,3.6,-0.4,-3.2,-3.2,-3.2,-3.2,-3.2,기간만료,기간만료,기간만료,20일선이탈,20일선이탈,20일선이탈,20일선이탈,20일선이탈
012450,한화에어로스페이스,방산·우주항공,2020-07-28,2020-07-29,30268.37109375,-2.1,-4.9541,-8.6239,-8.6239,-8.6239,-8.6239,-8.6239,-8.6239,-8.6239,기간만료,손절,손절,손절,손절,손절,손절,손절
012450,한화에어로스페이스,방산·우주항공,2020-08-10,2020-08-11,30268.37109375,0.11,1.8349,-0.1835,-0.5505,-4.7706,-4.7706,-4.7706,-4.7706,-4.7706,기간만료,기간만료,기간만료,손절,손절,손절,손절,손절
012450,한화에어로스페이스,방산·우주항공,2020-09-03,2020-09-04,31656.828125,-0.34,3.5088,3.1579,1.7544,-1.0526,-1.0526,-5.0877,-5.0877,-5.0877,기간만료,기간만료,기간만료,기간만료,기간만료,20일선이탈,20일선이탈,20일선이탈
012450,한화에어로스페이스,방산·우주항공,2020-10-23,2020-10-26,30101.755859375,-1.38,-3.321,-5.1661,-5.1661,-5.1661,-5.1661,-5.1661,-5.1661,-5.1661,기간만료,기간만료,20일선이탈,20일선이탈,20일선이탈,20일선이탈,20일선이탈,20일선이탈
012450,한화에어로스페이스,방산·우주항공,2020-11-10,2020-11-11,30712.677734375,-0.28,3.4358,-0.9042,-0.9042,-0.7233,-3.7975,-0.1808,-3.255,-3.255,기간만료,기간만료,기간만료,기간만료,기간만료,기간만료,20일선이탈,20일선이탈
012450,한화에어로스페이스,방산·우주항공,2020-11-11,2020-11-12,31767.904296875,0.65,-4.1958,-4.1958,-4.1958,-4.1958,-4.1958,-4.1958,-4.1958,-4.1958,기간만료,손절,손절,손절,손절,손절,손절,손절
012450,한화에어로스페이스,방산·우주항공,2020-12-15,2020-12-16,31323.599609375,-1.48,3.1915,1.0638,3.3688,-1.2411,-0.5319,2.4823,16.844,28.3688,기간만료,기간만료,기간만료,기간만료,기간만료,기간만료,기간만료,기간만료
012450,한화에어로스페이스,방산·우주항공,2020-12-16,2020-12-17,32323.287109375,0.66,-2.0619,0.1718,-2.7491,-4.6392,-2.2337,2.4055,8.2474,36.5979,기간만료,기간만료,기간만료,기간만료,기간만료,기간만료,기간만료,기간만료
012450,한화에어로스페이스,방산·우주항공,2021-01-08,2021-01-11,36599.73828125,3.28,-4.4006,4.0971,0.4552,9.8634,19.7269,21.0926,22.1548,32.0182,기간만료,기간만료,기간만료,기간만료,기간만료,기간만료,기간만료,기간만료
012450,한화에어로스페이스,방산·우주항공,2021-01-12,2021-01-13,38099.26953125,0.48,-3.4985,-4.2274,-4.2274,-4.2274,-4.2274,-4.2274,-4.2274,-4.2274,기간만료,손절,손절,손절,손절,손절,손절,손절
012450,한화에어로스페이스,방산·우주항공,2021-01-15,2021-01-18,40209.7265625,1.86,9.8066,8.9779,15.4696,10.221,25.4144,11.1878,20.1657,17.9558,기간만료,기간만료,기간만료,기간만료,기간만료,기간만료,기간만료,기간만료
012450,한화에어로스페이스,방산·우주항공,2021-01-18,2021-01-19,44152.9453125,4.33,-0.7547,5.1572,6.6667,9.1824,4.0252,6.9182,7.4214,4.9057,기간만료,기간만료,기간만료,기간만료,기간만료,기간만료,기간만료,기간만료
012450,한화에어로스페이스,방산·우주항공,2021-01-20,2021-01-21,46430.015625,5.89,1.4354,-4.5455,3.8278,-1.0766,-3.7081,2.0335,6.2201,-0.2392,기간만료,기간만료,기간만료,기간만료,기간만료,기간만료,기간만료,20일선이탈
012450,한화에어로스페이스,방산·우주항공,2021-03-11,2021-03-12,45874.6328125,-1.52,-0.2421,0.9685,-1.2107,-0.7264,-0.2421,-4.9637,-4.9637,-4.9637,기간만료,기간만료,기간만료,기간만료,기간만료,20일선이탈,20일선이탈,20일선이탈
012450,한화에어로스페이스,방산·우주항공,2021-04-14,2021-04-15,45874.6328125,1.42,-1.0896,-2.4213,-2.0581,-3.8741,-3.8741,-3.8741,-3.8741,-3.8741,기간만료,기간만료,기간만료,기간만료,20일선이탈,20일선이탈,20일선이탈,20일선이탈
012450,한화에어로스페이스,방산·우주항공,2021-05-13,2021-05-14,47429.703125,3.27,2.3419,0.2342,2.3419,5.3864,15.2225,11.007,10.0703,14.9883,기간만료,기간만료,기간만료,기간만료,기간만료,기간만료,기간만료,기간만료
012450,한화에어로스페이스,방산·우주항공,2021-05-25,2021-05-26,54649.68359375,5.92,-0.3049,-3.3537,-3.6585,-1.1179,-5.1829,-4.4715,-4.4715,-4.4715,기간만료,기간만료,기간만료,기간만료,기간만료,손절,손절,손절
012450,한화에어로스페이스,방산·우주항공,2021-07-05,2021-07-06,59425.9765625,-0.64,0.9346,1.8692,-4.6729,-4.6729,-4.6729,-4.6729,-4.6729,-4.6729,기간만료,기간만료,손절,손절,손절,손절,손절,손절
012450,한화에어로스페이스,방산·우주항공,2021-10-01,2021-10-05,57315.51953125,1.75,2.1318,-4.6512,-4.6512,-4.6512,-4.6512,-4.6512,-4.6512,-4.6512,기간만료,손절,손절,손절,손절,손절,손절,손절
012450,한화에어로스페이스,방산·우주항공,2021-12-09,2021-12-10,52539.2265625,3.07,0.1057,1.4799,-2.1142,-4.0169,-2.4313,-2.4313,5.6025,8.8795,기간만료,기간만료,기간만료,기간만료,기간만료,기간만료,기간만료,기간만료
012450,한화에어로스페이스,방산·우주항공,2022-01-13,2022-01-14,58204.1328125,9.68,3.0534,0.5725,-2.6718,1.3359,-7.729,-7.729,-7.729,-7.729,기간만료,기간만료,기간만료,기간만료,손절,손절,손절,손절
012450,한화에어로스페이스,방산·우주항공,2022-03-02,2022-03-03,59537.0546875,16.37,0.5597,7.6492,4.1045,-0.5597,2.0522,-5.597,-3.1716,-3.1716,기간만료,기간만료,기간만료,기간만료,기간만료,기간만료,20일선이탈,20일선이탈
012450,한화에어로스페이스,방산·우주항공,2022-03-07,2022-03-08,61980.73828125,15.65,-4.4803,-4.4803,-0.8961,-1.9713,-9.319,-7.8853,-7.8853,-7.8853,기간만료,기간만료,기간만료,기간만료,기간만료,손절,손절,손절
012450,한화에어로스페이스,방산·우주항공,2022-03-22,2022-03-23,59759.20703125,13.55,-0.1859,2.2305,3.9033,-4.2751,-4.2751,-4.2751,-4.2751,-4.2751,기간만료,기간만료,기간만료,기간만료,20일선이탈,20일선이탈,20일선이탈,20일선이탈
012450,한화에어로스페이스,방산·우주항공,2022-05-02,2022-05-03,60981.046875,5.84,2.5501,2.5501,0.1822,-4.5537,-4.5537,-4.5537,-4.5537,-4.5537,기간만료,기간만료,기간만료,기간만료,20일선이탈,20일선이탈,20일선이탈,20일선이탈
012450,한화에어로스페이스,방산·우주항공,2022-06-09,2022-06-10,65313.03515625,6.37,-0.8503,-3.2313,-2.3809,-10.8844,-10.8844,-10.8844,-10.8844,-10.8844,기간만료,기간만료,기간만료,손절,손절,손절,손절,손절
012450,한화에어로스페이스,방산·우주항공,2022-07-22,2022-07-25,55649.37109375,2.45,3.1936,3.992,4.3912,27.3453,26.9461,29.3413,41.1178,41.7166,기간만료,기간만료,기간만료,기간만료,기간만료,기간만료,기간만료,기간만료
012450,한화에어로스페이스,방산·우주항공,2022-07-25,2022-07-26,57426.59765625,2.99,0.7737,1.1605,4.6422,24.9516,23.2108,33.8491,36.7505,41.9729,기간만료,기간만료,기간만료,기간만료,기간만료,기간만료,기간만료,기간만료
012450,한화에어로스페이스,방산·우주항공,2022-07-29,2022-08-01,70866.8671875,1.35,1.2539,-0.3135,-0.1567,1.5674,8.3072,10.815,11.2853,25.7053,기간만료,기간만료,기간만료,기간만료,기간만료,기간만료,기간만료,기간만료
012450,한화에어로스페이스,방산·우주항공,2022-08-08,2022-08-09,76865.0,17.4,-0.1445,3.1792,1.5896,2.1676,3.6127,6.0694,11.2717,22.5433,기간만료,기간만료,기간만료,기간만료,기간만료,기간만료,기간만료,기간만료
012450,한화에어로스페이스,방산·우주항공,2023-01-11,2023-01-12,82418.828125,-0.24,6.0647,7.8167,8.7601,3.2345,3.3693,4.4474,8.221,18.8679,기간만료,기간만료,기간만료,기간만료,기간만료,기간만료,기간만료,기간만료
012450,한화에어로스페이스,방산·우주항공,2023-01-12,2023-01-13,87417.2734375,1.65,1.6518,2.5413,2.5413,-4.0661,-5.2096,-1.1436,-1.1436,-1.1436,기간만료,기간만료,기간만료,기간만료,기간만료,손절,손절,손절
012450,한화에어로스페이스,방산·우주항공,2023-02-24,2023-02-27,103301.2265625,5.62,-3.871,-2.7957,-1.9355,3.6559,3.871,3.2258,4.086,-2.2581,기간만료,기간만료,기간만료,기간만료,기간만료,기간만료,기간만료,20일선이탈
012450,한화에어로스페이스,방산·우주항공,2023-03-03,2023-03-06,104634.1484375,-0.75,2.3355,2.017,2.5478,0.4246,2.6539,0.5308,-3.5032,-3.5032,기간만료,기간만료,기간만료,기간만료,기간만료,기간만료,20일선이탈,20일선이탈
012450,한화에어로스페이스,방산·우주항공,2023-03-06,2023-03-07,107077.8359375,-1.81,-0.3112,0.2075,0.0,-0.4149,3.0083,0.4149,-5.7054,-5.7054,기간만료,기간만료,기간만료,기간만료,기간만료,기간만료,손절,손절
012450,한화에어로스페이스,방산·우주항공,2023-04-25,2023-04-26,123517.171875,18.81,-5.2158,-5.2158,-5.2158,-5.2158,-5.2158,-5.2158,-5.2158,-5.2158,기간만료,20일선이탈,20일선이탈,20일선이탈,20일선이탈,20일선이탈,20일선이탈,20일선이탈
012450,한화에어로스페이스,방산·우주항공,2023-06-19,2023-06-20,152508.15625,13.4,4.807,1.6023,0.0728,-4.2243,-7.429,-7.429,-7.429,-7.429,기간만료,기간만료,기간만료,기간만료,손절,손절,손절,손절
012450,한화에어로스페이스,방산·우주항공,2023-06-20,2023-06-21,159839.21875,14.88,-3.0577,-4.517,-7.7137,-7.7137,-7.7137,-7.7137,-7.7137,-7.7137,기간만료,기간만료,손절,손절,손절,손절,손절,손절
012450,한화에어로스페이스,방산·우주항공,2023-11-01,2023-11-02,128182.3828125,2.28,0.0,5.8059,5.1993,5.1993,8.1456,10.4853,5.7192,2.9463,기간만료,기간만료,기간만료,기간만료,기간만료,기간만료,기간만료,20일선이탈
012450,한화에어로스페이스,방산·우주항공,2023-11-29,2023-11-30,135291.28125,0.22,3.3662,11.8227,12.7258,11.6585,10.3448,0.9852,0.9852,0.9852,기간만료,기간만료,기간만료,기간만료,기간만료,기간만료,20일선이탈,20일선이탈
012450,한화에어로스페이스,방산·우주항공,2023-11-30,2023-12-01,139845.421875,1.72,8.1811,9.0548,6.4337,3.5743,-0.7149,-2.3034,-2.3034,-2.3034,기간만료,기간만료,기간만료,기간만료,기간만료,20일선이탈,20일선이탈,20일선이탈
012450,한화에어로스페이스,방산·우주항공,2023-12-01,2023-12-04,151286.3125,4.87,0.8076,-1.6153,-0.1468,-1.3216,-8.2232,-8.2232,-8.2232,-8.2232,기간만료,기간만료,기간만료,기간만료,손절,손절,손절,손절
012450,한화에어로스페이스,방산·우주항공,2024-01-10,2024-01-11,152063.859375,3.24,4.1636,4.6019,2.4836,-1.2418,6.5741,3.6523,-1.0226,-1.0226,기간만료,기간만료,기간만료,기간만료,기간만료,기간만료,20일선이탈,20일선이탈
012450,한화에어로스페이스,방산·우주항공,2024-01-11,2024-01-12,158395.21875,-0.59,0.4208,-1.6129,-2.9453,-5.1893,-5.1893,-5.1893,-5.1893,-5.1893,기간만료,기간만료,기간만료,손절,손절,손절,손절,손절
012450,한화에어로스페이스,방산·우주항공,2024-02-14,2024-02-15,162727.203125,-0.57,-1.0239,-3.0034,4.0273,7.099,6.4846,33.7884,38.5666,25.3242,기간만료,기간만료,기간만료,기간만료,기간만료,기간만료,기간만료,기간만료
012450,한화에어로스페이스,방산·우주항공,2024-02-26,2024-02-27,185608.984375,2.18,7.7798,17.295,13.7044,11.0114,21.4841,11.1909,15.6194,33.453,기간만료,기간만료,기간만료,기간만료,기간만료,기간만료,기간만료,기간만료
012450,한화에어로스페이스,방산·우주항공,2024-02-27,2024-02-28,200048.9375,6.19,8.8284,5.4969,3.3315,14.9361,10.4942,2.6097,7.0516,21.8767,기간만료,기간만료,기간만료,기간만료,기간만료,기간만료,기간만료,기간만료
012450,한화에어로스페이스,방산·우주항공,2024-02-28,2024-02-29,217710.125,11.31,-3.0612,-5.051,-5.3571,-5.3571,-5.3571,-5.3571,-5.3571,-5.3571,기간만료,기간만료,손절,손절,손절,손절,손절,손절
012450,한화에어로스페이스,방산·우주항공,2024-03-06,2024-03-07,229928.546875,17.36,-1.9324,-3.8647,-6.9082,-6.9082,-6.9082,-6.9082,-6.9082,-6.9082,기간만료,기간만료,손절,손절,손절,손절,손절,손절
012450,한화에어로스페이스,방산·우주항공,2024-04-02,2024-04-03,267694.59375,10.4,-6.639,-6.639,-6.639,-6.639,-6.639,-6.639,-6.639,-6.639,손절,손절,손절,손절,손절,손절,손절,손절
012450,한화에어로스페이스,방산·우주항공,2024-06-03,2024-06-04,244368.5,-4.14,-4.3182,-4.3182,-4.3182,-4.3182,-4.3182,-4.3182,-4.3182,-4.3182,기간만료,20일선이탈,20일선이탈,20일선이탈,20일선이탈,20일선이탈,20일선이탈,20일선이탈
012450,한화에어로스페이스,방산·우주항공,2024-06-19,2024-06-20,281579.15625,3.08,-1.9724,-6.7061,-6.7061,-6.7061,-6.7061,-6.7061,-6.7061,-6.7061,기간만료,손절,손절,손절,손절,손절,손절,손절
012450,한화에어로스페이스,방산·우주항공,2024-09-27,2024-09-30,317000.0,0.37,-4.1009,-4.1009,-4.1009,-4.1009,-4.1009,-4.1009,-4.1009,-4.1009,손절,손절,손절,손절,손절,손절,손절,손절
012450,한화에어로스페이스,방산·우주항공,2024-10-02,2024-10-04,317500.0,3.89,7.2441,10.7087,16.063,14.3307,17.9528,22.8346,19.5276,19.3701,기간만료,기간만료,기간만료,기간만료,기간만료,기간만료,기간만료,기간만료
012450,한화에어로스페이스,방산·우주항공,2024-10-04,2024-10-07,340500.0,5.06,3.2305,8.2232,3.9648,5.7269,13.2159,12.6285,10.8664,7.0485,기간만료,기간만료,기간만료,기간만료,기간만료,기간만료,기간만료,기간만료
012450,한화에어로스페이스,방산·우주항공,2024-10-07,2024-10-08,351500.0,7.48,4.8364,0.7112,3.2717,6.5434,11.0953,9.5306,8.8193,3.6984,기간만료,기간만료,기간만료,기간만료,기간만료,기간만료,기간만료,20일선이탈
012450,한화에어로스페이스,방산·우주항공,2024-10-08,2024-10-10,368500.0,6.07,-3.9349,-1.4925,-2.3066,4.6133,5.8345,-0.1357,1.3569,-1.0855,기간만료,기간만료,기간만료,기간만료,기간만료,기간만료,기간만료,20일선이탈
012450,한화에어로스페이스,방산·우주항공,2024-11-06,2024-11-07,395000.0,3.73,2.5316,2.7848,5.8228,2.1519,3.038,-3.2911,-3.2911,-3.2911,기간만료,기간만료,기간만료,기간만료,기간만료,20일선이탈,20일선이탈,20일선이탈
012450,한화에어로스페이스,방산·우주항공,2025-02-11,2025-02-12,503000.0,15.83,1.1928,2.5845,5.9642,27.0378,26.2425,36.9781,41.9483,33.3996,기간만료,기간만료,기간만료,기간만료,기간만료,기간만료,기간만료,기간만료
012450,한화에어로스페이스,방산·우주항공,2025-02-12,2025-02-13,509000.0,27.33,1.3752,4.7151,17.8782,23.1827,29.2731,30.2554,33.5953,37.5246,기간만료,기간만료,기간만료,기간만료,기간만료,기간만료,기간만료,기간만료
012450,한화에어로스페이스,방산·우주항공,2025-02-18,2025-02-19,639000.0,33.12,-1.8779,-0.626,2.9734,7.8247,0.626,-0.939,-0.939,-0.939,기간만료,기간만료,기간만료,기간만료,기간만료,손절,손절,손절
012450,한화에어로스페이스,방산·우주항공,2026-01-08,2026-01-09,1101000.0,6.81,14.0781,11.6258,16.1671,18.8011,22.1617,16.3488,21.7075,16.2579,기간만료,기간만료,기간만료,기간만료,기간만료,기간만료,기간만료,20일선이탈
012450,한화에어로스페이스,방산·우주항공,2026-01-09,2026-01-12,1256000.0,13.82,-2.1497,1.8312,4.4586,4.7771,4.4586,0.9554,5.0955,1.9108,기간만료,기간만료,기간만료,기간만료,기간만료,기간만료,기간만료,20일선이탈
012450,한화에어로스페이스,방산·우주항공,2026-03-03,2026-03-04,1526000.0,4.02,-10.8126,-10.8126,-10.8126,-10.8126,-10.8126,-10.8126,-10.8126,-10.8126,손절,손절,손절,손절,손절,손절,손절,손절
012450,한화에어로스페이스,방산·우주항공,2026-03-05,2026-03-06,1414000.0,4.54,7.2136,-3.4653,3.1825,3.3946,3.9604,-4.7383,-8.0622,-8.0622,기간만료,기간만료,기간만료,기간만료,기간만료,기간만료,손절,손절
012450,한화에어로스페이스,방산·우주항공,2026-03-06,2026-03-09,1516000.0,10.3,-9.9604,-9.9604,-9.9604,-9.9604,-9.9604,-9.9604,-9.9604,-9.9604,손절,손절,손절,손절,손절,손절,손절,손절
012450,한화에어로스페이스,방산·우주항공,2026-05-04,2026-05-06,1473000.0,-20.32,-4.1412,-4.1412,-4.1412,-4.1412,-4.1412,-4.1412,-4.1412,-4.1412,기간만료,20일선이탈,20일선이탈,20일선이탈,20일선이탈,20일선이탈,20일선이탈,20일선이탈
047810,한국항공우주,방산·우주항공,2020-04-21,2020-04-22,24500.0,29.54,-1.6327,0.6122,3.0612,4.2857,-1.0204,-0.8163,-6.5306,-6.5306,기간만료,기간만료,기간만료,기간만료,기간만료,기간만료,20일선이탈,20일선이탈
047810,한국항공우주,방산·우주항공,2020-04-24,2020-04-27,25250.0,23.26,1.7822,1.1881,-3.7624,-3.9604,-3.9604,-3.9604,-3.9604,-3.9604,기간만료,기간만료,기간만료,손절,손절,손절,손절,손절
047810,한국항공우주,방산·우주항공,2020-05-27,2020-05-28,26000.0,-0.53,-2.5,0.3846,-2.6923,4.8077,4.6154,2.1154,-1.9231,-1.9231,기간만료,기간만료,기간만료,기간만료,기간만료,기간만료,20일선이탈,20일선이탈
047810,한국항공우주,방산·우주항공,2020-06-03,2020-06-04,27250.0,9.93,-1.2844,-0.1835,-1.1009,-2.5688,-6.422,-6.422,-6.422,-6.422,기간만료,기간만료,기간만료,기간만료,손절,손절,손절,손절
047810,한국항공우주,방산·우주항공,2020-06-17,2020-06-18,26450.0,14.87,1.1342,-3.4026,-3.4026,-3.4026,-3.4026,-3.4026,-3.4026,-3.4026,기간만료,기간만료,20일선이탈,20일선이탈,20일선이탈,20일선이탈,20일선이탈,20일선이탈
047810,한국항공우주,방산·우주항공,2020-07-28,2020-07-29,25850.0,-2.1,-3.4816,-5.8027,-5.8027,-5.8027,-5.8027,-5.8027,-5.8027,-5.8027,기간만료,손절,손절,손절,손절,손절,손절,손절
047810,한국항공우주,방산·우주항공,2020-11-11,2020-11-12,24650.0,0.65,-3.6511,-3.2454,-2.2312,-2.8398,-0.8114,-0.2028,-4.4625,-4.4625,기간만료,기간만료,기간만료,기간만료,기간만료,기간만료,손절,손절
047810,한국항공우주,방산·우주항공,2020-12-11,2020-12-14,25100.0,-2.97,-1.1952,1.7928,3.1873,3.5857,0.3984,1.992,14.9402,10.1594,기간만료,기간만료,기간만료,기간만료,기간만료,기간만료,기간만료,기간만료
047810,한국항공우주,방산·우주항공,2021-01-04,2021-01-05,26950.0,2.24,5.7514,7.0501,5.7514,0.7421,2.5974,13.1725,22.6345,23.1911,기간만료,기간만료,기간만료,기간만료,기간만료,기간만료,기간만료,기간만료
047810,한국항공우주,방산·우주항공,2021-01-06,2021-01-07,28850.0,6.04,-1.2132,-1.5598,-5.8925,-5.8925,-5.8925,-5.8925,-5.8925,-5.8925,기간만료,기간만료,손절,손절,손절,손절,손절,손절
047810,한국항공우주,방산·우주항공,2021-01-18,2021-01-19,30500.0,4.33,-0.3279,4.918,5.9016,8.3607,2.7869,8.8525,31.1475,21.6393,기간만료,기간만료,기간만료,기간만료,기간만료,기간만료,기간만료,기간만료
047810,한국항공우주,방산·우주항공,2021-01-20,2021-01-21,32000.0,5.89,0.9375,-0.9375,3.2812,-2.0312,-3.125,9.8437,25.4687,17.6562,기간만료,기간만료,기간만료,기간만료,기간만료,기간만료,기간만료,기간만료
047810,한국항공우주,방산·우주항공,2021-02-04,2021-02-05,38800.0,8.96,0.7732,3.0928,-3.3505,2.7062,-4.3814,-4.6392,-6.1856,-6.1856,기간만료,기간만료,기간만료,기간만료,기간만료,기간만료,손절,손절
047810,한국항공우주,방산·우주항공,2021-05-24,2021-05-25,33100.0,2.65,2.568,3.4743,3.3233,3.3233,3.3233,4.5317,2.568,1.6616,기간만료,기간만료,기간만료,기간만료,기간만료,기간만료,기간만료,20일선이탈
047810,한국항공우주,방산·우주항공,2021-05-25,2021-05-26,33950.0,5.92,0.8837,0.7364,-0.1473,3.2401,0.8837,5.0074,-0.4418,-0.8837,기간만료,기간만료,기간만료,기간만료,기간만료,기간만료,기간만료,20일선이탈
047810,한국항공우주,방산·우주항공,2021-06-08,2021-06-09,35650.0,5.76,-0.561,-3.2258,-3.7868,-5.1893,-5.6101,-5.6101,-5.6101,-5.6101,기간만료,기간만료,기간만료,기간만료,손절,손절,손절,손절
047810,한국항공우주,방산·우주항공,2021-09-17,2021-09-23,32150.0,8.19,2.7994,2.9549,4.1991,0.9331,3.1104,-0.9331,-0.9331,-0.9331,기간만료,기간만료,기간만료,기간만료,기간만료,20일선이탈,20일선이탈,20일선이탈
047810,한국항공우주,방산·우주항공,2021-12-23,2021-12-24,31950.0,-0.1,0.0,-0.313,0.626,3.4429,0.939,5.9468,9.3897,11.1111,기간만료,기간만료,기간만료,기간만료,기간만료,기간만료,기간만료,기간만료
047810,한국항공우주,방산·우주항공,2022-01-07,2022-01-10,33900.0,9.62,-0.1475,0.295,0.295,6.0472,1.7699,8.9971,-0.4425,-0.4425,기간만료,기간만료,기간만료,기간만료,기간만료,기간만료,20일선이탈,20일선이탈
047810,한국항공우주,방산·우주항공,2022-01-13,2022-01-14,34800.0,9.68,3.3046,0.431,-0.8621,6.6092,2.0115,-3.0172,-3.0172,-3.0172,기간만료,기간만료,기간만료,기간만료,기간만료,기간만료,20일선이탈,20일선이탈
047810,한국항공우주,방산·우주항공,2022-01-14,2022-01-17,35950.0,11.92,-2.7816,-4.0334,-0.9736,2.7816,-3.0598,-6.1196,-6.1196,-6.1196,기간만료,기간만료,기간만료,기간만료,기간만료,손절,손절,손절
047810,한국항공우주,방산·우주항공,2022-01-20,2022-01-21,37100.0,9.7,-0.4043,-4.3127,-6.0647,-6.0647,-6.0647,-6.0647,-6.0647,-6.0647,기간만료,기간만료,손절,손절,손절,손절,손절,손절
047810,한국항공우주,방산·우주항공,2022-03-02,2022-03-03,37100.0,16.37,1.4825,4.8518,2.5606,1.752,4.0431,4.9865,17.1159,14.5553,기간만료,기간만료,기간만료,기간만료,기간만료,기간만료,기간만료,기간만료
047810,한국항공우주,방산·우주항공,2022-03-18,2022-03-21,39900.0,10.85,-0.1253,7.8947,7.7694,8.7719,3.2581,5.2632,4.7619,2.381,기간만료,기간만료,기간만료,기간만료,기간만료,기간만료,기간만료,20일선이탈
047810,한국항공우주,방산·우주항공,2022-03-22,2022-03-23,43050.0,13.55,-0.1161,0.9292,0.813,-4.2973,-1.2776,-4.878,-5.1103,-5.1103,기간만료,기간만료,기간만료,기간만료,기간만료,기간만료,20일선이탈,20일선이탈
047810,한국항공우주,방산·우주항공,2022-03-28,2022-03-29,45100.0,10.64,-8.6475,-8.6475,-8.6475,-8.6475,-8.6475,-8.6475,-8.6475,-8.6475,손절,손절,손절,손절,손절,손절,손절,손절
047810,한국항공우주,방산·우주항공,2022-05-02,2022-05-03,47100.0,5.84,0.4246,1.4862,2.2293,-2.1231,2.017,-1.8047,8.7049,12.5265,기간만료,기간만료,기간만료,기간만료,기간만료,기간만료,기간만료,기간만료
047810,한국항공우주,방산·우주항공,2022-06-07,2022-06-08,56800.0,3.11,0.1761,1.7606,4.0493,1.2324,-5.8099,-4.7535,-4.7535,-4.7535,기간만료,기간만료,기간만료,기간만료,기간만료,손절,손절,손절
047810,한국항공우주,방산·우주항공,2022-08-08,2022-08-09,60500.0,17.4,-6.9421,-6.9421,-6.9421,-6.9421,-6.9421,-6.9421,-6.9421,-6.9421,손절,손절,손절,손절,손절,손절,손절,손절
047810,한국항공우주,방산·우주항공,2022-08-29,2022-08-30,61500.0,11.98,-3.4146,-1.1382,-1.7886,0.6504,-4.878,-9.4309,-9.4309,-9.4309,기간만료,기간만료,기간만료,기간만료,기간만료,손절,손절,손절
047810,한국항공우주,방산·우주항공,2023-01-13,2023-01-16,49800.0,1.04,-3.5141,-3.5141,-3.5141,-3.5141,-3.5141,-3.5141,-3.5141,-3.5141,기간만료,20일선이탈,20일선이탈,20일선이탈,20일선이탈,20일선이탈,20일선이탈,20일선이탈
047810,한국항공우주,방산·우주항공,2023-03-28,2023-03-29,45600.0,-2.37,2.193,3.1798,4.2763,7.6754,11.6228,11.4035,21.4912,28.5088,기간만료,기간만료,기간만료,기간만료,기간만료,기간만료,기간만료,기간만료
047810,한국항공우주,방산·우주항공,2023-04-05,2023-04-06,51000.0,6.75,-0.1961,-0.7843,-0.1961,0.5882,0.7843,10.0,9.0196,7.2549,기간만료,기간만료,기간만료,기간만료,기간만료,기간만료,기간만료,기간만료
047810,한국항공우주,방산·우주항공,2023-04-20,2023-04-21,58200.0,17.47,-0.1718,3.4364,0.6873,-3.9519,-5.8419,-5.8419,-5.8419,-5.8419,기간만료,기간만료,기간만료,기간만료,손절,손절,손절,손절
047810,한국항공우주,방산·우주항공,2023-04-25,2023-04-26,58600.0,18.81,-5.1195,-4.6075,-6.4846,-6.4846,-6.4846,-6.4846,-6.4846,-6.4846,기간만료,기간만료,손절,손절,손절,손절,손절,손절
047810,한국항공우주,방산·우주항공,2023-06-19,2023-06-20,57400.0,13.4,-1.2195,-4.878,-4.878,-4.878,-4.878,-4.878,-4.878,-4.878,기간만료,손절,손절,손절,손절,손절,손절,손절
047810,한국항공우주,방산·우주항공,2023-10-10,2023-10-11,49650.0,1.68,2.719,1.1078,4.7331,2.5176,-2.4169,-2.4169,-2.4169,-2.4169,기간만료,기간만료,기간만료,기간만료,기간만료,20일선이탈,20일선이탈,20일선이탈
047810,한국항공우주,방산·우주항공,2023-12-01,2023-12-04,48200.0,4.87,-1.0373,-2.5934,-0.2075,-1.2448,-1.4523,-0.8299,3.527,12.6556,기간만료,기간만료,기간만료,기간만료,기간만료,기간만료,기간만료,기간만료
047810,한국항공우주,방산·우주항공,2024-01-03,2024-01-04,54300.0,1.17,0.5525,1.105,-0.3683,1.6575,1.2891,-1.4733,-0.9208,-0.9208,기간만료,기간만료,기간만료,기간만료,기간만료,기간만료,기간만료,20일선이탈
047810,한국항공우주,방산·우주항공,2024-05-02,2024-05-03,54300.0,9.93,-1.8416,-1.4733,-1.8416,-0.9208,1.105,0.9208,-1.6575,-1.6575,기간만료,기간만료,기간만료,기간만료,기간만료,기간만료,20일선이탈,20일선이탈
047810,한국항공우주,방산·우주항공,2024-05-28,2024-05-29,58100.0,-2.72,-2.5818,-5.852,-5.852,-5.852,-5.852,-5.852,-5.852,-5.852,기간만료,손절,손절,손절,손절,손절,손절,손절
047810,한국항공우주,방산·우주항공,2024-07-29,2024-07-30,55000.0,12.92,2.9091,2.7273,2.7273,-6.9091,-6.9091,-6.9091,-6.9091,-6.9091,기간만료,기간만료,기간만료,손절,손절,손절,손절,손절
047810,한국항공우주,방산·우주항공,2024-07-30,2024-07-31,56600.0,15.96,-0.1767,-0.1767,-4.7703,-9.5406,-9.5406,-9.5406,-9.5406,-9.5406,기간만료,기간만료,기간만료,손절,손절,손절,손절,손절
047810,한국항공우주,방산·우주항공,2024-10-21,2024-10-22,55700.0,8.34,2.1544,1.9749,1.9749,0.0,7.7199,1.7953,23.1598,18.1329,기간만료,기간만료,기간만료,기간만료,기간만료,기간만료,기간만료,기간만료
047810,한국항공우주,방산·우주항공,2024-10-29,2024-10-30,59100.0,9.64,1.5228,-2.0305,-2.3689,-0.3384,5.2453,14.2132,10.4907,3.8917,기간만료,기간만료,기간만료,기간만료,기간만료,기간만료,기간만료,20일선이탈
047810,한국항공우주,방산·우주항공,2024-10-30,2024-10-31,60000.0,9.09,-3.5,-3.8333,-5.5,3.0,6.6667,11.6667,8.0,2.3333,기간만료,기간만료,기간만료,기간만료,기간만료,기간만료,기간만료,20일선이탈
047810,한국항공우주,방산·우주항공,2024-11-11,2024-11-12,68600.0,19.76,-1.6035,-2.3324,0.7289,-4.0816,-5.5394,-8.309,-8.309,-8.309,기간만료,기간만료,기간만료,기간만료,기간만료,손절,손절,손절
047810,한국항공우주,방산·우주항공,2025-02-12,2025-02-13,53700.0,27.33,2.4209,2.2346,2.2346,8.5661,12.8492,11.5456,41.527,58.2868,기간만료,기간만료,기간만료,기간만료,기간만료,기간만료,기간만료,기간만료
047810,한국항공우주,방산·우주항공,2025-02-18,2025-02-19,58500.0,33.12,-0.3419,4.7863,3.5897,3.0769,9.7436,18.8034,42.3932,50.0855,기간만료,기간만료,기간만료,기간만료,기간만료,기간만료,기간만료,기간만료
047810,한국항공우주,방산·우주항공,2025-02-20,2025-02-21,61300.0,29.61,-1.1419,-3.752,-1.6313,4.7308,8.8091,30.3426,39.6411,39.1517,기간만료,기간만료,기간만료,기간만료,기간만료,기간만료,기간만료,기간만료
047810,한국항공우주,방산·우주항공,2025-02-27,2025-02-28,64200.0,25.54,0.0,3.8941,8.2555,24.4548,33.0218,33.3333,32.866,24.6106,기간만료,기간만료,기간만료,기간만료,기간만료,기간만료,기간만료,20일선이탈
047810,한국항공우주,방산·우주항공,2025-03-06,2025-03-07,76000.0,35.95,5.1316,7.3684,12.3684,11.8421,27.7632,8.8158,5.2632,5.2632,기간만료,기간만료,기간만료,기간만료,기간만료,기간만료,20일선이탈,20일선이탈
047810,한국항공우주,방산·우주항공,2025-05-09,2025-05-12,94300.0,20.44,-10.3924,-10.3924,-10.3924,-10.3924,-10.3924,-10.3924,-10.3924,-10.3924,손절,손절,손절,손절,손절,손절,손절,손절
047810,한국항공우주,방산·우주항공,2025-06-13,2025-06-16,101400.0,27.84,-5.3254,-3.3531,-5.1282,-4.931,-4.931,-4.931,-4.931,-4.931,기간만료,기간만료,기간만료,손절,손절,손절,손절,손절
047810,한국항공우주,방산·우주항공,2025-07-28,2025-07-29,97500.0,5.94,2.2564,-4.1026,-3.5897,-7.5897,-7.5897,-7.5897,-7.5897,-7.5897,기간만료,기간만료,기간만료,손절,손절,손절,손절,손절
047810,한국항공우주,방산·우주항공,2025-07-29,2025-07-30,99700.0,6.69,-6.2187,-6.2187,-6.2187,-6.2187,-6.2187,-6.2187,-6.2187,-6.2187,손절,손절,손절,손절,손절,손절,손절,손절
047810,한국항공우주,방산·우주항공,2025-09-11,2025-09-12,100800.0,5.13,-1.1905,-2.7778,2.1825,7.1429,5.1587,6.9444,4.6627,0.5952,기간만료,기간만료,기간만료,기간만료,기간만료,기간만료,기간만료,20일선이탈
047810,한국항공우주,방산·우주항공,2025-09-17,2025-09-18,112000.0,9.44,-3.5714,-5.2679,-5.3571,-5.3571,-5.3571,-5.3571,-5.3571,-5.3571,기간만료,기간만료,손절,손절,손절,손절,손절,손절
047810,한국항공우주,방산·우주항공,2025-11-17,2025-11-18,111800.0,-3.89,1.4311,-3.7567,-5.9928,-4.2934,-4.2934,-4.2934,-4.2934,-4.2934,기간만료,기간만료,기간만료,손절,손절,손절,손절,손절
047810,한국항공우주,방산·우주항공,2025-12-12,2025-12-15,116300.0,-5.48,-3.6973,-5.761,-5.761,-5.761,-5.761,-5.761,-5.761,-5.761,기간만료,손절,손절,손절,손절,손절,손절,손절
047810,한국항공우주,방산·우주항공,2026-01-06,2026-01-07,134800.0,5.98,3.2641,8.0119,13.0564,14.1691,22.5519,20.549,22.6261,23.7389,기간만료,기간만료,기간만료,기간만료,기간만료,기간만료,기간만료,기간만료
047810,한국항공우주,방산·우주항공,2026-01-08,2026-01-09,145600.0,6.81,4.6703,4.1896,5.7005,13.4615,13.3929,13.8049,19.7802,6.7308,기간만료,기간만료,기간만료,기간만료,기간만료,기간만료,기간만료,기간만료
047810,한국항공우주,방산·우주항공,2026-01-09,2026-01-12,152400.0,13.82,-0.4593,0.9843,2.0341,5.4462,6.6273,8.1365,8.727,1.9685,기간만료,기간만료,기간만료,기간만료,기간만료,기간만료,기간만료,20일선이탈
047810,한국항공우주,방산·우주항공,2026-02-13,2026-02-19,179200.0,-18.48,0.1116,-1.2277,-2.846,1.7857,12.4442,-5.0223,-5.0223,-5.0223,기간만료,기간만료,기간만료,기간만료,기간만료,손절,손절,손절
047810,한국항공우주,방산·우주항공,2026-03-03,2026-03-04,195000.0,4.02,-12.7179,-12.7179,-12.7179,-12.7179,-12.7179,-12.7179,-12.7179,-12.7179,손절,손절,손절,손절,손절,손절,손절,손절
079550,LIG넥스원,방산·우주항공,2020-04-21,2020-04-22,23500.0,29.54,-1.0638,2.1277,9.5745,11.2766,2.5532,1.7021,14.2553,37.8723,기간만료,기간만료,기간만료,기간만료,기간만료,기간만료,기간만료,기간만료
079550,LIG넥스원,방산·우주항공,2020-04-24,2020-04-27,25750.0,23.26,-0.5825,1.5534,-5.2427,-6.4078,-6.4078,-6.4078,-6.4078,-6.4078,기간만료,기간만료,기간만료,손절,손절,손절,손절,손절
079550,LIG넥스원,방산·우주항공,2020-06-15,2020-06-16,34400.0,11.4,4.9419,5.5233,3.9244,-3.9244,-3.9244,-3.9244,-3.9244,-3.9244,기간만료,기간만료,기간만료,20일선이탈,20일선이탈,20일선이탈,20일선이탈,20일선이탈
079550,LIG넥스원,방산·우주항공,2020-06-17,2020-06-18,36300.0,14.87,-1.5152,-8.9532,-8.9532,-8.9532,-8.9532,-8.9532,-8.9532,-8.9532,기간만료,손절,손절,손절,손절,손절,손절,손절
079550,LIG넥스원,방산·우주항공,2020-07-29,2020-07-30,35550.0,0.04,-2.6723,-5.3446,-5.3446,-5.3446,-5.3446,-5.3446,-5.3446,-5.3446,기간만료,손절,손절,손절,손절,손절,손절,손절
079550,LIG넥스원,방산·우주항공,2020-09-17,2020-09-18,34500.0,4.33,-0.5797,-0.4348,-5.5072,-5.5072,-5.5072,-5.5072,-5.5072,-5.5072,기간만료,기간만료,손절,손절,손절,손절,손절,손절
079550,LIG넥스원,방산·우주항공,2020-12-18,2020-12-21,30500.0,1.78,-1.6393,-3.7705,-3.7705,-3.7705,-3.7705,-3.7705,-3.7705,-3.7705,기간만료,기간만료,20일선이탈,20일선이탈,20일선이탈,20일선이탈,20일선이탈,20일선이탈
079550,LIG넥스원,방산·우주항공,2021-01-08,2021-01-11,31650.0,3.28,1.7378,2.2117,1.5798,3.9494,14.8499,30.1738,16.2717,43.2859,기간만료,기간만료,기간만료,기간만료,기간만료,기간만료,기간만료,기간만료
079550,LIG넥스원,방산·우주항공,2021-01-11,2021-01-12,32200.0,0.8,0.4658,-0.1553,2.4845,8.6957,23.4472,25.0,21.4286,33.3851,기간만료,기간만료,기간만료,기간만료,기간만료,기간만료,기간만료,기간만료
079550,LIG넥스원,방산·우주항공,2021-01-18,2021-01-19,35000.0,4.33,3.8571,13.5714,23.1429,15.0,8.4286,11.7143,22.7143,19.5714,기간만료,기간만료,기간만료,기간만료,기간만료,기간만료,기간만료,기간만료
079550,LIG넥스원,방산·우주항공,2021-01-20,2021-01-21,39750.0,5.89,8.4277,3.6478,1.2579,-4.5283,-4.2767,-4.2767,-4.2767,-4.2767,기간만료,기간만료,기간만료,기간만료,손절,손절,손절,손절
079550,LIG넥스원,방산·우주항공,2021-01-21,2021-01-22,43100.0,9.79,-4.4084,-6.6125,-6.6125,-6.6125,-6.6125,-6.6125,-6.6125,-6.6125,기간만료,손절,손절,손절,손절,손절,손절,손절
079550,LIG넥스원,방산·우주항공,2021-02-04,2021-02-05,43600.0,8.96,4.0138,-1.4908,-2.9817,-2.0642,-4.0138,-6.8807,-6.8807,-6.8807,기간만료,기간만료,기간만료,기간만료,기간만료,손절,손절,손절
079550,LIG넥스원,방산·우주항공,2021-02-05,2021-02-08,45350.0,10.33,-5.2922,-5.2922,-5.2922,-5.2922,-5.2922,-5.2922,-5.2922,-5.2922,손절,손절,손절,손절,손절,손절,손절,손절
079550,LIG넥스원,방산·우주항공,2021-04-05,2021-04-06,43900.0,6.09,-0.7973,-4.1002,-5.1253,-5.1253,-5.1253,-5.1253,-5.1253,-5.1253,기간만료,기간만료,손절,손절,손절,손절,손절,손절
079550,LIG넥스원,방산·우주항공,2021-05-18,2021-05-20,40850.0,2.88,-2.6928,-2.6928,-2.6928,-2.6928,-2.6928,-2.6928,-2.6928,-2.6928,기간만료,20일선이탈,20일선이탈,20일선이탈,20일선이탈,20일선이탈,20일선이탈,20일선이탈
079550,LIG넥스원,방산·우주항공,2021-05-24,2021-05-25,44150.0,2.65,5.5493,6.1155,2.4915,0.5663,1.1325,-1.6988,-1.812,-1.812,기간만료,기간만료,기간만료,기간만료,기간만료,기간만료,20일선이탈,20일선이탈
079550,LIG넥스원,방산·우주항공,2021-05-25,2021-05-26,46600.0,5.92,0.5365,-2.897,-3.97,-4.721,-4.721,-4.721,-4.721,-4.721,기간만료,기간만료,기간만료,손절,손절,손절,손절,손절
079550,LIG넥스원,방산·우주항공,2021-07-05,2021-07-06,44500.0,-0.64,-0.4494,-0.5618,-5.618,-5.618,-5.618,-5.618,-5.618,-5.618,기간만료,기간만료,기간만료,20일선이탈,20일선이탈,20일선이탈,20일선이탈,20일선이탈
079550,LIG넥스원,방산·우주항공,2021-08-12,2021-08-13,46300.0,3.65,-0.432,3.2397,4.3197,1.7279,1.8359,6.9114,10.5832,11.2311,기간만료,기간만료,기간만료,기간만료,기간만료,기간만료,기간만료,기간만료
079550,LIG넥스원,방산·우주항공,2021-08-17,2021-08-18,47800.0,1.78,1.046,0.523,-1.4644,-1.3598,4.6025,7.9498,8.5774,5.0209,기간만료,기간만료,기간만료,기간만료,기간만료,기간만료,기간만료,기간만료
079550,LIG넥스원,방산·우주항공,2021-08-30,2021-08-31,53400.0,4.94,-3.3708,-1.6854,-3.1835,-3.1835,-1.8727,-6.6479,-6.6479,-6.6479,기간만료,기간만료,기간만료,기간만료,기간만료,손절,손절,손절
079550,LIG넥스원,방산·우주항공,2021-11-17,2021-11-18,60400.0,-0.69,0.3311,5.4636,-5.298,-7.6159,-7.6159,-7.6159,-7.6159,-7.6159,기간만료,기간만료,기간만료,손절,손절,손절,손절,손절
079550,LIG넥스원,방산·우주항공,2021-11-19,2021-11-22,63700.0,2.1,-10.2041,-10.2041,-10.2041,-10.2041,-10.2041,-10.2041,-10.2041,-10.2041,손절,손절,손절,손절,손절,손절,손절,손절
079550,LIG넥스원,방산·우주항공,2021-12-17,2021-12-20,63100.0,-2.21,-2.6941,-2.3772,-3.0111,0.4754,3.4865,12.6783,6.3391,-2.6941,기간만료,기간만료,기간만료,기간만료,기간만료,기간만료,기간만료,기간만료
079550,LIG넥스원,방산·우주항공,2022-03-02,2022-03-03,71800.0,16.37,0.9749,5.8496,3.8997,2.6462,5.9889,-0.2786,9.0529,-0.6964,기간만료,기간만료,기간만료,기간만료,기간만료,기간만료,기간만료,20일선이탈
079550,LIG넥스원,방산·우주항공,2022-03-22,2022-03-23,77900.0,13.55,-3.9795,0.5135,-1.9255,-8.4724,-8.4724,-8.4724,-8.4724,-8.4724,기간만료,기간만료,기간만료,손절,손절,손절,손절,손절
079550,LIG넥스원,방산·우주항공,2022-04-27,2022-04-28,83000.0,4.69,-0.7229,-0.7229,3.3735,1.9277,0.0,-6.6265,-6.6265,-6.6265,기간만료,기간만료,기간만료,기간만료,기간만료,손절,손절,손절
079550,LIG넥스원,방산·우주항공,2022-07-29,2022-08-01,86900.0,1.35,-0.6904,-0.1151,0.3452,2.9919,7.4799,2.1864,4.0276,23.13,기간만료,기간만료,기간만료,기간만료,기간만료,기간만료,기간만료,기간만료
079550,LIG넥스원,방산·우주항공,2022-08-08,2022-08-09,95400.0,17.4,-2.0964,-2.5157,-5.1363,-5.1363,-5.1363,-5.1363,-5.1363,-5.1363,기간만료,기간만료,손절,손절,손절,손절,손절,손절
079550,LIG넥스원,방산·우주항공,2022-08-18,2022-08-19,91600.0,16.12,-1.4192,-1.31,5.5677,13.5371,16.8122,13.5371,11.8996,2.2926,기간만료,기간만료,기간만료,기간만료,기간만료,기간만료,기간만료,20일선이탈
079550,LIG넥스원,방산·우주항공,2022-08-24,2022-08-25,101000.0,17.79,2.9703,1.9802,5.9406,2.9703,4.4554,2.9703,-7.2277,-7.2277,기간만료,기간만료,기간만료,기간만료,기간만료,기간만료,손절,손절
079550,LIG넥스원,방산·우주항공,2022-12-27,2022-12-28,93200.0,5.08,-1.7167,0.3219,-4.9356,-4.9356,-4.9356,-4.9356,-4.9356,-4.9356,기간만료,기간만료,기간만료,20일선이탈,20일선이탈,20일선이탈,20일선이탈,20일선이탈
079550,LIG넥스원,방산·우주항공,2023-04-17,2023-04-18,77200.0,7.29,1.0363,1.5544,5.3109,11.1399,8.6788,3.7565,1.6839,1.6839,기간만료,기간만료,기간만료,기간만료,기간만료,기간만료,20일선이탈,20일선이탈
079550,LIG넥스원,방산·우주항공,2023-04-20,2023-04-21,81300.0,17.47,-0.123,5.5351,7.3801,6.3961,-1.476,-0.984,-3.444,-3.444,기간만료,기간만료,기간만료,기간만료,기간만료,기간만료,20일선이탈,20일선이탈
079550,LIG넥스원,방산·우주항공,2023-04-24,2023-04-25,85800.0,19.19,1.7483,-2.2145,0.8159,-9.0909,-9.0909,-9.0909,-9.0909,-9.0909,기간만료,기간만료,기간만료,손절,손절,손절,손절,손절
079550,LIG넥스원,방산·우주항공,2023-04-25,2023-04-26,87300.0,18.81,-3.8946,-0.9164,-10.6529,-10.6529,-10.6529,-10.6529,-10.6529,-10.6529,기간만료,기간만료,손절,손절,손절,손절,손절,손절
079550,LIG넥스원,방산·우주항공,2023-06-19,2023-06-20,87400.0,13.4,-2.8604,-6.1785,-6.1785,-6.1785,-6.1785,-6.1785,-6.1785,-6.1785,기간만료,손절,손절,손절,손절,손절,손절,손절
079550,LIG넥스원,방산·우주항공,2023-07-05,2023-07-06,86700.0,11.96,-0.8074,-1.4994,0.0,3.1142,-1.1534,-7.0358,-7.0358,-7.0358,기간만료,기간만료,기간만료,기간만료,기간만료,손절,손절,손절
079550,LIG넥스원,방산·우주항공,2023-08-29,2023-08-30,83400.0,-2.8,-0.4796,2.1583,0.2398,-0.4796,0.5995,-0.5995,2.2782,0.7194,기간만료,기간만료,기간만료,기간만료,기간만료,기간만료,기간만료,20일선이탈
079550,LIG넥스원,방산·우주항공,2023-09-06,2023-09-07,86400.0,-3.34,-2.8935,-1.8519,-1.0417,-2.662,-2.3148,-1.0417,-2.7778,-2.7778,기간만료,기간만료,기간만료,기간만료,기간만료,기간만료,20일선이탈,20일선이탈
079550,LIG넥스원,방산·우주항공,2023-10-10,2023-10-11,90000.0,1.68,1.2222,-3.1111,0.3333,-6.0,-6.0,-6.0,-6.0,-6.0,기간만료,기간만료,기간만료,손절,손절,손절,손절,손절
079550,LIG넥스원,방산·우주항공,2023-12-11,2023-12-12,126000.0,6.52,4.6032,2.9365,0.4762,11.1111,8.254,4.3651,0.6349,-2.1429,기간만료,기간만료,기간만료,기간만료,기간만료,기간만료,기간만료,20일선이탈
079550,LIG넥스원,방산·우주항공,2023-12-12,2023-12-13,131800.0,6.47,-1.5933,-3.9454,0.9105,4.78,4.8558,-1.7451,-6.4492,-6.4492,기간만료,기간만료,기간만료,기간만료,기간만료,기간만료,손절,손절
079550,LIG넥스원,방산·우주항공,2023-12-18,2023-12-19,140000.0,4.69,-1.3571,-2.5714,-1.2857,-6.0714,-6.0714,-6.0714,-6.0714,-6.0714,기간만료,기간만료,기간만료,손절,손절,손절,손절,손절
079550,LIG넥스원,방산·우주항공,2024-02-14,2024-02-15,129300.0,-0.57,-1.6241,0.0,0.9281,4.8724,2.7069,8.5847,38.2057,29.4664,기간만료,기간만료,기간만료,기간만료,기간만료,기간만료,기간만료,기간만료
079550,LIG넥스원,방산·우주항공,2024-03-06,2024-03-07,170000.0,17.36,5.1176,8.4706,5.1176,1.4118,-3.1176,-4.8824,-4.8824,-4.8824,기간만료,기간만료,기간만료,기간만료,기간만료,손절,손절,손절
079550,LIG넥스원,방산·우주항공,2024-05-02,2024-05-03,177700.0,9.93,-3.9955,-4.6708,-6.5279,-6.5279,-6.5279,-6.5279,-6.5279,-6.5279,기간만료,기간만료,손절,손절,손절,손절,손절,손절
079550,LIG넥스원,방산·우주항공,2024-06-17,2024-06-18,204500.0,3.04,-0.7335,2.445,4.401,4.89,-2.6895,7.824,-3.6675,-3.6675,기간만료,기간만료,기간만료,기간만료,기간만료,기간만료,20일선이탈,20일선이탈
079550,LIG넥스원,방산·우주항공,2024-06-19,2024-06-20,209500.0,3.08,1.9093,-0.9547,2.3866,-5.0119,4.0573,-5.4893,-5.4893,-5.4893,기간만료,기간만료,기간만료,기간만료,기간만료,손절,손절,손절
079550,LIG넥스원,방산·우주항공,2024-07-15,2024-07-16,235500.0,1.63,2.3355,-0.2123,-2.1231,-4.034,-2.3355,-8.7049,-8.7049,-8.7049,기간만료,기간만료,기간만료,기간만료,기간만료,손절,손절,손절
079550,LIG넥스원,방산·우주항공,2024-09-11,2024-09-12,204000.0,-2.16,-0.7353,2.6961,5.1471,5.3922,9.0686,6.8627,19.3627,23.7745,기간만료,기간만료,기간만료,기간만료,기간만료,기간만료,기간만료,기간만료
079550,LIG넥스원,방산·우주항공,2024-10-07,2024-10-08,242000.0,7.48,1.0331,0.6198,1.2397,0.6198,4.3388,8.2645,2.4793,0.6198,기간만료,기간만료,기간만료,기간만료,기간만료,기간만료,기간만료,20일선이탈
079550,LIG넥스원,방산·우주항공,2024-11-06,2024-11-07,263500.0,3.73,1.8975,0.1898,1.518,-5.5028,-5.5028,-5.5028,-5.5028,-5.5028,기간만료,기간만료,기간만료,손절,손절,손절,손절,손절
079550,LIG넥스원,방산·우주항공,2025-01-02,2025-01-03,249000.0,8.44,5.0201,1.004,-2.008,-6.4257,-6.4257,-6.4257,-6.4257,-6.4257,기간만료,기간만료,기간만료,손절,손절,손절,손절,손절
079550,LIG넥스원,방산·우주항공,2025-02-12,2025-02-13,285500.0,27.33,3.6778,-0.1751,1.4011,5.2539,8.5814,2.627,-1.9264,-1.9264,기간만료,기간만료,기간만료,기간만료,기간만료,기간만료,손절,손절
079550,LIG넥스원,방산·우주항공,2025-02-18,2025-02-19,307000.0,33.12,-2.1173,-1.1401,0.9772,0.1629,-6.3518,-6.3518,-6.3518,-6.3518,기간만료,기간만료,기간만료,기간만료,손절,손절,손절,손절
079550,LIG넥스원,방산·우주항공,2025-05-08,2025-05-09,376000.0,20.57,5.5851,-2.7926,0.266,4.6543,7.8457,9.9734,15.5585,18.2181,기간만료,기간만료,기간만료,기간만료,기간만료,기간만료,기간만료,기간만료
079550,LIG넥스원,방산·우주항공,2025-06-13,2025-06-16,548000.0,27.84,-1.4599,5.8394,4.1971,18.2482,-1.4599,-2.3723,-3.2847,-3.2847,기간만료,기간만료,기간만료,기간만료,기간만료,기간만료,20일선이탈,20일선이탈
079550,LIG넥스원,방산·우주항공,2025-10-24,2025-10-27,488000.0,-10.87,3.8934,3.6885,5.3279,5.9426,4.3033,0.7172,0.7172,0.7172,기간만료,기간만료,기간만료,기간만료,기간만료,20일선이탈,20일선이탈,20일선이탈
079550,LIG넥스원,방산·우주항공,2025-12-19,2025-12-22,425000.0,-2.3,-1.1765,-1.2941,-2.9412,-6.5882,-6.5882,-6.5882,-6.5882,-6.5882,기간만료,기간만료,기간만료,손절,손절,손절,손절,손절
079550,LIG넥스원,방산·우주항공,2026-01-08,2026-01-09,535000.0,6.81,5.4206,4.8598,4.8598,2.9907,2.8037,-0.5607,-3.1776,-3.1776,기간만료,기간만료,기간만료,기간만료,기간만료,기간만료,20일선이탈,20일선이탈
079550,LIG넥스원,방산·우주항공,2026-03-03,2026-03-04,825000.0,4.02,-21.4545,-21.4545,-21.4545,-21.4545,-21.4545,-21.4545,-21.4545,-21.4545,손절,손절,손절,손절,손절,손절,손절,손절
079550,LIG넥스원,방산·우주항공,2026-03-05,2026-03-06,843000.0,4.54,4.0332,-12.8114,-12.8114,-12.8114,-12.8114,-12.8114,-12.8114,-12.8114,기간만료,손절,손절,손절,손절,손절,손절,손절
079550,LIG넥스원,방산·우주항공,2026-03-06,2026-03-09,877000.0,10.3,-16.1916,-16.1916,-16.1916,-16.1916,-16.1916,-16.1916,-16.1916,-16.1916,손절,손절,손절,손절,손절,손절,손절,손절
079550,LIG넥스원,방산·우주항공,2026-04-22,2026-04-23,993000.0,-1.9,0.3021,-1.1078,-4.5317,-3.9275,-3.9275,-3.9275,-3.9275,-3.9275,기간만료,기간만료,기간만료,손절,손절,손절,손절,손절
079550,LIG넥스원,방산·우주항공,2026-06-16,2026-06-17,997000.0,-14.92,-6.1184,-12.7382,-12.7382,-12.7382,-12.7382,-12.7382,-12.7382,-12.7382,기간만료,손절,손절,손절,손절,손절,손절,손절
064350,현대로템,방산·우주항공,2020-03-31,2020-04-01,12000.0,-9.8,-2.9167,0.4167,-2.5,2.9167,1.6667,7.0833,48.3333,56.6667,기간만료,기간만료,기간만료,기간만료,기간만료,기간만료,기간만료,기간만료
064350,현대로템,방산·우주항공,2020-04-16,2020-04-17,14200.0,6.26,-0.7042,28.5211,22.1831,26.4085,30.9859,24.6479,20.4225,13.3803,기간만료,기간만료,기간만료,기간만료,기간만료,기간만료,기간만료,20일선이탈
064350,현대로템,방산·우주항공,2020-04-20,2020-04-21,18250.0,18.01,-4.9315,-2.4658,-1.6438,-1.9178,-1.9178,-1.9178,-1.9178,-1.9178,기간만료,기간만료,기간만료,손절,손절,손절,손절,손절
064350,현대로템,방산·우주항공,2020-04-21,2020-04-22,17350.0,29.54,2.5937,3.4582,3.17,6.6282,2.0173,3.17,-7.2046,-7.2046,기간만료,기간만료,기간만료,기간만료,기간만료,기간만료,손절,손절
064350,현대로템,방산·우주항공,2020-06-24,2020-06-25,16100.0,0.82,-1.5528,-5.9006,-3.4161,-3.4161,-3.4161,-3.4161,-3.4161,-3.4161,기간만료,기간만료,손절,손절,손절,손절,손절,손절
064350,현대로템,방산·우주항공,2020-07-28,2020-07-29,18450.0,-2.1,-4.878,-0.813,-1.626,-5.1491,-5.1491,-5.1491,-5.1491,-5.1491,기간만료,기간만료,기간만료,손절,손절,손절,손절,손절
064350,현대로템,방산·우주항공,2020-11-04,2020-11-05,15350.0,-3.77,2.9316,2.9316,2.9316,2.9316,2.9316,2.9316,2.9316,2.9316,기간만료,20일선이탈,20일선이탈,20일선이탈,20일선이탈,20일선이탈,20일선이탈,20일선이탈
064350,현대로템,방산·우주항공,2020-12-10,2020-12-11,16750.0,-4.81,-1.791,-1.4925,2.0896,-0.597,3.2836,0.0,30.4478,26.5672,기간만료,기간만료,기간만료,기간만료,기간만료,기간만료,기간만료,기간만료
064350,현대로템,방산·우주항공,2020-12-15,2020-12-16,17100.0,-1.48,-1.1696,-2.6316,-0.2924,-2.3392,-2.0468,2.6316,33.9181,18.7135,기간만료,기간만료,기간만료,기간만료,기간만료,기간만료,기간만료,기간만료
064350,현대로템,방산·우주항공,2020-12-18,2020-12-21,17050.0,1.78,1.4663,-2.0528,-2.6393,-2.346,2.9326,29.3255,19.9413,25.2199,기간만료,기간만료,기간만료,기간만료,기간만료,기간만료,기간만료,기간만료
064350,현대로템,방산·우주항공,2021-01-04,2021-01-05,20250.0,2.24,7.9012,8.8889,9.8765,1.4815,0.9877,-0.4938,4.9383,-1.4815,기간만료,기간만료,기간만료,기간만료,기간만료,기간만료,기간만료,20일선이탈
064350,현대로템,방산·우주항공,2021-01-05,2021-01-06,21850.0,5.28,0.9153,1.8307,4.8055,-2.9748,-6.4073,-6.4073,-6.4073,-6.4073,기간만료,기간만료,기간만료,기간만료,손절,손절,손절,손절
064350,현대로템,방산·우주항공,2021-01-08,2021-01-11,22900.0,3.28,-10.262,-10.262,-10.262,-10.262,-10.262,-10.262,-10.262,-10.262,손절,손절,손절,손절,손절,손절,손절,손절
064350,현대로템,방산·우주항공,2021-03-12,2021-03-15,21200.0,0.28,-1.8868,-1.1792,-1.6509,-2.1226,-6.1321,-6.1321,-6.1321,-6.1321,기간만료,기간만료,기간만료,기간만료,손절,손절,손절,손절
064350,현대로템,방산·우주항공,2021-04-20,2021-04-21,21250.0,1.79,-3.7647,-3.5294,-3.7647,-2.1176,-3.5294,-4.7059,-4.7059,-4.7059,기간만료,기간만료,기간만료,기간만료,기간만료,손절,손절,손절
064350,현대로템,방산·우주항공,2021-06-01,2021-06-02,22050.0,4.86,-0.907,-2.7211,4.3084,8.1633,11.7914,9.2971,11.1111,12.0181,기간만료,기간만료,기간만료,기간만료,기간만료,기간만료,기간만료,기간만료
064350,현대로템,방산·우주항공,2021-06-04,2021-06-07,23000.0,3.91,4.3478,3.6957,6.9565,9.3478,4.7826,8.4783,5.6522,5.6522,기간만료,기간만료,기간만료,기간만료,기간만료,기간만료,기간만료,20일선이탈
064350,현대로템,방산·우주항공,2021-06-07,2021-06-08,24000.0,5.75,-0.625,2.5,2.7083,7.5,0.0,2.5,2.7083,1.25,기간만료,기간만료,기간만료,기간만료,기간만료,기간만료,기간만료,20일선이탈
064350,현대로템,방산·우주항공,2021-06-14,2021-06-15,25800.0,5.22,-6.5891,-6.5891,-6.5891,-6.5891,-6.5891,-6.5891,-6.5891,-6.5891,손절,손절,손절,손절,손절,손절,손절,손절
064350,현대로템,방산·우주항공,2021-07-27,2021-07-28,24000.0,1.29,0.8333,1.4583,2.5,4.1667,6.4583,3.3333,-2.7083,-2.7083,기간만료,기간만료,기간만료,기간만료,기간만료,기간만료,20일선이탈,20일선이탈
064350,현대로템,방산·우주항공,2021-08-06,2021-08-09,27000.0,1.31,-2.4074,-8.1481,-8.1481,-8.1481,-8.1481,-8.1481,-8.1481,-8.1481,기간만료,손절,손절,손절,손절,손절,손절,손절
064350,현대로템,방산·우주항공,2021-08-26,2021-08-27,25550.0,3.17,2.7397,3.1311,4.501,4.3053,4.1096,-2.9354,-2.9354,-2.9354,기간만료,기간만료,기간만료,기간만료,기간만료,기간만료,20일선이탈,20일선이탈
064350,현대로템,방산·우주항공,2022-01-13,2022-01-14,22400.0,9.68,1.5625,-0.8929,-6.4732,-8.0357,-8.0357,-8.0357,-8.0357,-8.0357,기간만료,기간만료,기간만료,손절,손절,손절,손절,손절
064350,현대로템,방산·우주항공,2022-03-31,2022-04-01,20250.0,-2.29,-1.2346,-1.2346,-2.716,-5.1852,-5.1852,-5.1852,-5.1852,-5.1852,기간만료,기간만료,기간만료,20일선이탈,20일선이탈,20일선이탈,20일선이탈,20일선이탈
064350,현대로템,방산·우주항공,2022-06-07,2022-06-08,22300.0,3.11,-4.7085,-4.7085,-4.7085,-4.7085,-4.7085,-4.7085,-4.7085,-4.7085,손절,손절,손절,손절,손절,손절,손절,손절
064350,현대로템,방산·우주항공,2022-06-08,2022-06-09,21250.0,2.16,6.3529,6.1176,3.0588,-2.8235,-9.8824,-9.8824,-9.8824,-9.8824,기간만료,기간만료,기간만료,기간만료,손절,손절,손절,손절
064350,현대로템,방산·우주항공,2022-06-09,2022-06-10,22600.0,6.37,-0.2212,-3.0973,-2.4336,-8.6283,-8.6283,-8.6283,-8.6283,-8.6283,기간만료,기간만료,기간만료,손절,손절,손절,손절,손절
064350,현대로템,방산·우주항공,2022-07-19,2022-07-20,20650.0,-4.58,-3.1477,0.7264,18.4019,24.2131,22.7603,24.4552,19.3705,24.9395,기간만료,기간만료,기간만료,기간만료,기간만료,기간만료,기간만료,기간만료
064350,현대로템,방산·우주항공,2022-07-22,2022-07-25,24450.0,2.45,2.454,4.908,3.681,8.18,5.1125,1.0225,6.3395,6.953,기간만료,기간만료,기간만료,기간만료,기간만료,기간만료,기간만료,기간만료
064350,현대로템,방산·우주항공,2022-07-25,2022-07-26,25050.0,2.99,2.3952,1.1976,1.1976,4.3912,1.996,2.1956,1.7964,9.1816,기간만료,기간만료,기간만료,기간만료,기간만료,기간만료,기간만료,기간만료
064350,현대로템,방산·우주항공,2022-07-29,2022-08-01,26450.0,1.35,-1.1342,-2.8355,-3.4026,-3.4026,-3.4026,-3.4026,-3.4026,-3.4026,기간만료,기간만료,손절,손절,손절,손절,손절,손절
064350,현대로템,방산·우주항공,2022-08-24,2022-08-25,31450.0,17.79,3.9746,-4.7695,-1.9078,-6.9952,-6.9952,-6.9952,-6.9952,-6.9952,기간만료,기간만료,기간만료,손절,손절,손절,손절,손절
064350,현대로템,방산·우주항공,2022-11-10,2022-11-11,26500.0,4.1,-2.8302,-3.5849,-2.4528,6.9811,9.434,12.8302,20.7547,7.7358,기간만료,기간만료,기간만료,기간만료,기간만료,기간만료,기간만료,20일선이탈
064350,현대로템,방산·우주항공,2022-11-16,2022-11-17,27800.0,-0.1,1.9784,0.0,4.3165,7.3741,8.6331,11.5108,2.6978,2.6978,기간만료,기간만료,기간만료,기간만료,기간만료,기간만료,기간만료,20일선이탈
064350,현대로템,방산·우주항공,2022-11-17,2022-11-18,28350.0,-0.93,-1.94,2.2928,2.6455,5.4674,5.1146,12.8748,0.7055,0.7055,기간만료,기간만료,기간만료,기간만료,기간만료,기간만료,20일선이탈,20일선이탈
064350,현대로템,방산·우주항공,2022-11-21,2022-11-22,29000.0,0.7,0.3448,2.931,3.1034,2.7586,6.8966,0.6897,-1.5517,-1.5517,기간만료,기간만료,기간만료,기간만료,기간만료,기간만료,20일선이탈,20일선이탈
064350,현대로템,방산·우주항공,2022-11-23,2022-11-24,29850.0,4.1,0.1675,1.1725,-0.1675,3.8526,1.5075,-4.3551,-4.3551,-4.3551,기간만료,기간만료,기간만료,기간만료,기간만료,기간만료,20일선이탈,20일선이탈
064350,현대로템,방산·우주항공,2023-03-15,2023-03-16,24850.0,-2.86,3.6217,2.4145,4.829,-0.6036,-0.6036,-0.6036,-0.6036,-0.6036,기간만료,기간만료,기간만료,기간만료,20일선이탈,20일선이탈,20일선이탈,20일선이탈
064350,현대로템,방산·우주항공,2023-04-05,2023-04-06,27650.0,6.75,-2.8933,-3.9783,-5.2441,-4.8825,-4.8825,-4.8825,-4.8825,-4.8825,기간만료,기간만료,기간만료,손절,손절,손절,손절,손절
064350,현대로템,방산·우주항공,2023-04-20,2023-04-21,32050.0,17.47,4.6802,11.7005,11.0764,6.3963,6.0842,7.9563,2.8081,1.8721,기간만료,기간만료,기간만료,기간만료,기간만료,기간만료,기간만료,20일선이탈
064350,현대로템,방산·우주항공,2023-04-21,2023-04-24,33550.0,16.68,6.7064,6.1103,1.0432,-1.7884,3.4277,1.1923,-2.6826,-2.6826,기간만료,기간만료,기간만료,기간만료,기간만료,기간만료,기간만료,20일선이탈
064350,현대로템,방산·우주항공,2023-04-24,2023-04-25,35800.0,19.19,-0.5587,-5.3073,-4.7486,-7.9609,-7.9609,-7.9609,-7.9609,-7.9609,기간만료,기간만료,기간만료,손절,손절,손절,손절,손절
064350,현대로템,방산·우주항공,2023-04-25,2023-04-26,35600.0,18.81,-4.7753,-4.2135,-7.4438,-7.4438,-7.4438,-7.4438,-7.4438,-7.4438,기간만료,기간만료,손절,손절,손절,손절,손절,손절
064350,현대로템,방산·우주항공,2023-06-12,2023-06-13,32200.0,-0.32,-2.1739,-2.1739,-2.1739,-2.1739,-2.1739,-2.1739,-2.1739,-2.1739,기간만료,20일선이탈,20일선이탈,20일선이탈,20일선이탈,20일선이탈,20일선이탈,20일선이탈
064350,현대로템,방산·우주항공,2023-06-14,2023-06-15,32600.0,1.45,1.3804,3.8344,16.2577,18.0982,11.9632,9.9693,18.865,11.3497,기간만료,기간만료,기간만료,기간만료,기간만료,기간만료,기간만료,20일선이탈
064350,현대로템,방산·우주항공,2023-06-19,2023-06-20,37900.0,13.4,2.7704,1.5831,1.715,-2.2427,-5.409,-5.409,-5.409,-5.409,기간만료,기간만료,기간만료,기간만료,손절,손절,손절,손절
064350,현대로템,방산·우주항공,2023-06-20,2023-06-21,38950.0,14.88,-1.1553,-1.027,-6.2901,-6.2901,-6.2901,-6.2901,-6.2901,-6.2901,기간만료,기간만료,손절,손절,손절,손절,손절,손절
064350,현대로템,방산·우주항공,2023-06-30,2023-07-03,36750.0,11.72,-1.3605,2.1769,5.4422,4.2177,-1.2245,-1.2245,-1.2245,-1.2245,기간만료,기간만료,기간만료,기간만료,20일선이탈,20일선이탈,20일선이탈,20일선이탈
064350,현대로템,방산·우주항공,2023-09-06,2023-09-07,31850.0,-3.34,-3.7677,-3.4537,-2.0408,-7.2214,-7.2214,-7.2214,-7.2214,-7.2214,기간만료,기간만료,기간만료,손절,손절,손절,손절,손절
064350,현대로템,방산·우주항공,2023-12-01,2023-12-04,28050.0,4.87,3.3868,3.2086,5.3476,2.6738,-4.2781,-4.2781,-4.2781,-4.2781,기간만료,기간만료,기간만료,기간만료,기간만료,20일선이탈,20일선이탈,20일선이탈
064350,현대로템,방산·우주항공,2023-12-04,2023-12-05,29000.0,7.33,-0.1724,1.8966,0.1724,-6.2069,-7.4138,-7.4138,-7.4138,-7.4138,기간만료,기간만료,기간만료,기간만료,손절,손절,손절,손절
064350,현대로템,방산·우주항공,2024-01-31,2024-02-01,28100.0,-0.99,-1.7794,-3.7367,-3.7367,-2.1352,-2.1352,-2.1352,-2.1352,-2.1352,기간만료,기간만료,기간만료,20일선이탈,20일선이탈,20일선이탈,20일선이탈,20일선이탈
064350,현대로템,방산·우주항공,2024-02-22,2024-02-23,33950.0,1.37,-3.2401,-1.7673,-1.3255,-1.3255,-5.5965,-5.5965,-5.5965,-5.5965,기간만료,기간만료,기간만료,기간만료,손절,손절,손절,손절
064350,현대로템,방산·우주항공,2024-03-29,2024-04-01,36950.0,5.36,3.9242,5.0068,4.8714,2.1651,11.502,5.6834,8.6604,2.977,기간만료,기간만료,기간만료,기간만료,기간만료,기간만료,기간만료,20일선이탈
064350,현대로템,방산·우주항공,2024-04-01,2024-04-02,38400.0,9.72,1.0417,0.9115,-0.7812,-1.3021,8.9844,0.5208,5.9896,-0.9115,기간만료,기간만료,기간만료,기간만료,기간만료,기간만료,기간만료,20일선이탈
064350,현대로템,방산·우주항공,2024-04-09,2024-04-11,41200.0,8.42,1.5777,1.9417,-5.2184,-5.2184,-5.2184,-5.2184,-5.2184,-5.2184,기간만료,기간만료,손절,손절,손절,손절,손절,손절
064350,현대로템,방산·우주항공,2024-06-17,2024-06-18,42450.0,3.04,-4.8292,-4.8292,-4.8292,-4.8292,-4.8292,-4.8292,-4.8292,-4.8292,손절,손절,손절,손절,손절,손절,손절,손절
064350,현대로템,방산·우주항공,2024-07-10,2024-07-11,41700.0,4.21,-1.9185,-1.7986,3.717,3.8369,1.0791,12.7098,17.2662,10.7914,기간만료,기간만료,기간만료,기간만료,기간만료,기간만료,기간만료,20일선이탈
064350,현대로템,방산·우주항공,2024-07-15,2024-07-16,43250.0,1.63,0.3468,0.1156,-2.5434,-2.4277,8.6705,15.2601,6.8208,6.8208,기간만료,기간만료,기간만료,기간만료,기간만료,기간만료,기간만료,20일선이탈
064350,현대로템,방산·우주항공,2024-07-23,2024-07-24,46500.0,8.32,1.0753,-4.5161,-4.5161,-4.5161,-4.5161,-4.5161,-4.5161,-4.5161,기간만료,손절,손절,손절,손절,손절,손절,손절
064350,현대로템,방산·우주항공,2024-08-13,2024-08-14,52800.0,10.71,2.8409,3.0303,0.3788,4.1667,3.0303,-0.3788,0.3788,-3.5985,기간만료,기간만료,기간만료,기간만료,기간만료,기간만료,기간만료,20일선이탈
064350,현대로템,방산·우주항공,2024-10-07,2024-10-08,60600.0,7.48,1.4851,-0.165,2.4752,4.2904,11.2211,9.4059,7.0957,1.9802,기간만료,기간만료,기간만료,기간만료,기간만료,기간만료,기간만료,20일선이탈
064350,현대로템,방산·우주항공,2025-02-06,2025-02-07,74000.0,11.38,7.973,8.1081,5.9459,8.1081,17.2973,16.4865,10.6757,11.6216,기간만료,기간만료,기간만료,기간만료,기간만료,기간만료,기간만료,20일선이탈
064350,현대로템,방산·우주항공,2025-02-07,2025-02-10,79900.0,14.85,0.1252,-1.8773,0.1252,3.7547,12.2653,11.3892,3.3792,3.3792,기간만료,기간만료,기간만료,기간만료,기간만료,기간만료,기간만료,20일선이탈
064350,현대로템,방산·우주항공,2025-03-12,2025-03-13,96700.0,25.82,5.8945,7.2389,12.7198,13.8573,16.7528,10.7549,-0.3102,-0.3102,기간만료,기간만료,기간만료,기간만료,기간만료,기간만료,기간만료,20일선이탈
064350,현대로템,방산·우주항공,2025-03-13,2025-03-14,102400.0,17.33,1.2695,6.4453,10.1562,1.0742,13.0859,1.4648,-5.8594,-5.8594,기간만료,기간만료,기간만료,기간만료,기간만료,기간만료,20일선이탈,20일선이탈
064350,현대로템,방산·우주항공,2025-05-26,2025-05-27,139700.0,9.76,2.0759,1.8611,5.0107,10.2362,10.2362,23.98,40.7301,39.9427,기간만료,기간만료,기간만료,기간만료,기간만료,기간만료,기간만료,기간만료
064350,현대로템,방산·우주항공,2025-10-22,2025-10-23,230500.0,-12.8,4.5553,1.9523,4.5553,0.2169,0.2169,-4.7722,-4.7722,-4.7722,기간만료,기간만료,기간만료,기간만료,기간만료,손절,손절,손절
064350,현대로템,방산·우주항공,2025-10-23,2025-10-24,241000.0,-11.25,-2.4896,0.0,-0.8299,-5.3942,-1.2448,-8.9212,-8.9212,-8.9212,기간만료,기간만료,기간만료,기간만료,기간만료,손절,손절,손절
064350,현대로템,방산·우주항공,2026-03-03,2026-03-04,260000.0,4.02,-16.3462,-16.3462,-16.3462,-16.3462,-16.3462,-16.3462,-16.3462,-16.3462,손절,손절,손절,손절,손절,손절,손절,손절
064350,현대로템,방산·우주항공,2026-04-02,2026-04-03,202000.0,0.61,2.9703,2.7228,3.2178,0.495,3.4653,8.4158,18.3168,33.6634,기간만료,기간만료,기간만료,기간만료,기간만료,기간만료,기간만료,기간만료
272210,한화시스템,방산·우주항공,2020-04-24,2020-04-27,7783.91796875,23.26,-0.6842,0.0,-5.1311,-6.8415,-6.8415,-6.8415,-6.8415,-6.8415,기간만료,기간만료,기간만료,손절,손절,손절,손절,손절
272210,한화시스템,방산·우주항공,2020-06-08,2020-06-09,8662.603515625,9.6,1.7418,-1.8443,-9.5287,-3.1762,-3.1762,-3.1762,-3.1762,-3.1762,기간만료,기간만료,기간만료,손절,손절,손절,손절,손절
272210,한화시스템,방산·우주항공,2020-06-09,2020-06-10,8813.4892578125,14.76,-3.5247,-11.0775,-11.0775,-11.0775,-11.0775,-11.0775,-11.0775,-11.0775,기간만료,손절,손절,손절,손절,손절,손절,손절
272210,한화시스템,방산·우주항공,2020-06-17,2020-06-18,9097.509765625,14.87,-2.5366,-8.1951,-8.1951,-8.1951,-8.1951,-8.1951,-8.1951,-8.1951,기간만료,손절,손절,손절,손절,손절,손절,손절
272210,한화시스템,방산·우주항공,2020-07-23,2020-07-24,8405.2109375,-1.55,-0.2112,4.0127,5.5966,6.6526,2.6399,2.2175,11.9324,5.2798,기간만료,기간만료,기간만료,기간만료,기간만료,기간만료,기간만료,20일선이탈
272210,한화시스템,방산·우주항공,2020-07-27,2020-07-28,8742.484375,-0.89,1.5228,3.5533,2.5381,-1.3198,-1.6244,15.736,1.2183,1.2183,기간만료,기간만료,기간만료,기간만료,기간만료,기간만료,기간만료,20일선이탈
272210,한화시스템,방산·우주항공,2020-07-29,2020-07-30,9053.130859375,0.04,-0.9804,-3.6274,-4.7059,-4.7059,-4.7059,-4.7059,-4.7059,-4.7059,기간만료,기간만료,손절,손절,손절,손절,손절,손절
272210,한화시스템,방산·우주항공,2020-08-07,2020-08-10,9674.4248046875,-0.8,4.5871,-0.9174,-2.2936,-4.5872,-4.5872,-4.5872,-4.5872,-4.5872,기간만료,기간만료,기간만료,손절,손절,손절,손절,손절
272210,한화시스템,방산·우주항공,2020-08-10,2020-08-11,10118.205078125,0.11,-5.2632,-6.5789,-6.5789,-6.5789,-6.5789,-6.5789,-6.5789,-6.5789,기간만료,손절,손절,손절,손절,손절,손절,손절
272210,한화시스템,방산·우주항공,2020-08-31,2020-09-01,9940.693359375,-6.07,2.2321,14.2857,9.375,16.9643,11.6071,10.7143,3.5714,3.5714,기간만료,기간만료,기간만료,기간만료,기간만료,기간만료,기간만료,20일선이탈
272210,한화시스템,방산·우주항공,2020-09-02,2020-09-03,11360.7919921875,-2.38,-4.2969,6.25,2.3437,-2.3437,-2.3437,-2.3437,-2.3437,-2.3437,기간만료,기간만료,기간만료,기간만료,손절,손절,손절,손절
272210,한화시스템,방산·우주항공,2020-09-16,2020-09-17,11138.9013671875,2.46,-1.5936,-4.7809,-7.5697,-7.5697,-7.5697,-7.5697,-7.5697,-7.5697,기간만료,기간만료,손절,손절,손절,손절,손절,손절
272210,한화시스템,방산·우주항공,2020-11-10,2020-11-11,10340.095703125,-0.28,1.2876,1.2876,0.4292,-1.2875,-2.5751,2.5751,7.2961,11.1588,기간만료,기간만료,기간만료,기간만료,기간만료,기간만료,기간만료,기간만료
272210,한화시스템,방산·우주항공,2020-11-12,2020-11-13,10473.23046875,0.47,-0.8475,-1.6949,-2.5424,-3.8136,0.4237,2.9661,3.3898,15.2542,기간만료,기간만료,기간만료,기간만료,기간만료,기간만료,기간만료,기간만료
272210,한화시스템,방산·우주항공,2020-11-26,2020-11-27,10783.876953125,-1.05,2.0576,1.6461,2.8807,0.4115,1.2346,11.9342,28.8066,29.2181,기간만료,기간만료,기간만료,기간만료,기간만료,기간만료,기간만료,기간만료
272210,한화시스템,방산·우주항공,2020-12-08,2020-12-09,11493.9267578125,-6.03,2.7027,5.0193,3.4749,16.6023,20.8494,18.5328,31.6602,38.61,기간만료,기간만료,기간만료,기간만료,기간만료,기간만료,기간만료,기간만료
272210,한화시스템,방산·우주항공,2020-12-09,2020-12-10,11804.5732421875,-6.93,2.2556,0.7519,3.3835,18.0451,21.8045,12.782,31.203,33.0827,기간만료,기간만료,기간만료,기간만료,기간만료,기간만료,기간만료,기간만료
272210,한화시스템,방산·우주항공,2020-12-15,2020-12-16,13402.1845703125,-1.48,3.9735,3.6424,7.2848,1.6556,3.9735,12.9139,18.8742,23.5099,기간만료,기간만료,기간만료,기간만료,기간만료,기간만료,기간만료,기간만료
272210,한화시스템,방산·우주항공,2020-12-16,2020-12-17,13934.7216796875,0.66,-0.3185,3.1847,-6.051,-6.051,-6.051,-6.051,-6.051,-6.051,기간만료,기간만료,손절,손절,손절,손절,손절,손절
272210,한화시스템,방산·우주항공,2020-12-24,2020-12-28,13934.7216796875,-1.31,9.2357,9.8726,8.5987,14.6497,10.1911,16.242,21.0191,14.9682,기간만료,기간만료,기간만료,기간만료,기간만료,기간만료,기간만료,기간만료
272210,한화시스템,방산·우주항공,2020-12-28,2020-12-29,15221.6865234375,0.59,0.5831,-0.5831,1.7493,0.0,4.6647,10.4956,17.4927,5.2478,기간만료,기간만료,기간만료,기간만료,기간만료,기간만료,기간만료,20일선이탈
272210,한화시스템,방산·우주항공,2021-01-13,2021-01-14,16819.296875,0.17,-3.1662,-1.5831,0.5277,6.3325,-3.4301,-4.7493,-4.7493,-4.7493,기간만료,기간만료,기간만료,기간만료,기간만료,손절,손절,손절
272210,한화시스템,방산·우주항공,2021-02-04,2021-02-05,17351.833984375,8.96,-2.3018,-2.3018,-6.9054,-6.9054,-6.9054,-6.9054,-6.9054,-6.9054,기간만료,기간만료,손절,손절,손절,손절,손절,손절
272210,한화시스템,방산·우주항공,2021-02-15,2021-02-16,18416.908203125,13.27,-2.6506,-3.3735,5.5422,-1.2048,-3.3735,-3.3735,-3.3735,-3.3735,기간만료,기간만료,기간만료,기간만료,손절,손절,손절,손절
272210,한화시스템,방산·우주항공,2021-02-18,2021-02-19,19437.60546875,7.1,-1.3699,-6.3927,-8.4475,-8.4475,-8.4475,-8.4475,-8.4475,-8.4475,기간만료,기간만료,손절,손절,손절,손절,손절,손절
272210,한화시스템,방산·우주항공,2021-03-30,2021-03-31,18106.26171875,3.99,8.3333,7.3529,3.1863,4.902,1.7157,-0.4902,-0.4902,-0.4902,기간만료,기간만료,기간만료,기간만료,기간만료,20일선이탈,20일선이탈,20일선이탈
272210,한화시스템,방산·우주항공,2021-03-31,2021-04-01,19615.1171875,7.2,-0.905,-4.7511,-2.2624,-5.2036,-5.2036,-5.2036,-5.2036,-5.2036,기간만료,기간만료,기간만료,손절,손절,손절,손절,손절
272210,한화시스템,방산·우주항공,2021-05-24,2021-05-25,18050.0,2.65,1.662,0.831,0.0,-4.1551,-4.1551,-4.1551,-4.1551,-4.1551,기간만료,기간만료,기간만료,기간만료,20일선이탈,20일선이탈,20일선이탈,20일선이탈
272210,한화시스템,방산·우주항공,2021-07-05,2021-07-06,18050.0,-0.64,-1.108,-2.2161,-5.8172,-5.8172,-5.8172,-5.8172,-5.8172,-5.8172,기간만료,기간만료,기간만료,20일선이탈,20일선이탈,20일선이탈,20일선이탈,20일선이탈
272210,한화시스템,방산·우주항공,2021-08-12,2021-08-13,18100.0,3.65,-0.2762,1.9337,5.5249,1.105,4.1436,7.1823,4.1436,2.4862,기간만료,기간만료,기간만료,기간만료,기간만료,기간만료,기간만료,20일선이탈
272210,한화시스템,방산·우주항공,2021-08-18,2021-08-19,19100.0,3.21,-1.3089,-4.1885,-2.0942,-2.356,1.5707,0.5236,-2.8796,-2.8796,기간만료,기간만료,기간만료,기간만료,기간만료,기간만료,기간만료,20일선이탈
272210,한화시스템,방산·우주항공,2021-12-29,2021-12-30,16100.0,7.06,4.6584,5.5901,2.795,5.2795,5.5901,13.0435,0.0,0.0,기간만료,기간만료,기간만료,기간만료,기간만료,기간만료,20일선이탈,20일선이탈
272210,한화시스템,방산·우주항공,2022-01-04,2022-01-05,17000.0,8.23,-2.6471,-2.6471,-0.2941,0.0,2.3529,-5.2941,-5.2941,-5.2941,기간만료,기간만료,기간만료,기간만료,기간만료,기간만료,20일선이탈,20일선이탈
272210,한화시스템,방산·우주항공,2022-01-13,2022-01-14,17400.0,9.68,4.5977,-3.1609,-7.4713,-7.4713,-7.4713,-7.4713,-7.4713,-7.4713,기간만료,기간만료,손절,손절,손절,손절,손절,손절
272210,한화시스템,방산·우주항공,2022-03-02,2022-03-03,15850.0,16.37,1.5773,5.9937,2.8391,0.6309,1.5773,0.3155,6.6246,3.47,기간만료,기간만료,기간만료,기간만료,기간만료,기간만료,기간만료,기간만료
272210,한화시스템,방산·우주항공,2022-03-04,2022-03-07,16800.0,12.97,-2.9762,-4.1667,-5.0595,-4.1667,-4.7619,-2.381,0.2976,-3.5714,기간만료,기간만료,기간만료,기간만료,기간만료,기간만료,기간만료,20일선이탈
272210,한화시스템,방산·우주항공,2022-06-09,2022-06-10,16500.0,6.37,-0.6061,-3.9394,-6.6667,-6.6667,-6.6667,-6.6667,-6.6667,-6.6667,기간만료,기간만료,손절,손절,손절,손절,손절,손절
272210,한화시스템,방산·우주항공,2022-07-25,2022-07-26,14100.0,2.99,-0.7092,1.4184,1.0638,0.7092,2.8369,8.5106,7.8014,6.383,기간만료,기간만료,기간만료,기간만료,기간만료,기간만료,기간만료,기간만료
272210,한화시스템,방산·우주항공,2022-07-29,2022-08-01,14650.0,1.35,-3.0717,-0.3413,-1.0239,-0.6826,5.1195,4.4369,0.6826,7.5085,기간만료,기간만료,기간만료,기간만료,기간만료,기간만료,기간만료,기간만료
272210,한화시스템,방산·우주항공,2022-08-02,2022-08-03,14600.0,9.75,-0.6849,-1.3699,-0.3425,5.4795,6.1644,2.7397,6.1644,5.8219,기간만료,기간만료,기간만료,기간만료,기간만료,기간만료,기간만료,기간만료
272210,한화시스템,방산·우주항공,2022-08-26,2022-08-29,15350.0,17.02,2.6059,0.0,0.6515,-0.9772,-0.9772,-0.9772,-0.9772,-0.9772,기간만료,기간만료,기간만료,기간만료,20일선이탈,20일선이탈,20일선이탈,20일선이탈
272210,한화시스템,방산·우주항공,2022-11-15,2022-11-16,12350.0,-1.61,-2.4291,-4.8583,-4.0486,-5.2632,-5.2632,-5.2632,-5.2632,-5.2632,기간만료,기간만료,기간만료,손절,손절,손절,손절,손절
272210,한화시스템,방산·우주항공,2023-01-17,2023-01-18,12800.0,1.29,-3.125,-5.0781,-4.2969,-6.0937,-6.0937,-6.0937,-6.0937,-6.0937,기간만료,기간만료,기간만료,손절,손절,손절,손절,손절
272210,한화시스템,방산·우주항공,2023-03-30,2023-03-31,13430.0,-1.71,3.6485,7.1482,6.627,6.1802,8.3395,9.4564,12.4348,7.2971,기간만료,기간만료,기간만료,기간만료,기간만료,기간만료,기간만료,20일선이탈
272210,한화시스템,방산·우주항공,2023-03-31,2023-04-03,13920.0,-0.17,3.3764,2.8736,5.1006,2.0115,3.6638,4.5977,4.3103,3.5201,기간만료,기간만료,기간만료,기간만료,기간만료,기간만료,기간만료,20일선이탈
272210,한화시스템,방산·우주항공,2023-06-16,2023-06-19,14800.0,6.8,3.7838,2.7027,-0.5405,-4.5946,-4.5946,-4.5946,-4.5946,-4.5946,기간만료,기간만료,기간만료,기간만료,20일선이탈,20일선이탈,20일선이탈,20일선이탈
272210,한화시스템,방산·우주항공,2023-06-19,2023-06-20,15360.0,13.4,-1.0417,-4.1667,-3.1901,-8.0729,-8.0729,-8.0729,-8.0729,-8.0729,기간만료,기간만료,기간만료,손절,손절,손절,손절,손절
272210,한화시스템,방산·우주항공,2023-07-11,2023-07-12,17070.0,19.58,1.3474,1.3474,1.6403,-9.1388,-9.1388,-9.1388,-9.1388,-9.1388,기간만료,기간만료,기간만료,손절,손절,손절,손절,손절
272210,한화시스템,방산·우주항공,2023-10-30,2023-10-31,13170.0,3.63,-2.2779,0.0,1.8223,3.265,3.265,9.7191,12.6803,16.0972,기간만료,기간만료,기간만료,기간만료,기간만료,기간만료,기간만료,기간만료
272210,한화시스템,방산·우주항공,2024-01-02,2024-01-03,18120.0,1.29,5.4636,3.0905,-1.2141,-2.3179,2.8698,3.3113,-4.2494,-4.2494,기간만료,기간만료,기간만료,기간만료,기간만료,기간만료,기간만료,20일선이탈
272210,한화시스템,방산·우주항공,2024-01-03,2024-01-04,19110.0,1.17,-2.2501,-6.3318,-6.3318,-6.3318,-6.3318,-6.3318,-6.3318,-6.3318,기간만료,손절,손절,손절,손절,손절,손절,손절
272210,한화시스템,방산·우주항공,2024-02-27,2024-02-28,17230.0,6.19,0.0,-3.3082,-3.9466,8.5897,4.527,1.3349,0.0,0.0,기간만료,기간만료,기간만료,기간만료,기간만료,기간만료,기간만료,20일선이탈
272210,한화시스템,방산·우주항공,2024-03-06,2024-03-07,18710.0,17.36,-2.3517,-3.7413,-2.6189,-6.6809,-6.6809,-6.6809,-6.6809,-6.6809,기간만료,기간만료,기간만료,손절,손절,손절,손절,손절
272210,한화시스템,방산·우주항공,2024-04-01,2024-04-02,18300.0,9.72,0.929,1.7486,-0.3279,-6.0109,-6.0109,-6.0109,-6.0109,-6.0109,기간만료,기간만료,기간만료,손절,손절,손절,손절,손절
272210,한화시스템,방산·우주항공,2024-04-23,2024-04-24,17920.0,14.27,1.0603,4.5201,12.1652,10.1562,7.7009,4.5201,0.3906,0.3906,기간만료,기간만료,기간만료,기간만료,기간만료,기간만료,기간만료,20일선이탈
272210,한화시스템,방산·우주항공,2024-04-25,2024-04-26,18730.0,12.34,7.3145,7.5814,5.3924,3.0432,1.7085,-0.6941,-3.9509,-3.9509,기간만료,기간만료,기간만료,기간만료,기간만료,기간만료,20일선이탈,20일선이탈
272210,한화시스템,방산·우주항공,2024-04-26,2024-04-29,20100.0,14.32,0.2488,-1.791,-1.7413,-4.5771,-5.2239,-5.2239,-5.2239,-5.2239,기간만료,기간만료,기간만료,기간만료,손절,손절,손절,손절
272210,한화시스템,방산·우주항공,2024-06-17,2024-06-18,19500.0,3.04,9.7436,7.6923,8.2051,-2.0513,-4.9231,-5.3846,-5.3846,-5.3846,기간만료,기간만료,기간만료,기간만료,기간만료,손절,손절,손절
272210,한화시스템,방산·우주항공,2024-06-18,2024-06-19,21400.0,2.1,-1.8692,-1.4019,-1.4019,-1.4019,-1.4019,-1.4019,-1.4019,-1.4019,기간만료,손절,손절,손절,손절,손절,손절,손절
272210,한화시스템,방산·우주항공,2024-07-16,2024-07-17,20350.0,4.02,-3.2924,-4.0295,-3.5381,-0.2457,-0.4914,-1.4742,-6.3882,-6.3882,기간만료,기간만료,기간만료,기간만료,기간만료,기간만료,손절,손절
272210,한화시스템,방산·우주항공,2024-07-24,2024-07-25,22000.0,14.47,-7.9545,-7.9545,-7.9545,-7.9545,-7.9545,-7.9545,-7.9545,-7.9545,손절,손절,손절,손절,손절,손절,손절,손절
272210,한화시스템,방산·우주항공,2024-10-07,2024-10-08,18680.0,7.48,-3.3726,-3.3726,-3.3726,-3.3726,-3.3726,-3.3726,-3.3726,-3.3726,기간만료,20일선이탈,20일선이탈,20일선이탈,20일선이탈,20일선이탈,20일선이탈,20일선이탈
272210,한화시스템,방산·우주항공,2024-10-22,2024-10-23,19400.0,12.94,-3.0928,-0.4639,-1.4948,-0.9278,-6.8041,-6.8041,-6.8041,-6.8041,기간만료,기간만료,기간만료,기간만료,손절,손절,손절,손절
272210,한화시스템,방산·우주항공,2024-10-29,2024-10-30,19220.0,9.64,-0.5723,-5.9313,-5.9313,-5.9313,-5.9313,-5.9313,-5.9313,-5.9313,기간만료,기간만료,20일선이탈,20일선이탈,20일선이탈,20일선이탈,20일선이탈,20일선이탈
272210,한화시스템,방산·우주항공,2024-11-06,2024-11-07,19770.0,3.73,6.9803,17.0966,36.0647,39.0996,44.9165,41.8816,19.1199,19.1199,기간만료,기간만료,기간만료,기간만료,기간만료,기간만료,20일선이탈,20일선이탈
272210,한화시스템,방산·우주항공,2024-11-08,2024-11-11,23150.0,13.34,16.1987,17.2786,18.7905,23.7581,22.8942,11.6631,1.7279,1.7279,기간만료,기간만료,기간만료,기간만료,기간만료,기간만료,20일선이탈,20일선이탈
272210,한화시스템,방산·우주항공,2024-11-11,2024-11-12,26900.0,19.76,0.9294,2.2305,7.8067,5.948,4.2751,-6.1338,-6.1338,-6.1338,기간만료,기간만료,기간만료,기간만료,기간만료,손절,손절,손절
272210,한화시스템,방산·우주항공,2024-11-12,2024-11-13,27150.0,19.85,1.2891,6.814,5.5249,4.7882,-6.9982,-6.9982,-6.9982,-6.9982,기간만료,기간만료,기간만료,기간만료,손절,손절,손절,손절
272210,한화시스템,방산·우주항공,2024-12-23,2024-12-24,23600.0,-4.33,-3.8136,-3.178,-7.4153,-7.4153,-7.4153,-7.4153,-7.4153,-7.4153,기간만료,기간만료,손절,손절,손절,손절,손절,손절
272210,한화시스템,방산·우주항공,2025-01-14,2025-01-15,25200.0,13.17,0.3968,-1.7857,1.5873,4.5635,1.3889,-2.7778,-2.7778,-2.7778,기간만료,기간만료,기간만료,기간만료,기간만료,기간만료,20일선이탈,20일선이탈
272210,한화시스템,방산·우주항공,2025-01-21,2025-01-22,26350.0,16.38,-0.9488,-3.0361,-0.1898,-7.0209,-7.0209,-7.0209,-7.0209,-7.0209,기간만료,기간만료,기간만료,손절,손절,손절,손절,손절
272210,한화시스템,방산·우주항공,2025-02-12,2025-02-13,33100.0,27.33,6.0423,1.9637,6.7976,3.6254,0.6042,-4.2296,-4.6828,-4.6828,기간만료,기간만료,기간만료,기간만료,기간만료,기간만료,손절,손절
272210,한화시스템,방산·우주항공,2025-02-13,2025-02-14,35100.0,30.34,-3.8462,0.7123,2.5641,-7.9772,-7.9772,-7.9772,-7.9772,-7.9772,기간만료,기간만료,기간만료,손절,손절,손절,손절,손절
272210,한화시스템,방산·우주항공,2025-03-07,2025-03-10,38250.0,37.93,0.915,-1.1765,-6.7974,-6.7974,-6.7974,-6.7974,-6.7974,-6.7974,기간만료,기간만료,손절,손절,손절,손절,손절,손절
272210,한화시스템,방산·우주항공,2025-03-17,2025-03-18,39400.0,21.45,6.9797,6.2183,-8.8832,-5.9645,-5.9645,-5.9645,-5.9645,-5.9645,기간만료,기간만료,기간만료,손절,손절,손절,손절,손절
272210,한화시스템,방산·우주항공,2025-03-18,2025-03-19,42150.0,20.89,-0.7117,-14.828,-14.828,-14.828,-14.828,-14.828,-14.828,-14.828,기간만료,손절,손절,손절,손절,손절,손절,손절
272210,한화시스템,방산·우주항공,2025-04-28,2025-04-29,40950.0,15.26,-2.5641,-5.3724,3.7851,11.3553,1.221,11.3553,10.5006,10.989,기간만료,기간만료,기간만료,기간만료,기간만료,기간만료,기간만료,기간만료
272210,한화시스템,방산·우주항공,2025-06-10,2025-06-11,53000.0,7.36,-1.8868,0.7547,9.6226,31.3208,26.4151,18.8679,11.6981,6.9811,기간만료,기간만료,기간만료,기간만료,기간만료,기간만료,기간만료,20일선이탈
272210,한화시스템,방산·우주항공,2025-06-16,2025-06-17,63400.0,30.89,9.7792,6.7823,5.6782,0.1577,-2.9968,-2.9968,-2.9968,-2.9968,기간만료,기간만료,기간만료,기간만료,손절,손절,손절,손절
272210,한화시스템,방산·우주항공,2025-07-31,2025-08-01,61400.0,14.52,-5.7003,-6.0261,-6.0261,-6.0261,-6.0261,-6.0261,-6.0261,-6.0261,기간만료,손절,손절,손절,손절,손절,손절,손절
272210,한화시스템,방산·우주항공,2025-09-02,2025-09-03,55700.0,-2.44,-4.4883,-4.8474,-6.6427,-6.6427,-6.6427,-6.6427,-6.6427,-6.6427,기간만료,기간만료,손절,손절,손절,손절,손절,손절
272210,한화시스템,방산·우주항공,2025-09-16,2025-09-17,58800.0,8.42,-0.1701,2.7211,-2.0408,3.0612,-1.5306,3.2313,-5.4422,-5.4422,기간만료,기간만료,기간만료,기간만료,기간만료,기간만료,손절,손절
272210,한화시스템,방산·우주항공,2025-10-30,2025-10-31,61700.0,-8.92,-0.3241,-3.8898,-5.3485,-10.0486,-10.0486,-10.0486,-10.0486,-10.0486,기간만료,기간만료,기간만료,손절,손절,손절,손절,손절
272210,한화시스템,방산·우주항공,2025-12-12,2025-12-15,52800.0,-5.48,-0.3788,-3.7879,-7.4811,-7.4811,-7.4811,-7.4811,-7.4811,-7.4811,기간만료,기간만료,손절,손절,손절,손절,손절,손절
272210,한화시스템,방산·우주항공,2025-12-19,2025-12-22,55300.0,-2.3,5.425,7.9566,3.6166,-0.1808,1.4467,7.0524,71.6094,61.302,기간만료,기간만료,기간만료,기간만료,기간만료,기간만료,기간만료,기간만료
272210,한화시스템,방산·우주항공,2025-12-22,2025-12-23,58300.0,-0.95,2.4014,-1.7153,-6.175,-6.175,-6.175,-6.175,-6.175,-6.175,기간만료,기간만료,손절,손절,손절,손절,손절,손절
272210,한화시스템,방산·우주항공,2025-12-23,2025-12-24,59700.0,2.58,-4.0201,-4.0201,-4.0201,-4.0201,-4.0201,-4.0201,-4.0201,-4.0201,손절,손절,손절,손절,손절,손절,손절,손절
272210,한화시스템,방산·우주항공,2026-01-09,2026-01-12,78300.0,13.82,-1.1494,10.4725,21.2005,19.7957,15.198,15.9642,17.8799,36.143,기간만료,기간만료,기간만료,기간만료,기간만료,기간만료,기간만료,기간만료
272210,한화시스템,방산·우주항공,2026-01-13,2026-01-14,86500.0,24.12,9.711,10.0578,8.4393,4.2775,4.0462,2.1965,44.2775,16.5318,기간만료,기간만료,기간만료,기간만료,기간만료,기간만료,기간만료,기간만료
272210,한화시스템,방산·우주항공,2026-02-03,2026-02-04,124800.0,6.69,-5.4487,-17.2276,-17.2276,-17.2276,-17.2276,-17.2276,-17.2276,-17.2276,기간만료,손절,손절,손절,손절,손절,손절,손절
272210,한화시스템,방산·우주항공,2026-03-03,2026-03-04,176900.0,4.02,-28.2646,-28.2646,-28.2646,-28.2646,-28.2646,-28.2646,-28.2646,-28.2646,손절,손절,손절,손절,손절,손절,손절,손절
272210,한화시스템,방산·우주항공,2026-03-06,2026-03-09,173100.0,10.3,-12.4783,-12.4783,-12.4783,-12.4783,-12.4783,-12.4783,-12.4783,-12.4783,손절,손절,손절,손절,손절,손절,손절,손절
272210,한화시스템,방산·우주항공,2026-06-16,2026-06-17,107000.0,-14.92,-2.7103,-11.7757,-11.7757,-11.7757,-11.7757,-11.7757,-11.7757,-11.7757,기간만료,손절,손절,손절,손절,손절,손절,손절
103140,풍산,방산·우주항공,2020-02-06,2020-02-07,22800.0,-6.43,-0.2193,-1.0965,-1.0965,-1.0965,-1.0965,-1.0965,-1.0965,-1.0965,기간만료,기간만료,20일선이탈,20일선이탈,20일선이탈,20일선이탈,20일선이탈,20일선이탈
103140,풍산,방산·우주항공,2020-04-21,2020-04-22,20800.0,29.54,2.4038,0.9615,4.8077,2.1635,-4.3269,-4.3269,-4.3269,-4.3269,기간만료,기간만료,기간만료,기간만료,손절,손절,손절,손절
103140,풍산,방산·우주항공,2020-04-24,2020-04-27,21800.0,23.26,-2.0642,-2.5229,-8.7156,-8.7156,-8.7156,-8.7156,-8.7156,-8.7156,기간만료,기간만료,기간만료,손절,손절,손절,손절,손절
103140,풍산,방산·우주항공,2020-06-02,2020-06-03,22800.0,8.0,-0.6579,-2.4123,0.6579,0.6579,-6.5789,-4.6053,-4.6053,-4.6053,기간만료,기간만료,기간만료,기간만료,기간만료,손절,손절,손절
103140,풍산,방산·우주항공,2020-06-03,2020-06-04,22650.0,9.93,-1.766,1.3245,1.1038,0.2208,-3.9735,-3.9735,-3.9735,-3.9735,기간만료,기간만료,기간만료,기간만료,손절,손절,손절,손절
103140,풍산,방산·우주항공,2020-06-17,2020-06-18,23250.0,14.87,-2.7957,-7.3118,-7.3118,-7.3118,-7.3118,-7.3118,-7.3118,-7.3118,기간만료,손절,손절,손절,손절,손절,손절,손절
103140,풍산,방산·우주항공,2020-07-22,2020-07-23,24650.0,-2.03,-3.2454,-6.6937,-6.6937,-6.6937,-6.6937,-6.6937,-6.6937,-6.6937,기간만료,손절,손절,손절,손절,손절,손절,손절
103140,풍산,방산·우주항공,2020-10-19,2020-10-20,26400.0,-0.77,-1.8939,1.7045,5.303,0.0,-2.6515,-3.9773,-3.9773,-3.9773,기간만료,기간만료,기간만료,기간만료,기간만료,20일선이탈,20일선이탈,20일선이탈
103140,풍산,방산·우주항공,2020-10-21,2020-10-22,26850.0,-2.89,3.5382,0.1862,-1.676,-4.2831,-5.5866,-5.5866,-5.5866,-5.5866,기간만료,기간만료,기간만료,기간만료,손절,손절,손절,손절
103140,풍산,방산·우주항공,2020-10-22,2020-10-23,27800.0,-1.65,-3.2374,-5.036,-5.036,-5.036,-5.036,-5.036,-5.036,-5.036,기간만료,손절,손절,손절,손절,손절,손절,손절
103140,풍산,방산·우주항공,2020-12-04,2020-12-07,29400.0,-1.97,0.1701,-2.0408,-2.0408,-0.6803,-3.2313,-3.4014,-5.102,-5.102,기간만료,기간만료,기간만료,기간만료,기간만료,기간만료,손절,손절
103140,풍산,방산·우주항공,2021-01-05,2021-01-06,29950.0,5.28,-0.5008,3.8397,5.8431,0.1669,2.6711,1.8364,4.6745,-4.6745,기간만료,기간만료,기간만료,기간만료,기간만료,기간만료,기간만료,20일선이탈
103140,풍산,방산·우주항공,2021-01-07,2021-01-08,31100.0,6.8,1.9293,-3.0547,-3.537,-1.1254,-0.4823,-0.4823,-0.4823,-0.4823,기간만료,기간만료,기간만료,기간만료,손절,손절,손절,손절
103140,풍산,방산·우주항공,2021-01-19,2021-01-20,30500.0,4.98,0.4918,-0.3279,-1.3115,2.7869,-0.4918,-6.3934,-6.3934,-6.3934,기간만료,기간만료,기간만료,기간만료,기간만료,손절,손절,손절
103140,풍산,방산·우주항공,2021-02-16,2021-02-17,33850.0,9.22,2.5111,-1.3294,0.2954,6.0561,4.8744,3.3973,-3.3973,-3.3973,기간만료,기간만료,기간만료,기간만료,기간만료,기간만료,기간만료,20일선이탈
103140,풍산,방산·우주항공,2021-02-17,2021-02-18,34700.0,5.58,-3.7464,-2.1614,-2.1614,-2.1614,-2.1614,-2.1614,-2.1614,-2.1614,기간만료,손절,손절,손절,손절,손절,손절,손절
103140,풍산,방산·우주항공,2021-02-22,2021-02-23,36900.0,3.17,-2.71,-0.4065,-0.4065,-0.4065,-0.4065,-0.4065,-0.4065,-0.4065,기간만료,손절,손절,손절,손절,손절,손절,손절
103140,풍산,방산·우주항공,2021-04-15,2021-04-16,36050.0,1.47,-2.6352,-1.9417,-1.5257,-3.4674,1.6644,8.4605,19.0014,21.6366,기간만료,기간만료,기간만료,기간만료,기간만료,기간만료,기간만료,기간만료
103140,풍산,방산·우주항공,2021-04-20,2021-04-21,35500.0,1.79,-0.9859,-1.9718,1.5493,10.7042,10.1408,9.0141,29.1549,17.1831,기간만료,기간만료,기간만료,기간만료,기간만료,기간만료,기간만료,기간만료
103140,풍산,방산·우주항공,2021-04-27,2021-04-28,39300.0,-1.33,-3.8168,-0.5089,-4.5802,-1.5267,9.1603,16.6667,5.8524,3.0534,기간만료,기간만료,기간만료,기간만료,기간만료,기간만료,기간만료,20일선이탈
103140,풍산,방산·우주항공,2021-05-06,2021-05-07,41650.0,0.2,3.0012,5.1621,15.4862,8.4034,3.7215,-3.0012,-2.7611,-2.7611,기간만료,기간만료,기간만료,기간만료,기간만료,기간만료,20일선이탈,20일선이탈
103140,풍산,방산·우주항공,2021-05-11,2021-05-12,48100.0,2.94,-4.6778,-6.1331,-6.1331,-6.1331,-6.1331,-6.1331,-6.1331,-6.1331,기간만료,손절,손절,손절,손절,손절,손절,손절
103140,풍산,방산·우주항공,2021-09-13,2021-09-14,37300.0,2.61,-2.681,-0.9383,-4.0214,-6.1662,-6.1662,-6.1662,-6.1662,-6.1662,기간만료,기간만료,기간만료,손절,손절,손절,손절,손절
103140,풍산,방산·우주항공,2021-10-18,2021-10-19,35400.0,2.12,-0.7062,-3.5311,-4.3785,-3.6723,-4.661,-4.8023,-4.8023,-4.8023,기간만료,기간만료,기간만료,기간만료,기간만료,손절,손절,손절
103140,풍산,방산·우주항공,2022-01-04,2022-01-05,32600.0,8.23,-1.3804,0.0,-0.6135,-0.6135,3.2209,-1.5337,-5.0613,-5.0613,기간만료,기간만료,기간만료,기간만료,기간만료,기간만료,20일선이탈,20일선이탈
103140,풍산,방산·우주항공,2022-01-13,2022-01-14,33650.0,9.68,-0.8915,-1.7831,-4.6062,-2.2288,-8.0238,-8.0238,-8.0238,-8.0238,기간만료,기간만료,기간만료,기간만료,손절,손절,손절,손절
103140,풍산,방산·우주항공,2022-01-19,2022-01-20,33400.0,7.61,-1.497,-4.1916,-7.3353,-7.3353,-7.3353,-7.3353,-7.3353,-7.3353,기간만료,기간만료,손절,손절,손절,손절,손절,손절
103140,풍산,방산·우주항공,2022-02-14,2022-02-15,33300.0,0.66,-3.7538,-5.5556,-5.5556,-5.5556,-5.5556,-5.5556,-5.5556,-5.5556,기간만료,손절,손절,손절,손절,손절,손절,손절
103140,풍산,방산·우주항공,2022-03-02,2022-03-03,33650.0,16.37,-2.3774,4.7548,3.7147,-1.3373,-0.1486,-3.7147,-3.5661,-3.5661,기간만료,기간만료,기간만료,기간만료,기간만료,기간만료,20일선이탈,20일선이탈
103140,풍산,방산·우주항공,2022-03-07,2022-03-08,34900.0,15.65,-4.8711,-4.8711,-5.3009,-3.7249,-7.1633,-7.0201,-7.0201,-7.0201,기간만료,기간만료,기간만료,기간만료,기간만료,손절,손절,손절
103140,풍산,방산·우주항공,2022-07-29,2022-08-01,27850.0,1.35,0.3591,-3.0521,-2.3339,-3.2316,-1.2567,0.7181,2.5135,5.7451,기간만료,기간만료,기간만료,기간만료,기간만료,기간만료,기간만료,기간만료
103140,풍산,방산·우주항공,2022-08-30,2022-08-31,30000.0,10.39,1.8333,-1.0,-0.6667,3.8333,-4.3333,-4.3333,-4.3333,-4.3333,기간만료,기간만료,기간만료,기간만료,손절,손절,손절,손절
103140,풍산,방산·우주항공,2022-08-31,2022-09-01,30550.0,10.64,-2.7823,-2.455,3.6007,-4.91,-6.0556,-6.0556,-6.0556,-6.0556,기간만료,기간만료,기간만료,기간만료,손절,손절,손절,손절
103140,풍산,방산·우주항공,2022-09-05,2022-09-06,31650.0,15.33,-1.5798,-8.2148,-9.3207,-9.3207,-9.3207,-9.3207,-9.3207,-9.3207,기간만료,기간만료,손절,손절,손절,손절,손절,손절
103140,풍산,방산·우주항공,2022-11-11,2022-11-14,30200.0,0.6,-1.6556,-0.6623,-0.3311,-1.3245,-2.3179,0.9934,0.9934,2.9801,기간만료,기간만료,기간만료,기간만료,기간만료,기간만료,기간만료,기간만료
103140,풍산,방산·우주항공,2022-12-05,2022-12-06,31550.0,0.05,-4.2789,-3.3281,-1.5848,0.6339,-0.9509,3.3281,5.2298,0.6339,기간만료,기간만료,기간만료,기간만료,기간만료,기간만료,기간만료,기간만료
103140,풍산,방산·우주항공,2022-12-15,2022-12-16,32300.0,4.24,2.7864,0.9288,2.4768,-0.1548,2.7864,4.1796,-1.7028,-1.7028,기간만료,기간만료,기간만료,기간만료,기간만료,기간만료,20일선이탈,20일선이탈
103140,풍산,방산·우주항공,2022-12-16,2022-12-19,33200.0,2.88,-1.8072,-0.3012,0.6024,-0.6024,0.0,-0.753,-4.3675,-4.3675,기간만료,기간만료,기간만료,기간만료,기간만료,기간만료,20일선이탈,20일선이탈
103140,풍산,방산·우주항공,2023-02-21,2023-02-22,36150.0,4.37,3.1812,0.4149,-1.3831,2.3513,7.8838,5.2559,1.7981,0.5533,기간만료,기간만료,기간만료,기간만료,기간만료,기간만료,기간만료,20일선이탈
103140,풍산,방산·우주항공,2023-02-22,2023-02-23,37300.0,6.26,-2.681,-4.4236,-0.8043,4.4236,0.5362,0.8043,-2.5469,-2.5469,기간만료,기간만료,기간만료,기간만료,기간만료,기간만료,기간만료,20일선이탈
103140,풍산,방산·우주항공,2023-03-02,2023-03-03,38950.0,-0.81,0.1284,-3.7227,-4.4929,-2.3107,-2.3107,-2.3107,-2.3107,-2.3107,기간만료,기간만료,기간만료,손절,손절,손절,손절,손절
103140,풍산,방산·우주항공,2023-03-09,2023-03-10,37600.0,-0.79,-0.266,2.1277,-0.266,-3.3245,-3.3245,-3.3245,-3.3245,-3.3245,기간만료,기간만료,기간만료,기간만료,20일선이탈,20일선이탈,20일선이탈,20일선이탈
103140,풍산,방산·우주항공,2023-04-12,2023-04-13,40600.0,2.87,1.1084,2.7094,7.1429,15.3941,12.069,5.9113,6.7734,3.4483,기간만료,기간만료,기간만료,기간만료,기간만료,기간만료,기간만료,20일선이탈
103140,풍산,방산·우주항공,2023-04-17,2023-04-18,43500.0,7.29,0.4598,7.7011,5.0575,4.5977,-1.1494,3.2184,-3.4483,-3.4483,기간만료,기간만료,기간만료,기간만료,기간만료,기간만료,20일선이탈,20일선이탈
103140,풍산,방산·우주항공,2023-04-19,2023-04-20,46850.0,13.89,-2.4546,-2.8815,-2.8815,-5.7631,-5.7631,-5.7631,-5.7631,-5.7631,기간만료,기간만료,기간만료,손절,손절,손절,손절,손절
103140,풍산,방산·우주항공,2023-06-14,2023-06-15,42400.0,1.45,-1.7689,-2.4764,2.8302,3.7736,5.0708,2.2406,-0.8255,-0.8255,기간만료,기간만료,기간만료,기간만료,기간만료,기간만료,20일선이탈,20일선이탈
103140,풍산,방산·우주항공,2023-06-19,2023-06-20,43600.0,13.4,0.6881,0.9174,2.0642,1.0321,-0.5734,-0.2294,-3.555,-3.555,기간만료,기간만료,기간만료,기간만료,기간만료,기간만료,20일선이탈,20일선이탈
103140,풍산,방산·우주항공,2023-09-13,2023-09-14,37350.0,-0.07,-0.4016,-0.5355,-0.8032,-2.008,-5.4886,-5.4886,-5.4886,-5.4886,기간만료,기간만료,기간만료,기간만료,20일선이탈,20일선이탈,20일선이탈,20일선이탈
103140,풍산,방산·우주항공,2023-12-01,2023-12-04,37300.0,4.87,1.7426,4.9598,4.0214,2.4129,2.681,1.6086,4.6917,4.8257,기간만료,기간만료,기간만료,기간만료,기간만료,기간만료,기간만료,기간만료
103140,풍산,방산·우주항공,2023-12-04,2023-12-05,37950.0,7.33,3.1621,2.2398,1.7128,0.1318,-0.527,-0.9223,1.9763,4.4796,기간만료,기간만료,기간만료,기간만료,기간만료,기간만료,기간만료,기간만료
103140,풍산,방산·우주항공,2023-12-05,2023-12-06,39150.0,4.97,-0.894,-1.4049,-2.4266,-2.1711,-2.9374,-4.47,-1.788,0.6386,기간만료,기간만료,기간만료,기간만료,기간만료,기간만료,기간만료,기간만료
103140,풍산,방산·우주항공,2024-02-22,2024-02-23,42000.0,1.37,1.4286,-0.5952,1.3095,2.8571,2.8571,16.5476,10.4762,15.5952,기간만료,기간만료,기간만료,기간만료,기간만료,기간만료,기간만료,기간만료
103140,풍산,방산·우주항공,2024-03-07,2024-03-08,46400.0,17.15,5.4957,3.4483,-2.3707,-3.0172,4.4181,4.0948,9.6983,14.6552,기간만료,기간만료,기간만료,기간만료,기간만료,기간만료,기간만료,기간만료
103140,풍산,방산·우주항공,2024-03-18,2024-03-19,48450.0,15.7,-0.4128,-1.9608,-0.3096,-0.3096,4.4376,4.0248,10.0103,21.5686,기간만료,기간만료,기간만료,기간만료,기간만료,기간만료,기간만료,기간만료
103140,풍산,방산·우주항공,2024-04-12,2024-04-15,63400.0,9.99,-6.3091,-7.0978,-7.0978,-7.0978,-7.0978,-7.0978,-7.0978,-7.0978,기간만료,손절,손절,손절,손절,손절,손절,손절
103140,풍산,방산·우주항공,2024-05-02,2024-05-03,73000.0,9.93,1.5068,2.1918,1.7808,1.6438,6.8493,3.1507,-8.7671,-8.7671,기간만료,기간만료,기간만료,기간만료,기간만료,기간만료,손절,손절
103140,풍산,방산·우주항공,2024-06-20,2024-06-21,65700.0,4.81,-2.5875,-0.9132,-4.1096,-4.1096,-4.1096,-4.1096,-4.1096,-4.1096,기간만료,기간만료,기간만료,손절,손절,손절,손절,손절
103140,풍산,방산·우주항공,2024-06-21,2024-06-24,64000.0,3.9,1.7187,-1.5625,-1.5625,-0.7812,-4.0625,2.3438,8.125,-4.2188,기간만료,기간만료,기간만료,기간만료,기간만료,기간만료,기간만료,20일선이탈
103140,풍산,방산·우주항공,2024-08-26,2024-08-27,60300.0,-0.46,7.131,3.4826,5.9701,8.126,6.9652,-4.6434,-4.6434,-4.6434,기간만료,기간만료,기간만료,기간만료,기간만료,손절,손절,손절
103140,풍산,방산·우주항공,2024-08-27,2024-08-28,64600.0,0.05,-3.4056,-1.0836,-0.1548,-1.548,-1.0836,-10.9907,-10.9907,-10.9907,기간만료,기간만료,기간만료,기간만료,기간만료,손절,손절,손절
103140,풍산,방산·우주항공,2024-09-27,2024-09-30,62300.0,0.37,0.0,1.9262,8.0257,5.7785,4.1734,5.618,11.7175,9.7913,기간만료,기간만료,기간만료,기간만료,기간만료,기간만료,기간만료,기간만료
103140,풍산,방산·우주항공,2024-10-21,2024-10-22,71000.0,8.34,1.5493,-1.9718,-1.831,-2.1127,-3.662,-7.0423,-7.0423,-7.0423,기간만료,기간만료,기간만료,기간만료,기간만료,손절,손절,손절
103140,풍산,방산·우주항공,2024-12-24,2024-12-26,52300.0,1.85,-2.6769,-5.8317,-5.8317,-5.8317,-5.8317,-5.8317,-5.8317,-5.8317,기간만료,기간만료,20일선이탈,20일선이탈,20일선이탈,20일선이탈,20일선이탈,20일선이탈
103140,풍산,방산·우주항공,2025-02-10,2025-02-11,57000.0,9.46,-5.2632,-1.7544,-0.8772,6.8421,7.8947,3.8596,-1.7544,-1.7544,기간만료,기간만료,기간만료,기간만료,기간만료,기간만료,20일선이탈,20일선이탈
103140,풍산,방산·우주항공,2025-02-18,2025-02-19,60800.0,33.12,1.1513,0.0,-1.3158,-1.3158,-7.0724,-7.0724,-7.0724,-7.0724,기간만료,기간만료,기간만료,기간만료,손절,손절,손절,손절
103140,풍산,방산·우주항공,2025-03-07,2025-03-10,66900.0,37.93,-5.0822,-2.6906,-7.3244,-7.3244,-7.3244,-7.3244,-7.3244,-7.3244,기간만료,기간만료,손절,손절,손절,손절,손절,손절
103140,풍산,방산·우주항공,2025-03-19,2025-03-20,70300.0,15.52,-6.4011,-6.8279,-6.8279,-6.8279,-6.8279,-6.8279,-6.8279,-6.8279,기간만료,손절,손절,손절,손절,손절,손절,손절
103140,풍산,방산·우주항공,2025-04-30,2025-05-02,59700.0,10.84,0.5025,3.3501,2.3451,-1.005,-1.1725,-3.3501,-3.3501,-3.3501,기간만료,기간만료,기간만료,기간만료,기간만료,기간만료,20일선이탈,20일선이탈
103140,풍산,방산·우주항공,2025-05-09,2025-05-12,64000.0,20.44,-7.6562,-7.6562,-7.6562,-7.6562,-7.6562,-7.6562,-7.6562,-7.6562,손절,손절,손절,손절,손절,손절,손절,손절
103140,풍산,방산·우주항공,2025-06-10,2025-06-11,85200.0,7.36,-2.3474,10.0939,30.2817,28.5211,52.4648,50.5869,45.6573,51.4085,기간만료,기간만료,기간만료,기간만료,기간만료,기간만료,기간만료,기간만료
103140,풍산,방산·우주항공,2025-06-11,2025-06-12,83200.0,16.76,12.7404,33.4135,23.4375,29.9279,74.1587,52.8846,46.0337,54.2067,기간만료,기간만료,기간만료,기간만료,기간만료,기간만료,기간만료,기간만료
103140,풍산,방산·우주항공,2025-06-12,2025-06-13,93800.0,21.26,18.3369,9.4883,16.7377,38.4861,31.7697,40.8316,28.0384,42.8571,기간만료,기간만료,기간만료,기간만료,기간만료,기간만료,기간만료,기간만료
103140,풍산,방산·우주항공,2025-06-13,2025-06-16,111000.0,27.84,-7.4775,-1.3514,-1.3514,-1.3514,-1.3514,-1.3514,-1.3514,-1.3514,기간만료,손절,손절,손절,손절,손절,손절,손절
103140,풍산,방산·우주항공,2025-06-19,2025-06-20,129900.0,34.6,11.5473,-4.8499,-1.2317,1.6936,-0.8468,-6.4665,-6.4665,-6.4665,기간만료,기간만료,기간만료,기간만료,기간만료,손절,손절,손절
103140,풍산,방산·우주항공,2025-07-15,2025-07-16,155600.0,-9.15,7.3265,5.2699,0.7712,0.8997,2.5064,7.455,-15.4884,-15.4884,기간만료,기간만료,기간만료,기간만료,기간만료,기간만료,손절,손절
103140,풍산,방산·우주항공,2025-09-12,2025-09-15,128700.0,2.69,3.9627,7.0707,4.1958,-2.0202,1.2432,-3.4965,-3.4965,-3.4965,기간만료,기간만료,기간만료,기간만료,기간만료,20일선이탈,20일선이탈,20일선이탈
103140,풍산,방산·우주항공,2025-09-15,2025-09-16,133800.0,1.15,2.9895,0.2242,-3.9611,-5.7549,-5.7549,-5.7549,-5.7549,-5.7549,기간만료,기간만료,기간만료,손절,손절,손절,손절,손절
103140,풍산,방산·우주항공,2025-09-16,2025-09-17,137800.0,8.42,-2.6851,-6.7489,-6.7489,-6.7489,-6.7489,-6.7489,-6.7489,-6.7489,기간만료,손절,손절,손절,손절,손절,손절,손절
103140,풍산,방산·우주항공,2025-12-22,2025-12-23,107000.0,-0.95,0.3738,-1.4953,-0.6542,0.1869,5.1402,12.9907,22.1495,11.6822,기간만료,기간만료,기간만료,기간만료,기간만료,기간만료,기간만료,기간만료
103140,풍산,방산·우주항공,2025-12-29,2025-12-30,108800.0,1.94,-1.4706,-0.7353,3.4007,5.8824,17.3713,19.0257,11.7647,13.6949,기간만료,기간만료,기간만료,기간만료,기간만료,기간만료,기간만료,기간만료
103140,풍산,방산·우주항공,2026-01-06,2026-01-07,118500.0,5.98,-2.7848,2.0253,7.7637,5.4852,10.2954,3.9662,5.2321,1.6878,기간만료,기간만료,기간만료,기간만료,기간만료,기간만료,기간만료,20일선이탈
103140,풍산,방산·우주항공,2026-01-09,2026-01-12,127700.0,13.82,-0.3132,-2.1143,1.4096,-3.3673,-3.5239,-6.4213,-6.4213,-6.4213,기간만료,기간만료,기간만료,기간만료,기간만료,손절,손절,손절
103140,풍산,방산·우주항공,2026-01-12,2026-01-13,127300.0,18.12,-1.8068,1.7282,2.6709,-3.8492,-4.4776,-6.1273,-6.1273,-6.1273,기간만료,기간만료,기간만료,기간만료,기간만료,손절,손절,손절
103140,풍산,방산·우주항공,2026-03-03,2026-03-04,152200.0,4.02,-23.9159,-23.9159,-23.9159,-23.9159,-23.9159,-23.9159,-23.9159,-23.9159,손절,손절,손절,손절,손절,손절,손절,손절
103140,풍산,방산·우주항공,2026-03-05,2026-03-06,126800.0,4.54,-2.1293,-12.776,-12.776,-12.776,-12.776,-12.776,-12.776,-12.776,기간만료,손절,손절,손절,손절,손절,손절,손절
103140,풍산,방산·우주항공,2026-04-06,2026-04-07,108200.0,-6.81,-7.024,-7.024,-7.024,-7.024,-7.024,-7.024,-7.024,-7.024,손절,손절,손절,손절,손절,손절,손절,손절
103140,풍산,방산·우주항공,2026-07-24,2026-07-27,67900.0,19.64,-8.6892,-8.6892,-8.6892,-8.6892,-8.6892,-8.6892,-8.6892,-8.6892,손절,손절,손절,손절,손절,손절,손절,손절
000880,한화,방산·우주항공,2020-06-08,2020-06-09,37019.73828125,9.6,3.3928,-7.1429,-14.1071,-14.1071,-14.1071,-14.1071,-14.1071,-14.1071,기간만료,기간만료,손절,손절,손절,손절,손절,손절
000880,한화,방산·우주항공,2020-06-09,2020-06-10,38275.76171875,14.76,-10.19,-10.19,-10.19,-10.19,-10.19,-10.19,-10.19,-10.19,손절,손절,손절,손절,손절,손절,손절,손절
000880,한화,방산·우주항공,2020-07-29,2020-07-30,34243.2578125,0.04,2.3166,-2.7027,-5.4054,-5.4054,-5.4054,-5.4054,-5.4054,-5.4054,기간만료,기간만료,손절,손절,손절,손절,손절,손절
000880,한화,방산·우주항공,2020-08-31,2020-09-01,36358.671875,-6.07,0.0,2.9091,4.0,19.8182,9.8182,2.3636,0.0,0.0,기간만료,기간만료,기간만료,기간만료,기간만료,기간만료,20일선이탈,20일선이탈
000880,한화,방산·우주항공,2020-09-03,2020-09-04,37813.015625,-0.34,17.3077,15.2098,10.8392,3.8462,-1.5734,-3.8461,-3.8461,-3.8461,기간만료,기간만료,기간만료,기간만료,기간만료,손절,손절,손절
000880,한화,방산·우주항공,2020-09-04,2020-09-07,44357.578125,2.25,-1.7884,-5.5142,-5.5142,-5.5142,-5.5142,-5.5142,-5.5142,-5.5142,기간만료,손절,손절,손절,손절,손절,손절,손절
000880,한화,방산·우주항공,2020-12-24,2020-12-28,36953.62890625,-1.31,0.5367,-0.5367,2.6834,6.9767,13.059,6.7979,13.4168,28.6225,기간만료,기간만료,기간만료,기간만료,기간만료,기간만료,기간만료,기간만료
000880,한화,방산·우주항공,2021-01-04,2021-01-05,38606.296875,2.24,2.3973,1.7123,8.2192,2.7397,5.137,6.1644,20.8904,14.3836,기간만료,기간만료,기간만료,기간만료,기간만료,기간만료,기간만료,기간만료
000880,한화,방산·우주항공,2021-01-07,2021-01-08,41779.41796875,6.8,-0.7911,-5.0633,-5.538,-5.538,-5.538,-5.538,-5.538,-5.538,기간만료,기간만료,손절,손절,손절,손절,손절,손절
000880,한화,방산·우주항공,2021-01-21,2021-01-22,46935.73828125,9.79,-2.3944,-0.5634,1.2676,-5.6338,-5.6338,-5.6338,-5.6338,-5.6338,기간만료,기간만료,기간만료,손절,손절,손절,손절,손절
000880,한화,방산·우주항공,2021-04-20,2021-04-21,42969.3359375,1.79,-1.8461,-0.9231,-1.5385,-2.0,-2.4615,-5.3846,-5.3846,-5.3846,기간만료,기간만료,기간만료,기간만료,기간만료,손절,손절,손절
000880,한화,방산·우주항공,2021-05-06,2021-05-07,42109.94921875,0.2,-0.471,-0.471,-0.471,-0.471,-0.471,-0.471,-0.471,-0.471,기간만료,20일선이탈,20일선이탈,20일선이탈,20일선이탈,20일선이탈,20일선이탈,20일선이탈
000880,한화,방산·우주항공,2021-05-10,2021-05-11,44622.00390625,0.29,1.037,-6.5185,-6.5185,-6.5185,-6.5185,-6.5185,-6.5185,-6.5185,기간만료,손절,손절,손절,손절,손절,손절,손절
000880,한화,방산·우주항공,2021-05-11,2021-05-12,45084.75,2.94,-7.478,-7.478,-7.478,-7.478,-7.478,-7.478,-7.478,-7.478,손절,손절,손절,손절,손절,손절,손절,손절
000880,한화,방산·우주항공,2021-05-13,2021-05-14,43894.83203125,3.27,-3.0121,-3.0121,-3.0121,-3.0121,-3.0121,-3.0121,-3.0121,-3.0121,기간만료,20일선이탈,20일선이탈,20일선이탈,20일선이탈,20일선이탈,20일선이탈,20일선이탈
000880,한화,방산·우주항공,2021-08-23,2021-08-24,42308.26953125,0.51,1.7188,4.375,9.2187,8.5938,9.375,13.75,10.3125,9.8438,기간만료,기간만료,기간만료,기간만료,기간만료,기간만료,기간만료,기간만료
000880,한화,방산·우주항공,2021-08-26,2021-08-27,46208.5625,3.17,1.4306,-0.5722,-0.7153,2.5751,4.1488,0.8584,0.7153,0.5723,기간만료,기간만료,기간만료,기간만료,기간만료,기간만료,기간만료,20일선이탈
000880,한화,방산·우주항공,2021-09-02,2021-09-03,47398.484375,4.16,-0.8368,1.5342,0.5579,-1.6736,-1.5342,-1.8131,-1.9526,-1.9526,기간만료,기간만료,기간만료,기간만료,기간만료,기간만료,20일선이탈,20일선이탈
000880,한화,방산·우주항공,2022-03-02,2022-03-03,41581.09765625,16.37,-0.318,-1.4308,-4.6105,-5.4054,-5.4054,-5.4054,-5.4054,-5.4054,기간만료,기간만료,기간만료,손절,손절,손절,손절,손절
000880,한화,방산·우주항공,2022-07-29,2022-08-01,35895.921875,1.35,1.8416,5.1565,5.1565,4.9724,11.7864,14.9171,10.8656,16.0221,기간만료,기간만료,기간만료,기간만료,기간만료,기간만료,기간만료,기간만료
000880,한화,방산·우주항공,2022-08-02,2022-08-03,37746.91015625,9.75,0.0,-1.0508,-0.1751,6.3047,9.1068,7.8809,8.7566,10.683,기간만료,기간만료,기간만료,기간만료,기간만료,기간만료,기간만료,기간만료
000880,한화,방산·우주항공,2022-08-08,2022-08-09,39465.68359375,17.4,1.675,3.6851,4.3551,3.3501,4.1876,2.3451,8.5427,2.3451,기간만료,기간만료,기간만료,기간만료,기간만료,기간만료,기간만료,20일선이탈
000880,한화,방산·우주항공,2022-08-30,2022-08-31,42837.125,10.39,-2.4691,-3.858,-5.7099,-5.7099,-5.7099,-5.7099,-5.7099,-5.7099,기간만료,기간만료,손절,손절,손절,손절,손절,손절
000880,한화,방산·우주항공,2023-03-30,2023-03-31,34573.7890625,-1.71,0.7648,-0.3824,1.1472,-1.912,-2.2945,1.5296,12.8107,11.8547,기간만료,기간만료,기간만료,기간만료,기간만료,기간만료,기간만료,기간만료
000880,한화,방산·우주항공,2023-04-19,2023-04-20,39664.00390625,13.89,-1.6667,-3.3333,-2.3333,-7.3333,-7.3333,-7.3333,-7.3333,-7.3333,기간만료,기간만료,기간만료,손절,손절,손절,손절,손절
000880,한화,방산·우주항공,2023-04-24,2023-04-25,38738.51171875,19.19,-2.5597,-5.1195,-5.1195,-5.1195,-5.1195,-5.1195,-5.1195,-5.1195,기간만료,손절,손절,손절,손절,손절,손절,손절
000880,한화,방산·우주항공,2023-05-22,2023-05-23,40523.390625,-0.63,1.1419,1.1419,2.447,-0.6525,-0.8157,0.9788,-1.1419,-1.1419,기간만료,기간만료,기간만료,기간만료,기간만료,기간만료,기간만료,20일선이탈
000880,한화,방산·우주항공,2023-06-19,2023-06-20,42109.94921875,13.4,-1.0989,-2.8257,-0.314,-5.6515,-5.6515,-5.6515,-5.6515,-5.6515,기간만료,기간만료,기간만료,20일선이탈,20일선이탈,20일선이탈,20일선이탈,20일선이탈
000880,한화,방산·우주항공,2023-07-13,2023-07-14,41977.73828125,18.82,1.5748,-1.8898,-1.8898,-1.2598,-2.0472,-2.5197,-4.4095,-4.4095,기간만료,기간만료,기간만료,기간만료,기간만료,기간만료,20일선이탈,20일선이탈
000880,한화,방산·우주항공,2023-07-25,2023-07-26,44225.36328125,3.3,-4.4843,-4.4843,-4.4843,-4.4843,-4.4843,-4.4843,-4.4843,-4.4843,손절,손절,손절,손절,손절,손절,손절,손절
000880,한화,방산·우주항공,2024-01-29,2024-01-30,34111.04296875,2.48,6.0078,3.876,20.155,16.0853,19.3798,15.1163,15.5039,9.4961,기간만료,기간만료,기간만료,기간만료,기간만료,기간만료,기간만료,20일선이탈
000880,한화,방산·우주항공,2024-01-30,2024-01-31,36160.3515625,1.01,-2.011,13.3455,13.7111,6.2157,11.7002,5.6673,7.4954,3.2907,기간만료,기간만료,기간만료,기간만료,기간만료,기간만료,기간만료,20일선이탈
000880,한화,방산·우주항공,2024-01-31,2024-02-01,35433.17578125,-0.99,15.6716,16.0448,11.7537,14.9254,10.4478,10.8209,7.8358,5.4104,기간만료,기간만료,기간만료,기간만료,기간만료,기간만료,기간만료,20일선이탈
000880,한화,방산·우주항공,2024-02-01,2024-02-02,40986.13671875,-2.49,0.3226,-3.3871,-6.2903,-6.2903,-6.2903,-6.2903,-6.2903,-6.2903,기간만료,기간만료,손절,손절,손절,손절,손절,손절
000880,한화,방산·우주항공,2024-02-02,2024-02-05,41118.3515625,-4.19,-3.6977,-6.5916,-6.5916,-6.5916,-6.5916,-6.5916,-6.5916,-6.5916,기간만료,손절,손절,손절,손절,손절,손절,손절
000880,한화,방산·우주항공,2024-04-03,2024-04-04,38540.19140625,5.99,-2.4014,-2.5729,-2.5729,-2.5729,-2.5729,-2.5729,-2.5729,-2.5729,기간만료,기간만료,20일선이탈,20일선이탈,20일선이탈,20일선이탈,20일선이탈,20일선이탈
000880,한화,방산·우주항공,2024-07-05,2024-07-08,38738.51171875,1.69,-1.7065,-1.5358,-1.0239,-0.5119,0.1706,-0.3413,4.4369,1.0239,기간만료,기간만료,기간만료,기간만료,기간만료,기간만료,기간만료,기간만료
000880,한화,방산·우주항공,2024-07-24,2024-07-25,40258.96484375,14.47,2.9557,0.4926,2.7915,2.463,-2.7915,-3.7767,-3.7767,-3.7767,기간만료,기간만료,기간만료,기간만료,기간만료,손절,손절,손절
000880,한화,방산·우주항공,2024-07-25,2024-07-26,41448.8828125,11.58,-2.3923,-0.1595,-1.1164,-1.1164,-6.5391,-6.5391,-6.5391,-6.5391,기간만료,기간만료,기간만료,기간만료,손절,손절,손절,손절
000880,한화,방산·우주항공,2024-11-08,2024-11-11,38606.296875,13.34,0.0,2.3973,-1.0274,-2.0548,-0.3425,0.3425,-5.137,-5.137,기간만료,기간만료,기간만료,기간만료,기간만료,기간만료,20일선이탈,20일선이탈
000880,한화,방산·우주항공,2024-11-12,2024-11-13,39531.7890625,19.85,-3.3445,-3.3445,-3.3445,-3.3445,-3.3445,-3.3445,-3.3445,-3.3445,손절,손절,손절,손절,손절,손절,손절,손절
000880,한화,방산·우주항공,2025-01-22,2025-01-23,40986.13671875,14.41,0.0,2.0968,-3.0645,-4.8387,-4.8387,-4.8387,-4.8387,-4.8387,기간만료,기간만료,기간만료,손절,손절,손절,손절,손절
000880,한화,방산·우주항공,2025-02-11,2025-02-12,43630.40234375,15.83,13.7879,28.1818,28.6364,57.5758,30.6061,31.6667,35.4546,39.5455,기간만료,기간만료,기간만료,기간만료,기간만료,기간만료,기간만료,기간만료
000880,한화,방산·우주항공,2025-02-12,2025-02-13,49646.109375,27.33,12.6498,13.0493,19.8402,23.036,12.9161,15.3129,17.976,21.9707,기간만료,기간만료,기간만료,기간만료,기간만료,기간만료,기간만료,기간만료
000880,한화,방산·우주항공,2025-02-13,2025-02-14,55926.24609375,30.34,0.3546,6.383,22.9314,1.8913,-2.3641,-2.1277,14.7754,10.6383,기간만료,기간만료,기간만료,기간만료,기간만료,기간만료,기간만료,기간만료
000880,한화,방산·우주항공,2025-05-27,2025-05-28,81972.2734375,13.64,13.0645,24.3548,18.5484,48.7097,49.6774,51.2903,52.0968,47.2581,기간만료,기간만료,기간만료,기간만료,기간만료,기간만료,기간만료,기간만료
000880,한화,방산·우주항공,2025-05-28,2025-05-29,92681.5546875,7.64,9.9857,4.8502,14.6933,33.0956,37.6605,27.2468,31.3837,32.6676,기간만료,기간만료,기간만료,기간만료,기간만료,기간만료,기간만료,기간만료
000880,한화,방산·우주항공,2025-05-29,2025-05-30,101936.4921875,7.71,-4.6693,4.2802,19.5849,20.3632,22.4384,28.9235,23.2166,30.869,기간만료,기간만료,기간만료,기간만료,기간만료,기간만료,기간만료,기간만료
000880,한화,방산·우주항공,2025-06-04,2025-06-05,121900.703125,12.58,1.1931,0.6508,4.6638,1.7354,7.8091,2.2777,-0.9761,-1.7354,기간만료,기간만료,기간만료,기간만료,기간만료,기간만료,기간만료,기간만료
000880,한화,방산·우주항공,2025-06-27,2025-06-30,122958.4140625,15.17,8.4946,13.6559,3.7634,-2.5806,-2.5806,-2.5806,-2.5806,-2.5806,기간만료,기간만료,기간만료,20일선이탈,20일선이탈,20일선이탈,20일선이탈,20일선이탈
000880,한화,방산·우주항공,2025-07-01,2025-07-02,139749.5,11.75,-8.7039,-8.7039,-8.7039,-8.7039,-8.7039,-8.7039,-8.7039,-8.7039,손절,손절,손절,손절,손절,손절,손절,손절
000880,한화,방산·우주항공,2025-09-15,2025-09-16,123355.0546875,1.15,2.358,0.1072,-1.9293,-5.4662,-6.1093,-6.1093,-6.1093,-6.1093,기간만료,기간만료,기간만료,기간만료,손절,손절,손절,손절
000880,한화,방산·우주항공,2025-10-21,2025-10-22,121371.8515625,-12.45,2.5054,4.793,6.427,8.4967,5.4466,-0.2179,-0.6536,-0.6536,기간만료,기간만료,기간만료,기간만료,기간만료,기간만료,20일선이탈,20일선이탈
000880,한화,방산·우주항공,2025-10-27,2025-10-28,137634.09375,-7.36,-4.3228,-4.3228,-4.3228,-4.3228,-4.3228,-4.3228,-4.3228,-4.3228,손절,손절,손절,손절,손절,손절,손절,손절
000880,한화,방산·우주항공,2026-01-08,2026-01-09,117405.453125,6.81,8.2207,6.6441,13.4009,51.2387,38.4009,31.982,36.1486,25.7883,기간만료,기간만료,기간만료,기간만료,기간만료,기간만료,기간만료,20일선이탈
000880,한화,방산·우주항공,2026-01-09,2026-01-12,127057.0234375,13.82,-1.4568,4.7867,36.2123,28.616,23.9334,22.7888,18.2102,16.2331,기간만료,기간만료,기간만료,기간만료,기간만료,기간만료,기간만료,20일선이탈
000880,한화,방산·우주항공,2026-01-12,2026-01-13,125206.0390625,18.12,6.3358,38.226,41.8163,29.7782,26.5048,22.8089,17.9514,17.9514,기간만료,기간만료,기간만료,기간만료,기간만료,기간만료,기간만료,20일선이탈
000880,한화,방산·우주항공,2026-01-13,2026-01-14,133138.84375,24.12,29.9901,33.3664,22.7408,18.2721,16.3853,14.2006,10.9235,10.9235,기간만료,기간만료,기간만료,기간만료,기간만료,기간만료,20일선이탈,20일선이탈
000880,한화,방산·우주항공,2026-01-14,2026-01-15,173067.265625,20.75,2.5974,-5.5768,-6.1115,-8.4798,-8.4798,-8.4798,-8.4798,-8.4798,기간만료,기간만료,기간만료,손절,손절,손절,손절,손절
000880,한화,방산·우주항공,2026-01-15,2026-01-16,177562.515625,25.46,-7.9672,-7.9672,-7.9672,-7.9672,-7.9672,-7.9672,-7.9672,-7.9672,손절,손절,손절,손절,손절,손절,손절,손절
000880,한화,방산·우주항공,2026-02-25,2026-02-26,181925.5625,-16.67,1.8169,2.4709,-3.7064,-11.5552,-11.5552,-11.5552,-11.5552,-11.5552,기간만료,기간만료,기간만료,손절,손절,손절,손절,손절
000880,한화,방산·우주항공,2026-05-12,2026-05-13,188139.59375,-34.32,-0.9136,5.0597,-2.2488,-10.6817,-10.6817,-10.6817,-10.6817,-10.6817,기간만료,기간만료,기간만료,손절,손절,손절,손절,손절
042660,한화오션,방산·우주항공,2020-05-25,2020-05-26,16947.56640625,-1.43,-0.2564,12.0513,6.9231,49.2308,53.5897,50.2564,25.641,30.2564,기간만료,기간만료,기간만료,기간만료,기간만료,기간만료,기간만료,기간만료
042660,한화오션,방산·우주항공,2020-05-26,2020-05-27,16904.111328125,-1.07,12.3393,7.1979,12.5964,48.8432,41.9023,45.2442,26.4782,25.1928,기간만료,기간만료,기간만료,기간만료,기간만료,기간만료,기간만료,기간만료
042660,한화오션,방산·우주항공,2020-05-27,2020-05-28,18989.96484375,-0.53,-4.5767,0.2288,33.1808,37.0709,27.46,27.0023,17.849,11.4417,기간만료,기간만료,기간만료,기간만료,기간만료,기간만료,기간만료,20일선이탈
042660,한화오션,방산·우주항공,2020-06-02,2020-06-03,25160.619140625,8.0,3.4542,-4.6632,-3.7997,-3.7997,-3.7997,-3.7997,-3.7997,-3.7997,기간만료,기간만료,손절,손절,손절,손절,손절,손절
042660,한화오션,방산·우주항공,2020-06-03,2020-06-04,26029.724609375,9.93,-7.8464,-7.8464,-7.8464,-7.8464,-7.8464,-7.8464,-7.8464,-7.8464,손절,손절,손절,손절,손절,손절,손절,손절
042660,한화오션,방산·우주항공,2020-06-08,2020-06-09,25464.8046875,9.6,-3.5836,-5.2901,-5.2901,-5.2901,-5.2901,-5.2901,-5.2901,-5.2901,기간만료,손절,손절,손절,손절,손절,손절,손절
042660,한화오션,방산·우주항공,2020-08-11,2020-08-12,22118.748046875,2.27,0.5894,-1.7682,0.3929,-8.4479,-8.4479,-8.4479,-8.4479,-8.4479,기간만료,기간만료,기간만료,손절,손절,손절,손절,손절
042660,한화오션,방산·우주항공,2020-08-14,2020-08-18,22205.658203125,-0.61,-8.8063,-8.8063,-8.8063,-8.8063,-8.8063,-8.8063,-8.8063,-8.8063,손절,손절,손절,손절,손절,손절,손절,손절
042660,한화오션,방산·우주항공,2020-11-09,2020-11-10,21119.275390625,-3.54,-0.4115,-0.4115,-1.2346,9.8765,5.9671,13.3745,11.5226,17.0782,기간만료,기간만료,기간만료,기간만료,기간만료,기간만료,기간만료,기간만료
042660,한화오션,방산·우주항공,2020-11-16,2020-11-17,23205.12890625,-1.71,0.0,-3.5581,-7.4906,-7.4906,-7.4906,-7.4906,-7.4906,-7.4906,기간만료,기간만료,손절,손절,손절,손절,손절,손절
042660,한화오션,방산·우주항공,2020-11-23,2020-11-24,23943.869140625,-1.45,-2.5408,-1.2704,-0.7259,-1.6334,0.0,3.2668,0.9074,-1.2704,기간만료,기간만료,기간만료,기간만료,기간만료,기간만료,기간만료,20일선이탈
042660,한화오션,방산·우주항공,2021-01-05,2021-01-06,25464.8046875,5.28,-0.8532,1.3652,0.8532,-2.3891,-2.3891,-7.6792,-7.6792,-7.6792,기간만료,기간만료,기간만료,기간만료,기간만료,손절,손절,손절
042660,한화오션,방산·우주항공,2021-03-12,2021-03-15,23335.49609375,0.28,-0.7449,-0.7449,-0.9311,-2.2346,-2.4209,8.7523,4.6555,7.2626,기간만료,기간만료,기간만료,기간만료,기간만료,기간만료,기간만료,기간만료
042660,한화오션,방산·우주항공,2021-03-26,2021-03-29,25377.89453125,3.36,0.6849,-4.1096,-3.2534,-5.6507,-5.6507,-5.6507,-5.6507,-5.6507,기간만료,기간만료,기간만료,손절,손절,손절,손절,손절
042660,한화오션,방산·우주항공,2021-03-29,2021-03-30,25551.716796875,4.34,-4.7619,-3.9116,-6.2925,-6.2925,-6.2925,-6.2925,-6.2925,-6.2925,기간만료,기간만료,손절,손절,손절,손절,손절,손절
042660,한화오션,방산·우주항공,2021-04-26,2021-04-27,27072.65234375,-2.84,2.7287,4.0128,12.6806,18.4591,19.9037,28.2504,15.2488,11.3965,기간만료,기간만료,기간만료,기간만료,기간만료,기간만료,기간만료,20일선이탈
042660,한화오션,방산·우주항공,2021-04-27,2021-04-28,27811.390625,-1.33,1.25,9.6875,16.7188,11.25,19.2188,18.125,8.4375,8.4375,기간만료,기간만료,기간만료,기간만료,기간만료,기간만료,기간만료,20일선이탈
042660,한화오션,방산·우주항공,2021-04-29,2021-04-30,30505.619140625,-1.1,6.4103,5.1282,1.4245,8.6895,13.8177,5.1282,-1.1396,-1.1396,기간만료,기간만료,기간만료,기간만료,기간만료,기간만료,20일선이탈,20일선이탈
042660,한화오션,방산·우주항공,2021-04-30,2021-05-03,32461.109375,1.08,-1.2048,-4.6854,0.0,6.0241,1.2048,-4.6854,-7.095,-7.095,기간만료,기간만료,기간만료,기간만료,기간만료,기간만료,손절,손절
042660,한화오션,방산·우주항공,2021-05-03,2021-05-04,32070.01171875,-1.36,-3.523,1.2195,3.3875,8.2656,2.8455,-2.71,-5.9621,-5.9621,기간만료,기간만료,기간만료,기간만료,기간만료,기간만료,손절,손절
042660,한화오션,방산·우주항공,2021-10-25,2021-10-26,21944.92578125,-2.46,-1.1881,0.396,0.9901,2.5743,-2.1782,-4.1584,-4.1584,-4.1584,기간만료,기간만료,기간만료,기간만료,기간만료,20일선이탈,20일선이탈,20일선이탈
042660,한화오션,방산·우주항공,2021-11-12,2021-11-15,22944.3984375,-4.97,-0.7576,1.5152,-1.7045,-2.8409,-3.0303,-9.0909,-9.0909,-9.0909,기간만료,기간만료,기간만료,기간만료,기간만료,손절,손절,손절
042660,한화오션,방산·우주항공,2022-01-06,2022-01-07,22031.8359375,8.16,-0.5917,1.7751,-0.5917,-2.1696,-6.9034,-6.9034,-6.9034,-6.9034,기간만료,기간만료,기간만료,기간만료,손절,손절,손절,손절
042660,한화오션,방산·우주항공,2022-02-24,2022-02-25,22727.12109375,6.59,-1.3384,2.8681,5.7361,2.4857,-1.1472,-4.3977,-6.1185,-6.1185,기간만료,기간만료,기간만료,기간만료,기간만료,기간만료,손절,손절
042660,한화오션,방산·우주항공,2022-03-02,2022-03-03,24030.78125,16.37,-5.7866,-5.7866,-5.7866,-5.7866,-5.7866,-5.7866,-5.7866,-5.7866,손절,손절,손절,손절,손절,손절,손절,손절
042660,한화오션,방산·우주항공,2022-03-07,2022-03-08,23292.041015625,15.65,-3.5448,-3.5448,-4.8507,-6.7164,-6.7164,-6.7164,-6.7164,-6.7164,기간만료,기간만료,기간만료,손절,손절,손절,손절,손절
042660,한화오션,방산·우주항공,2022-04-12,2022-04-13,21684.193359375,-3.4,5.6112,5.2104,13.6273,11.4229,6.8136,2.6052,1.4028,1.4028,기간만료,기간만료,기간만료,기간만료,기간만료,기간만료,기간만료,20일선이탈
042660,한화오션,방산·우주항공,2022-04-13,2022-04-14,22900.943359375,-0.75,-0.3795,7.5901,3.2258,1.518,-3.0361,1.1385,-3.9848,-3.9848,기간만료,기간만료,기간만료,기간만료,기간만료,기간만료,20일선이탈,20일선이탈
042660,한화오션,방산·우주항공,2022-04-15,2022-04-18,24639.154296875,5.02,-4.0564,-1.94,-5.6437,-5.9965,-5.9965,-5.9965,-5.9965,-5.9965,기간만료,기간만료,기간만료,손절,손절,손절,손절,손절
042660,한화오션,방산·우주항공,2022-06-30,2022-07-01,20988.91015625,8.74,-3.1056,-7.6605,-7.6605,-7.6605,-7.6605,-7.6605,-7.6605,-7.6605,기간만료,손절,손절,손절,손절,손절,손절,손절
042660,한화오션,방산·우주항공,2022-08-10,2022-08-11,19294.15234375,21.49,-1.8018,-2.027,-3.1531,-5.6306,-5.6306,-5.6306,-5.6306,-5.6306,기간만료,기간만료,기간만료,손절,손절,손절,손절,손절
042660,한화오션,방산·우주항공,2022-09-21,2022-09-22,18511.95703125,4.21,5.1643,5.1643,10.0939,-7.9812,-7.9812,-7.9812,-7.9812,-7.9812,기간만료,기간만료,기간만료,손절,손절,손절,손절,손절
042660,한화오션,방산·우주항공,2022-09-22,2022-09-23,19467.974609375,3.31,0.0,4.6875,-8.2589,-8.2589,-8.2589,-8.2589,-8.2589,-8.2589,기간만료,기간만료,손절,손절,손절,손절,손절,손절
042660,한화오션,방산·우주항공,2022-09-26,2022-09-27,20380.53515625,-0.02,-12.3667,-12.3667,-12.3667,-12.3667,-12.3667,-12.3667,-12.3667,-12.3667,손절,손절,손절,손절,손절,손절,손절,손절
042660,한화오션,방산·우주항공,2023-04-17,2023-04-18,24726.064453125,7.29,-1.2302,4.7452,4.7452,0.1758,-2.2847,-4.0422,-4.0422,-4.0422,기간만료,기간만료,기간만료,기간만료,기간만료,손절,손절,손절
042660,한화오션,방산·우주항공,2023-04-19,2023-04-20,25899.357421875,13.89,0.0,-6.7114,-6.7114,-6.7114,-6.7114,-6.7114,-6.7114,-6.7114,기간만료,손절,손절,손절,손절,손절,손절,손절
042660,한화오션,방산·우주항공,2023-05-22,2023-05-23,25725.537109375,-0.63,-2.8716,2.7027,-1.6892,-3.0405,-8.1081,-8.1081,-8.1081,-8.1081,기간만료,기간만료,기간만료,기간만료,손절,손절,손절,손절
042660,한화오션,방산·우주항공,2023-05-24,2023-05-25,26420.822265625,-2.11,-4.2763,-5.5921,-5.5921,-5.5921,-5.5921,-5.5921,-5.5921,-5.5921,기간만료,손절,손절,손절,손절,손절,손절,손절
042660,한화오션,방산·우주항공,2023-06-16,2023-06-19,28854.318359375,6.8,2.5602,15.8133,15.9639,11.747,14.4578,13.5542,24.8494,43.6747,기간만료,기간만료,기간만료,기간만료,기간만료,기간만료,기간만료,기간만료
042660,한화오션,방산·우주항공,2023-06-20,2023-06-21,33417.125,14.88,0.13,0.2601,-3.5111,-1.1704,-2.2107,-0.3901,15.3446,21.4564,기간만료,기간만료,기간만료,기간만료,기간만료,기간만료,기간만료,기간만료
042660,한화오션,방산·우주항공,2023-11-28,2023-11-29,26050.0,1.39,3.6468,3.6468,6.142,1.3436,-0.5758,-1.5355,-1.5355,-1.5355,기간만료,기간만료,기간만료,기간만료,기간만료,20일선이탈,20일선이탈,20일선이탈
042660,한화오션,방산·우주항공,2023-11-29,2023-11-30,27000.0,0.22,0.0,2.4074,-1.2963,-1.4815,-4.6296,-5.0,-5.0,-5.0,기간만료,기간만료,기간만료,기간만료,기간만료,손절,손절,손절
042660,한화오션,방산·우주항공,2024-02-27,2024-02-28,23550.0,6.19,3.1847,1.0616,-2.7601,-4.4586,-4.4586,-4.4586,-4.4586,-4.4586,기간만료,기간만료,기간만료,20일선이탈,20일선이탈,20일선이탈,20일선이탈,20일선이탈
042660,한화오션,방산·우주항공,2024-03-11,2024-03-12,24600.0,16.75,0.0,-1.2195,12.1951,17.6829,19.9187,25.6098,13.6179,3.4553,기간만료,기간만료,기간만료,기간만료,기간만료,기간만료,기간만료,20일선이탈
042660,한화오션,방산·우주항공,2024-03-14,2024-03-15,27600.0,9.83,1.6304,4.8913,3.0797,9.9638,11.9565,-0.3623,-7.7899,-7.7899,기간만료,기간만료,기간만료,기간만료,기간만료,기간만료,손절,손절
042660,한화오션,방산·우주항공,2024-03-18,2024-03-19,28950.0,15.7,-1.7271,1.8998,4.8359,6.7358,-2.7634,-5.0086,-5.0086,-5.0086,기간만료,기간만료,기간만료,기간만료,기간만료,손절,손절,손절
042660,한화오션,방산·우주항공,2024-04-18,2024-04-19,33250.0,11.72,-0.7519,-2.2556,5.4135,-1.9549,-1.203,-4.812,-4.812,-4.812,기간만료,기간만료,기간만료,기간만료,기간만료,손절,손절,손절
042660,한화오션,방산·우주항공,2024-04-23,2024-04-24,35050.0,14.27,-3.1384,-6.99,-6.99,-6.99,-6.99,-6.99,-6.99,-6.99,기간만료,손절,손절,손절,손절,손절,손절,손절
042660,한화오션,방산·우주항공,2024-07-17,2024-07-18,31100.0,4.58,-2.4116,-2.4116,-2.4116,-2.4116,-2.4116,-2.4116,-2.4116,-2.4116,기간만료,20일선이탈,20일선이탈,20일선이탈,20일선이탈,20일선이탈,20일선이탈,20일선이탈
042660,한화오션,방산·우주항공,2024-07-26,2024-07-29,30900.0,11.18,-2.9126,-2.9126,-2.9126,-2.9126,-2.9126,-2.9126,-2.9126,-2.9126,기간만료,20일선이탈,20일선이탈,20일선이탈,20일선이탈,20일선이탈,20일선이탈,20일선이탈
042660,한화오션,방산·우주항공,2024-08-01,2024-08-02,32050.0,14.72,-5.7722,-12.3245,-12.3245,-12.3245,-12.3245,-12.3245,-12.3245,-12.3245,기간만료,손절,손절,손절,손절,손절,손절,손절
042660,한화오션,방산·우주항공,2024-08-30,2024-09-02,35050.0,2.58,-0.9986,-6.4194,-4.7076,-4.7076,-4.7076,-4.7076,-4.7076,-4.7076,기간만료,기간만료,손절,손절,손절,손절,손절,손절
042660,한화오션,방산·우주항공,2024-11-08,2024-11-11,37550.0,13.34,0.0,0.9321,-9.5872,-9.5872,-9.5872,-9.5872,-9.5872,-9.5872,기간만료,기간만료,손절,손절,손절,손절,손절,손절
042660,한화오션,방산·우주항공,2024-11-11,2024-11-12,37550.0,19.76,0.9321,-9.5872,-9.5872,-9.5872,-9.5872,-9.5872,-9.5872,-9.5872,기간만료,손절,손절,손절,손절,손절,손절,손절
042660,한화오션,방산·우주항공,2024-11-14,2024-11-15,39600.0,19.8,-3.4091,-2.399,-7.3232,-7.3232,-7.3232,-7.3232,-7.3232,-7.3232,기간만료,기간만료,손절,손절,손절,손절,손절,손절
042660,한화오션,방산·우주항공,2024-12-23,2024-12-24,35800.0,-4.33,1.676,5.1676,5.3073,5.8659,9.3575,25.0,41.0615,44.9721,기간만료,기간만료,기간만료,기간만료,기간만료,기간만료,기간만료,기간만료
042660,한화오션,방산·우주항공,2025-01-07,2025-01-08,43250.0,11.84,1.6185,3.4682,6.0116,11.5607,16.763,26.474,34.7977,38.4971,기간만료,기간만료,기간만료,기간만료,기간만료,기간만료,기간만료,기간만료
042660,한화오션,방산·우주항공,2025-01-08,2025-01-09,43950.0,11.88,1.8203,4.3231,3.1854,16.2685,13.6519,22.1843,39.9317,47.8953,기간만료,기간만료,기간만료,기간만료,기간만료,기간만료,기간만료,기간만료
042660,한화오션,방산·우주항공,2025-01-14,2025-01-15,48250.0,13.17,5.9067,4.6632,3.5233,13.3679,7.5648,20.829,24.1451,63.7306,기간만료,기간만료,기간만료,기간만료,기간만료,기간만료,기간만료,기간만료
042660,한화오션,방산·우주항공,2025-02-12,2025-02-13,73200.0,27.33,4.235,3.8251,7.9235,5.1913,1.9126,0.5464,8.8798,-1.5027,기간만료,기간만료,기간만료,기간만료,기간만료,기간만료,기간만료,20일선이탈
042660,한화오션,방산·우주항공,2025-04-25,2025-04-28,95000.0,17.8,-13.2632,-13.2632,-13.2632,-13.2632,-13.2632,-13.2632,-13.2632,-13.2632,손절,손절,손절,손절,손절,손절,손절,손절
042660,한화오션,방산·우주항공,2025-06-10,2025-06-11,81400.0,7.36,-2.2113,3.1941,3.317,12.285,8.4767,8.5995,1.9656,1.9656,기간만료,기간만료,기간만료,기간만료,기간만료,기간만료,20일선이탈,20일선이탈
042660,한화오션,방산·우주항공,2025-06-12,2025-06-13,84000.0,21.26,0.119,4.1667,8.8095,5.119,3.9286,-1.1905,-1.1905,-1.1905,기간만료,기간만료,기간만료,기간만료,기간만료,20일선이탈,20일선이탈,20일선이탈
042660,한화오션,방산·우주항공,2025-06-17,2025-06-18,91400.0,28.08,0.8753,-3.3917,-4.814,-4.4858,-4.4858,-4.4858,-4.4858,-4.4858,기간만료,기간만료,기간만료,손절,손절,손절,손절,손절
042660,한화오션,방산·우주항공,2025-07-24,2025-07-25,88000.0,3.51,6.8182,13.75,12.9545,32.0455,30.1136,32.3864,21.1364,20.4545,기간만료,기간만료,기간만료,기간만료,기간만료,기간만료,기간만료,20일선이탈
042660,한화오션,방산·우주항공,2025-07-28,2025-07-29,100100.0,5.94,-0.6993,3.5964,16.0839,14.3856,14.985,6.5934,1.8981,5.8941,기간만료,기간만료,기간만료,기간만료,기간만료,기간만료,기간만료,20일선이탈
042660,한화오션,방산·우주항공,2025-07-31,2025-08-01,116200.0,14.52,-1.2048,-1.463,-2.0654,0.2582,-8.1756,-8.1756,-8.1756,-8.1756,기간만료,기간만료,기간만료,기간만료,손절,손절,손절,손절
042660,한화오션,방산·우주항공,2025-08-01,2025-08-04,114800.0,17.54,-0.2613,-0.8711,0.2613,-0.1742,-7.0557,-7.0557,-7.0557,-7.0557,기간만료,기간만료,기간만료,기간만료,손절,손절,손절,손절
042660,한화오션,방산·우주항공,2025-10-21,2025-10-22,123900.0,-12.45,4.3584,8.4746,13.3172,7.7482,10.4923,9.7659,-3.9548,-3.9548,기간만료,기간만료,기간만료,기간만료,기간만료,기간만료,20일선이탈,20일선이탈
042660,한화오션,방산·우주항공,2025-10-22,2025-10-23,129300.0,-12.8,3.9443,8.5847,6.0325,15.6999,9.1261,0.0773,-7.966,-7.966,기간만료,기간만료,기간만료,기간만료,기간만료,기간만료,20일선이탈,20일선이탈
042660,한화오션,방산·우주항공,2025-10-30,2025-10-31,136900.0,-8.92,3.0679,1.3879,-0.6574,-5.4785,-5.4785,-5.4785,-5.4785,-5.4785,기간만료,기간만료,기간만료,손절,손절,손절,손절,손절
042660,한화오션,방산·우주항공,2025-12-23,2025-12-24,130800.0,2.58,-7.7982,-7.7982,-7.7982,-7.7982,-7.7982,-7.7982,-7.7982,-7.7982,손절,손절,손절,손절,손절,손절,손절,손절
042660,한화오션,방산·우주항공,2026-01-08,2026-01-09,129500.0,6.81,4.4015,11.583,14.4402,15.6757,15.0579,6.7181,9.6525,7.722,기간만료,기간만료,기간만료,기간만료,기간만료,기간만료,기간만료,20일선이탈
042660,한화오션,방산·우주항공,2026-01-12,2026-01-13,144500.0,18.12,2.5606,0.4152,3.6678,3.1142,-1.0381,-0.346,-3.4602,-3.4602,기간만료,기간만료,기간만료,기간만료,기간만료,기간만료,20일선이탈,20일선이탈
042660,한화오션,방산·우주항공,2026-02-20,2026-02-23,148900.0,-17.47,-2.955,-3.1565,-4.634,-3.7609,-3.7609,-3.7609,-3.7609,-3.7609,기간만료,기간만료,기간만료,손절,손절,손절,손절,손절
042660,한화오션,방산·우주항공,2026-05-11,2026-05-12,129700.0,-35.72,-3.1611,-3.1611,-3.1611,-3.1611,-3.1611,-3.1611,-3.1611,-3.1611,손절,손절,손절,손절,손절,손절,손절,손절
042660,한화오션,방산·우주항공,2026-05-26,2026-05-27,134000.0,-29.68,-0.7463,-5.4478,-5.4478,-5.4478,-5.4478,-5.4478,-5.4478,-5.4478,기간만료,손절,손절,손절,손절,손절,손절,손절
042660,한화오션,방산·우주항공,2026-06-17,2026-06-18,132200.0,-15.11,-5.1437,-5.1437,-5.1437,-5.1437,-5.1437,-5.1437,-5.1437,-5.1437,손절,손절,손절,손절,손절,손절,손절,손절
042660,한화오션,방산·우주항공,2026-07-06,2026-07-07,92800.0,0.17,-3.556,-3.556,-3.556,-3.556,-3.556,-3.556,-3.556,-3.556,기간만료,20일선이탈,20일선이탈,20일선이탈,20일선이탈,20일선이탈,20일선이탈,20일선이탈
010140,삼성중공업,방산·우주항공,2020-05-27,2020-05-28,4688.900390625,-0.53,-6.1368,-6.1368,-6.1368,-6.1368,-6.1368,-6.1368,-6.1368,-6.1368,손절,손절,손절,손절,손절,손절,손절,손절
010140,삼성중공업,방산·우주항공,2020-06-02,2020-06-03,5830.4638671875,8.0,18.4466,12.1359,12.1359,10.1942,5.8252,1.9417,-1.1327,-1.1327,기간만료,기간만료,기간만료,기간만료,기간만료,기간만료,기간만료,20일선이탈
010140,삼성중공업,방산·우주항공,2020-06-03,2020-06-04,6905.986328125,9.93,-5.3279,-5.3279,-5.3279,-5.3279,-5.3279,-5.3279,-5.3279,-5.3279,손절,손절,손절,손절,손절,손절,손절,손절
010140,삼성중공업,방산·우주항공,2020-06-08,2020-06-09,6622.9541015625,9.6,-2.9915,0.4274,-6.8376,-10.5413,-10.5413,-10.5413,-10.5413,-10.5413,기간만료,기간만료,기간만료,손절,손절,손절,손절,손절
010140,삼성중공업,방산·우주항공,2020-07-21,2020-07-22,5679.51318359375,-3.98,-4.1528,-6.4784,-6.4784,-6.4784,-6.4784,-6.4784,-6.4784,-6.4784,기간만료,손절,손절,손절,손절,손절,손절,손절
010140,삼성중공업,방산·우주항공,2020-09-07,2020-09-08,5349.30908203125,3.82,-6.8783,-5.6437,-5.6437,-5.6437,-5.6437,-5.6437,-5.6437,-5.6437,기간만료,손절,손절,손절,손절,손절,손절,손절
010140,삼성중공업,방산·우주항공,2020-11-09,2020-11-10,5462.52197265625,-3.54,1.8998,4.4905,2.9361,11.9171,3.2815,23.8342,18.4801,20.7254,기간만료,기간만료,기간만료,기간만료,기간만료,기간만료,기간만료,기간만료
010140,삼성중공업,방산·우주항공,2020-11-10,2020-11-11,5566.30029296875,-0.28,2.5424,1.0169,3.3898,4.5763,-2.3729,15.5932,18.1356,17.7966,기간만료,기간만료,기간만료,기간만료,기간만료,기간만료,기간만료,기간만료
010140,삼성중공업,방산·우주항공,2020-11-11,2020-11-12,5707.81640625,0.65,-1.4876,0.8264,7.1074,-1.157,0.1653,15.2066,14.0496,14.3802,기간만료,기간만료,기간만료,기간만료,기간만료,기간만료,기간만료,기간만료
010140,삼성중공업,방산·우주항공,2020-11-16,2020-11-17,6113.49609375,-1.71,-4.784,-4.784,-4.784,-4.784,-4.784,-4.784,-4.784,-4.784,손절,손절,손절,손절,손절,손절,손절,손절
010140,삼성중공업,방산·우주항공,2020-11-23,2020-11-24,6764.47021484375,-1.45,-4.8815,-4.8815,-4.8815,-4.8815,-4.8815,-4.8815,-4.8815,-4.8815,손절,손절,손절,손절,손절,손절,손절,손절
010140,삼성중공업,방산·우주항공,2020-11-25,2020-11-26,6575.78173828125,-1.1,-1.8651,-2.726,-1.5782,-1.0043,2.0086,-0.7174,0.2869,1.5782,기간만료,기간만료,기간만료,기간만료,기간만료,기간만료,기간만료,기간만료
010140,삼성중공업,방산·우주항공,2021-01-05,2021-01-06,7122.9775390625,5.28,-1.0596,-2.1192,-4.5033,-7.5497,-7.5497,-7.5497,-7.5497,-7.5497,기간만료,기간만료,기간만료,손절,손절,손절,손절,손절
010140,삼성중공업,방산·우주항공,2021-02-23,2021-02-24,6424.83154296875,5.15,-2.6432,-3.9648,-2.0558,-3.2305,-6.0206,-6.0206,-6.0206,-6.0206,기간만료,기간만료,기간만료,기간만료,기간만료,20일선이탈,20일선이탈,20일선이탈
010140,삼성중공업,방산·우주항공,2021-03-24,2021-03-25,6538.04443359375,-0.09,0.2886,10.8225,10.2453,12.1212,7.3593,7.7922,9.5238,4.1847,기간만료,기간만료,기간만료,기간만료,기간만료,기간만료,기간만료,20일선이탈
010140,삼성중공업,방산·우주항공,2021-03-26,2021-03-29,7245.625,3.36,-0.5208,-4.2969,1.1719,-3.125,-2.474,-1.9531,-4.2969,-5.9896,기간만료,기간만료,기간만료,기간만료,기간만료,기간만료,기간만료,손절
010140,삼성중공업,방산·우주항공,2021-03-29,2021-03-30,7207.88720703125,4.34,-3.7958,1.7016,-1.3089,0.2618,-2.2251,-0.1309,-5.4974,-5.4974,기간만료,기간만료,기간만료,기간만료,기간만료,기간만료,손절,손절
010140,삼성중공업,방산·우주항공,2021-03-31,2021-04-01,7330.53466796875,7.2,-2.9601,-4.2471,-4.2471,-4.2471,-4.2471,-4.2471,-4.2471,-4.2471,기간만료,손절,손절,손절,손절,손절,손절,손절
010140,삼성중공업,방산·우주항공,2021-06-01,2021-06-02,6075.75830078125,4.86,0.0,-1.087,9.9379,9.6273,8.8509,10.0932,3.2609,1.5528,기간만료,기간만료,기간만료,기간만료,기간만료,기간만료,기간만료,20일선이탈
010140,삼성중공업,방산·우주항공,2021-06-04,2021-06-07,6679.560546875,3.91,0.4237,-0.2825,0.2825,-0.565,0.1412,-4.8023,-6.0734,-6.0734,기간만료,기간만료,기간만료,기간만료,기간만료,기간만료,손절,손절
010140,삼성중공업,방산·우주항공,2021-08-10,2021-08-11,6264.4462890625,1.11,-1.2048,-1.2048,-1.2048,-1.2048,-1.2048,-1.2048,-1.2048,-1.2048,기간만료,20일선이탈,20일선이탈,20일선이탈,20일선이탈,20일선이탈,20일선이탈,20일선이탈
010140,삼성중공업,방산·우주항공,2021-09-10,2021-09-13,6179.53662109375,2.87,-0.916,1.2214,2.7585,-0.6398,-1.7726,-0.3162,-4.1999,-4.1999,기간만료,기간만료,기간만료,기간만료,기간만료,기간만료,20일선이탈,20일선이탈
010140,삼성중공업,방산·우주항공,2021-10-27,2021-10-28,6460.0,-2.0,0.0,-2.1672,-4.0248,-5.2632,-5.2632,-5.2632,-5.2632,-5.2632,기간만료,기간만료,기간만료,손절,손절,손절,손절,손절
010140,삼성중공업,방산·우주항공,2022-02-24,2022-02-25,5880.0,6.59,-2.2109,-0.6803,3.7415,1.0204,-1.8707,-1.5306,-5.102,-5.102,기간만료,기간만료,기간만료,기간만료,기간만료,기간만료,손절,손절
010140,삼성중공업,방산·우주항공,2022-03-02,2022-03-03,6100.0,16.37,-1.8033,-2.623,-3.2787,-5.4098,-5.4098,-5.4098,-5.4098,-5.4098,기간만료,기간만료,기간만료,손절,손절,손절,손절,손절
010140,삼성중공업,방산·우주항공,2022-04-13,2022-04-14,5990.0,-0.75,2.0033,4.3406,3.172,3.6728,0.5008,2.0033,-1.5025,-1.5025,기간만료,기간만료,기간만료,기간만료,기간만료,기간만료,20일선이탈,20일선이탈
010140,삼성중공업,방산·우주항공,2022-04-14,2022-04-15,6110.0,1.44,2.2913,1.1457,4.2553,4.7463,0.0,0.8183,-3.437,-3.437,기간만료,기간만료,기간만료,기간만료,기간만료,기간만료,20일선이탈,20일선이탈
010140,삼성중공업,방산·우주항공,2022-04-19,2022-04-20,6370.0,2.28,-2.5118,0.471,-5.4945,-4.0816,-4.0816,-4.0816,-4.0816,-4.0816,기간만료,기간만료,기간만료,손절,손절,손절,손절,손절
010140,삼성중공업,방산·우주항공,2022-05-31,2022-06-02,5930.0,-0.63,0.1686,0.0,-0.1686,1.0118,-4.2159,-4.2159,-4.2159,-4.2159,기간만료,기간만료,기간만료,기간만료,기간만료,20일선이탈,20일선이탈,20일선이탈
010140,삼성중공업,방산·우주항공,2022-06-30,2022-07-01,6080.0,8.74,-1.6447,-5.0987,-5.0987,-5.0987,-5.0987,-5.0987,-5.0987,-5.0987,기간만료,손절,손절,손절,손절,손절,손절,손절
010140,삼성중공업,방산·우주항공,2022-08-10,2022-08-11,6010.0,21.49,-0.1664,0.1664,-0.1664,0.0,-2.6622,2.3295,-1.6639,-1.6639,기간만료,기간만료,기간만료,기간만료,기간만료,기간만료,20일선이탈,20일선이탈
010140,삼성중공업,방산·우주항공,2022-11-11,2022-11-14,5540.0,0.6,-0.722,-1.6245,-0.5415,-6.6787,-7.9422,-7.9422,-7.9422,-7.9422,기간만료,기간만료,기간만료,기간만료,손절,손절,손절,손절
010140,삼성중공업,방산·우주항공,2023-04-14,2023-04-17,5670.0,5.53,0.1764,0.1764,1.4109,0.5291,-1.2346,0.1764,-5.291,-5.291,기간만료,기간만료,기간만료,기간만료,기간만료,기간만료,손절,손절
010140,삼성중공업,방산·우주항공,2023-05-22,2023-05-23,5990.0,-0.63,0.5008,3.172,2.0033,3.3389,1.6694,8.3472,9.6828,14.0234,기간만료,기간만료,기간만료,기간만료,기간만료,기간만료,기간만료,기간만료
010140,삼성중공업,방산·우주항공,2023-05-24,2023-05-25,6180.0,-2.11,-1.1327,-0.8091,0.1618,-1.4563,5.178,4.8544,11.9741,7.1197,기간만료,기간만료,기간만료,기간만료,기간만료,기간만료,기간만료,기간만료
010140,삼성중공업,방산·우주항공,2023-06-05,2023-06-07,6500.0,-0.23,-0.1538,1.0769,-0.3077,0.7692,4.7692,6.3077,3.6923,0.3077,기간만료,기간만료,기간만료,기간만료,기간만료,기간만료,기간만료,20일선이탈
010140,삼성중공업,방산·우주항공,2023-07-11,2023-07-12,7550.0,19.58,9.2715,10.0662,10.1987,8.6093,12.9801,12.1854,20.3974,20.7947,기간만료,기간만료,기간만료,기간만료,기간만료,기간만료,기간만료,기간만료
010140,삼성중공업,방산·우주항공,2023-07-12,2023-07-13,8250.0,18.44,0.7273,0.8485,4.8485,4.4848,4.2424,2.9091,10.1818,10.1818,기간만료,기간만료,기간만료,기간만료,기간만료,기간만료,기간만료,기간만료
010140,삼성중공업,방산·우주항공,2023-07-28,2023-07-31,8940.0,-2.94,0.6711,1.6779,1.6779,-0.783,2.0134,1.566,-3.8031,-3.8031,기간만료,기간만료,기간만료,기간만료,기간만료,기간만료,20일선이탈,20일선이탈
010140,삼성중공업,방산·우주항공,2023-11-28,2023-11-29,8220.0,1.39,-2.7981,-2.4331,0.0,-1.4599,-3.0414,-3.4063,-3.163,-3.163,기간만료,기간만료,기간만료,기간만료,기간만료,기간만료,20일선이탈,20일선이탈
010140,삼성중공업,방산·우주항공,2024-02-27,2024-02-28,7690.0,6.19,4.6814,3.1209,-0.9103,0.5202,-0.6502,3.5111,15.6047,12.8739,기간만료,기간만료,기간만료,기간만료,기간만료,기간만료,기간만료,기간만료
010140,삼성중공업,방산·우주항공,2024-02-28,2024-02-29,8050.0,11.31,-1.4907,-5.3416,-5.3416,-5.3416,-5.3416,-5.3416,-5.3416,-5.3416,기간만료,손절,손절,손절,손절,손절,손절,손절
010140,삼성중공업,방산·우주항공,2024-03-14,2024-03-15,9200.0,9.83,-1.7391,-2.3913,-4.6739,-4.6739,-4.6739,-4.6739,-4.6739,-4.6739,기간만료,기간만료,손절,손절,손절,손절,손절,손절
010140,삼성중공업,방산·우주항공,2024-04-18,2024-04-19,9580.0,11.72,3.0271,-0.2088,1.7745,0.0,-0.3132,-1.6701,6.1587,2.2965,기간만료,기간만료,기간만료,기간만료,기간만료,기간만료,기간만료,기간만료
010140,삼성중공업,방산·우주항공,2024-06-25,2024-06-26,9290.0,2.84,0.3229,1.507,0.8611,4.0904,3.2293,4.0904,11.4101,17.4381,기간만료,기간만료,기간만료,기간만료,기간만료,기간만료,기간만료,기간만료
010140,삼성중공업,방산·우주항공,2024-07-17,2024-07-18,10930.0,4.58,0.6404,-3.7511,-2.5618,0.0,9.6981,6.4044,-3.2022,-3.2022,기간만료,기간만료,기간만료,기간만료,기간만료,기간만료,손절,손절
010140,삼성중공업,방산·우주항공,2024-07-26,2024-07-29,11990.0,11.18,-1.9183,-3.2527,-3.0025,-8.5905,-8.5905,-8.5905,-8.5905,-8.5905,기간만료,기간만료,기간만료,손절,손절,손절,손절,손절
010140,삼성중공업,방산·우주항공,2024-11-08,2024-11-11,11140.0,13.34,6.2837,4.1293,2.3339,5.386,4.8474,8.6176,4.5781,-1.6158,기간만료,기간만료,기간만료,기간만료,기간만료,기간만료,기간만료,20일선이탈
010140,삼성중공업,방산·우주항공,2024-11-11,2024-11-12,11840.0,19.76,-2.027,-3.7162,-3.7162,-3.7162,-3.7162,-3.7162,-3.7162,-3.7162,기간만료,손절,손절,손절,손절,손절,손절,손절
010140,삼성중공업,방산·우주항공,2025-01-15,2025-01-16,13010.0,14.43,2.7671,4.4581,4.3812,2.2291,-0.0769,4.0738,-2.3059,-2.3059,기간만료,기간만료,기간만료,기간만료,기간만료,기간만료,20일선이탈,20일선이탈
010140,삼성중공업,방산·우주항공,2025-01-16,2025-01-17,13370.0,14.38,1.6455,1.5707,2.2438,-4.3381,-4.2633,-2.0194,-4.9364,-4.9364,기간만료,기간만료,기간만료,기간만료,기간만료,기간만료,20일선이탈,20일선이탈
010140,삼성중공업,방산·우주항공,2025-02-19,2025-02-20,14680.0,31.56,-9.4687,-9.4687,-9.4687,-9.4687,-9.4687,-9.4687,-9.4687,-9.4687,손절,손절,손절,손절,손절,손절,손절,손절
010140,삼성중공업,방산·우주항공,2025-02-24,2025-02-25,13970.0,25.82,10.1646,6.8003,5.3686,3.078,5.5118,5.5118,1.3601,1.3601,기간만료,기간만료,기간만료,기간만료,기간만료,기간만료,20일선이탈,20일선이탈
010140,삼성중공업,방산·우주항공,2025-02-25,2025-02-26,15390.0,31.57,-3.0539,-4.3535,-8.2521,-8.2521,-8.2521,-8.2521,-8.2521,-8.2521,기간만료,기간만료,손절,손절,손절,손절,손절,손절
010140,삼성중공업,방산·우주항공,2025-04-28,2025-04-29,15150.0,15.26,-0.9901,-4.2244,-1.7822,-2.5743,-5.6106,-5.6106,-5.6106,-5.6106,기간만료,기간만료,기간만료,기간만료,기간만료,20일선이탈,20일선이탈,20일선이탈
010140,삼성중공업,방산·우주항공,2025-05-27,2025-05-28,16540.0,13.64,-3.9299,-3.9299,-3.9299,-3.9299,-3.9299,-3.9299,-3.9299,-3.9299,손절,손절,손절,손절,손절,손절,손절,손절
010140,삼성중공업,방산·우주항공,2025-05-30,2025-06-02,17060.0,12.44,-0.7034,-0.6448,-1.7585,2.6964,3.7515,3.8687,-0.3517,-0.3517,기간만료,기간만료,기간만료,기간만료,기간만료,기간만료,20일선이탈,20일선이탈
010140,삼성중공업,방산·우주항공,2025-07-08,2025-07-09,17350.0,-2.0,1.4986,3.0548,-0.5764,3.804,8.4726,12.6225,8.7608,12.9107,기간만료,기간만료,기간만료,기간만료,기간만료,기간만료,기간만료,기간만료
010140,삼성중공업,방산·우주항공,2025-08-26,2025-08-27,20800.0,-5.58,3.8462,3.125,4.0865,1.2019,0.0,0.0,4.8077,1.6827,기간만료,기간만료,기간만료,기간만료,기간만료,기간만료,기간만료,20일선이탈
010140,삼성중공업,방산·우주항공,2025-08-27,2025-08-28,21600.0,-6.93,-0.6944,0.2315,-2.3148,-3.0093,-1.8519,5.0926,-0.2315,-2.0833,기간만료,기간만료,기간만료,기간만료,기간만료,기간만료,기간만료,20일선이탈
010140,삼성중공업,방산·우주항공,2025-10-21,2025-10-22,24300.0,-12.45,-2.4691,0.6173,6.5844,24.2798,19.9588,15.6379,9.8765,7.8189,기간만료,기간만료,기간만료,기간만료,기간만료,기간만료,기간만료,20일선이탈
010140,삼성중공업,방산·우주항공,2025-10-24,2025-10-27,25900.0,-10.87,19.112,16.6023,24.7104,15.444,8.4942,4.4402,1.1583,1.1583,기간만료,기간만료,기간만료,기간만료,기간만료,기간만료,20일선이탈,20일선이탈
010140,삼성중공업,방산·우주항공,2025-10-27,2025-10-28,30850.0,-7.36,-2.107,4.7002,-5.5105,-6.8071,-6.8071,-6.8071,-6.8071,-6.8071,기간만료,기간만료,기간만료,손절,손절,손절,손절,손절
010140,삼성중공업,방산·우주항공,2025-10-28,2025-10-29,30200.0,-7.61,6.9536,-3.4768,-0.9934,-6.9536,-7.2848,-7.2848,-7.2848,-7.2848,기간만료,기간만료,기간만료,기간만료,손절,손절,손절,손절
010140,삼성중공업,방산·우주항공,2025-12-09,2025-12-10,26850.0,-2.97,-0.9311,-2.9795,-3.5382,-6.5177,-6.5177,-6.5177,-6.5177,-6.5177,기간만료,기간만료,기간만료,손절,손절,손절,손절,손절
010140,삼성중공업,방산·우주항공,2026-01-07,2026-01-08,25500.0,3.6,4.7059,11.7647,11.1765,12.549,18.4314,22.3529,17.8431,10.7843,기간만료,기간만료,기간만료,기간만료,기간만료,기간만료,기간만료,20일선이탈
010140,삼성중공업,방산·우주항공,2026-01-08,2026-01-09,26700.0,6.81,6.7416,6.1798,7.8652,13.6704,17.603,13.2959,12.1723,5.8052,기간만료,기간만료,기간만료,기간만료,기간만료,기간만료,기간만료,20일선이탈
010140,삼성중공업,방산·우주항공,2026-01-09,2026-01-12,28500.0,13.82,-0.5263,1.0526,0.7018,5.9649,4.386,7.5439,1.7544,-0.8772,기간만료,기간만료,기간만료,기간만료,기간만료,기간만료,기간만료,20일선이탈
010140,삼성중공업,방산·우주항공,2026-01-15,2026-01-16,30350.0,25.46,-0.4942,3.4596,-1.9769,-0.3295,0.0,-1.318,-6.9193,-6.9193,기간만료,기간만료,기간만료,기간만료,기간만료,기간만료,손절,손절
010140,삼성중공업,방산·우주항공,2026-01-19,2026-01-20,31400.0,23.62,-5.2548,-0.6369,-3.6624,-3.3439,-4.2994,-4.6178,-4.6178,-4.6178,기간만료,기간만료,기간만료,기간만료,기간만료,손절,손절,손절
010140,삼성중공업,방산·우주항공,2026-03-12,2026-03-13,31200.0,11.29,-2.2436,-6.0897,-6.0897,-6.0897,-6.0897,-6.0897,-6.0897,-6.0897,기간만료,손절,손절,손절,손절,손절,손절,손절
010140,삼성중공업,방산·우주항공,2026-04-22,2026-04-23,32700.0,-1.9,7.1865,6.1162,1.0703,1.9878,0.9174,0.0,-4.4343,-4.4343,기간만료,기간만료,기간만료,기간만료,기간만료,기간만료,손절,손절
010140,삼성중공업,방산·우주항공,2026-04-23,2026-04-24,35050.0,-5.33,-0.9986,-5.7061,-5.9914,-4.8502,-4.8502,-4.8502,-4.8502,-4.8502,기간만료,기간만료,기간만료,손절,손절,손절,손절,손절
010140,삼성중공업,방산·우주항공,2026-05-11,2026-05-12,34050.0,-35.72,-5.4332,-5.4332,-5.4332,-5.4332,-5.4332,-5.4332,-5.4332,-5.4332,손절,손절,손절,손절,손절,손절,손절,손절
015760,한국전력,전력·인프라,2020-07-13,2020-07-14,20050.0,-0.11,0.2494,-1.995,-1.995,-0.2494,-1.2469,-4.2394,-4.2394,-4.2394,기간만료,기간만료,기간만료,기간만료,기간만료,20일선이탈,20일선이탈,20일선이탈
015760,한국전력,전력·인프라,2020-08-11,2020-08-12,21150.0,15.69,-1.4184,4.4917,4.2553,-2.3641,-4.7281,-4.7281,-4.7281,-4.7281,기간만료,기간만료,기간만료,기간만료,손절,손절,손절,손절
015760,한국전력,전력·인프라,2020-08-13,2020-08-14,22100.0,11.36,-0.2262,-5.8824,-5.8824,-5.8824,-5.8824,-5.8824,-5.8824,-5.8824,기간만료,손절,손절,손절,손절,손절,손절,손절
015760,한국전력,전력·인프라,2020-10-16,2020-10-19,22000.0,-1.06,-2.7273,-4.3182,-1.8182,-3.1818,-6.1364,-6.1364,-6.1364,-6.1364,기간만료,기간만료,기간만료,기간만료,손절,손절,손절,손절
015760,한국전력,전력·인프라,2020-11-17,2020-11-18,21750.0,-1.85,-1.8391,-2.9885,-1.8391,5.0575,0.4598,-0.2299,-0.6897,-0.6897,기간만료,기간만료,기간만료,기간만료,기간만료,기간만료,기간만료,20일선이탈
015760,한국전력,전력·인프라,2020-11-24,2020-11-25,22850.0,4.4,-2.8446,-4.3764,-3.9387,-5.6893,-5.6893,-5.6893,-5.6893,-5.6893,기간만료,기간만료,기간만료,손절,손절,손절,손절,손절
015760,한국전력,전력·인프라,2020-12-10,2020-12-11,24300.0,-2.6,-1.6461,-1.6461,-0.2058,12.5514,16.0494,12.3457,11.3169,8.0247,기간만료,기간만료,기간만료,기간만료,기간만료,기간만료,기간만료,기간만료
015760,한국전력,전력·인프라,2020-12-17,2020-12-18,27350.0,3.48,4.5704,3.1079,0.0,-0.1828,-3.4735,-1.0969,-4.0219,-4.0219,기간만료,기간만료,기간만료,기간만료,기간만료,기간만료,기간만료,20일선이탈
015760,한국전력,전력·인프라,2020-12-18,2020-12-21,28600.0,1.45,-1.3986,-4.3706,-4.3706,-4.3706,-4.3706,-4.3706,-4.3706,-4.3706,기간만료,손절,손절,손절,손절,손절,손절,손절
015760,한국전력,전력·인프라,2021-03-16,2021-03-17,25000.0,0.66,-1.6,-4.0,-3.0,-8.2,-8.2,-8.2,-8.2,-8.2,기간만료,기간만료,기간만료,손절,손절,손절,손절,손절
015760,한국전력,전력·인프라,2021-04-27,2021-04-28,24700.0,4.47,-1.6194,-3.2389,-3.2389,-3.2389,-3.2389,-3.2389,-3.2389,-3.2389,기간만료,기간만료,20일선이탈,20일선이탈,20일선이탈,20일선이탈,20일선이탈,20일선이탈
015760,한국전력,전력·인프라,2021-05-24,2021-05-25,25100.0,1.34,-1.1952,4.5817,3.9841,2.7888,1.7928,7.9681,6.3745,-1.1952,기간만료,기간만료,기간만료,기간만료,기간만료,기간만료,기간만료,기간만료
015760,한국전력,전력·인프라,2021-05-26,2021-05-27,26250.0,10.44,-0.5714,-3.0476,-1.7143,-2.6667,-1.5238,-0.1905,1.3333,-5.5238,기간만료,기간만료,기간만료,기간만료,기간만료,기간만료,기간만료,20일선이탈
015760,한국전력,전력·인프라,2021-06-07,2021-06-08,27100.0,42.58,-2.952,-3.321,-4.059,-1.476,-1.845,-8.4871,-8.4871,-8.4871,기간만료,기간만료,기간만료,기간만료,기간만료,손절,손절,손절
015760,한국전력,전력·인프라,2021-07-19,2021-07-20,25550.0,5.39,0.7828,-0.5871,-1.5656,-2.3483,-2.3483,-2.3483,-2.3483,-2.3483,기간만료,기간만료,기간만료,기간만료,20일선이탈,20일선이탈,20일선이탈,20일선이탈
015760,한국전력,전력·인프라,2021-11-08,2021-11-09,23700.0,9.19,-1.8987,-2.7426,-3.1646,-3.1646,-3.1646,-3.1646,-3.1646,-3.1646,기간만료,기간만료,기간만료,20일선이탈,20일선이탈,20일선이탈,20일선이탈,20일선이탈
015760,한국전력,전력·인프라,2021-12-28,2021-12-29,22550.0,-1.29,-1.5521,-1.3304,-3.1042,-4.878,-4.878,-4.878,-4.878,-4.878,기간만료,기간만료,기간만료,기간만료,20일선이탈,20일선이탈,20일선이탈,20일선이탈
015760,한국전력,전력·인프라,2022-03-02,2022-03-03,23450.0,10.09,2.7719,1.2793,-2.1322,4.0512,4.6908,2.7719,-1.4925,-1.4925,기간만료,기간만료,기간만료,기간만료,기간만료,기간만료,20일선이탈,20일선이탈
015760,한국전력,전력·인프라,2022-03-03,2022-03-04,24100.0,9.31,-1.4523,-4.7718,-2.4896,2.9046,2.6971,-0.4149,-4.1494,-4.1494,기간만료,기간만료,기간만료,기간만료,기간만료,기간만료,20일선이탈,20일선이탈
015760,한국전력,전력·인프라,2022-03-11,2022-03-14,24800.0,10.12,-1.0081,-0.2016,-0.6048,-3.2258,-6.8548,-6.8548,-6.8548,-6.8548,기간만료,기간만료,기간만료,기간만료,손절,손절,손절,손절
015760,한국전력,전력·인프라,2022-04-28,2022-04-29,22900.0,3.69,-0.4367,-1.9651,-2.6201,-1.7467,-3.4934,-1.0917,0.2183,1.7467,기간만료,기간만료,기간만료,기간만료,기간만료,기간만료,기간만료,기간만료
015760,한국전력,전력·인프라,2022-05-04,2022-05-06,22750.0,10.33,-1.0989,-1.7582,-2.8571,-0.4396,0.4396,0.4396,4.8352,1.3187,기간만료,기간만료,기간만료,기간만료,기간만료,기간만료,기간만료,기간만료
015760,한국전력,전력·인프라,2022-05-24,2022-05-25,23650.0,6.7,0.6342,-0.2114,0.8457,-1.0571,-2.3256,-2.537,-4.0169,-4.0169,기간만료,기간만료,기간만료,기간만료,기간만료,기간만료,20일선이탈,20일선이탈
015760,한국전력,전력·인프라,2022-09-30,2022-10-04,20100.0,-5.19,-0.7463,-2.4876,-2.4876,-2.4876,-2.4876,-2.4876,-2.4876,-2.4876,기간만료,기간만료,20일선이탈,20일선이탈,20일선이탈,20일선이탈,20일선이탈,20일선이탈
015760,한국전력,전력·인프라,2022-11-09,2022-11-10,18400.0,4.77,0.5435,4.3478,5.9783,7.337,7.0652,8.6957,13.0435,6.5217,기간만료,기간만료,기간만료,기간만료,기간만료,기간만료,기간만료,20일선이탈
015760,한국전력,전력·인프라,2022-11-30,2022-12-01,20800.0,8.29,-1.2019,-4.3269,-5.2885,-5.7692,-5.7692,-5.7692,-5.7692,-5.7692,기간만료,기간만료,기간만료,손절,손절,손절,손절,손절
015760,한국전력,전력·인프라,2022-12-09,2022-12-12,20700.0,4.11,0.0,0.2415,-0.2415,4.5894,3.8647,6.2802,-5.0725,-5.0725,기간만료,기간만료,기간만료,기간만료,기간만료,기간만료,손절,손절
015760,한국전력,전력·인프라,2022-12-16,2022-12-19,21650.0,6.86,-1.1547,-0.6928,0.6928,1.6166,0.2309,-9.2379,-9.2379,-9.2379,기간만료,기간만료,기간만료,기간만료,기간만료,손절,손절,손절
015760,한국전력,전력·인프라,2022-12-28,2022-12-29,22300.0,6.52,-4.9327,-11.8834,-11.8834,-11.8834,-11.8834,-11.8834,-11.8834,-11.8834,기간만료,손절,손절,손절,손절,손절,손절,손절
015760,한국전력,전력·인프라,2023-03-17,2023-03-20,18010.0,7.53,1.4992,-0.7773,-0.7773,-0.7773,-0.7773,-0.7773,-0.7773,-0.7773,기간만료,기간만료,20일선이탈,20일선이탈,20일선이탈,20일선이탈,20일선이탈,20일선이탈
015760,한국전력,전력·인프라,2023-05-31,2023-06-01,19290.0,-4.67,0.4666,0.2074,1.7626,0.4147,-1.0886,-3.1623,-3.1623,-3.1623,기간만료,기간만료,기간만료,기간만료,기간만료,20일선이탈,20일선이탈,20일선이탈
015760,한국전력,전력·인프라,2023-06-27,2023-06-28,20050.0,12.06,-1.8953,0.4988,2.4938,2.7431,-0.9975,-1.7456,1.995,-0.2494,기간만료,기간만료,기간만료,기간만료,기간만료,기간만료,기간만료,20일선이탈
015760,한국전력,전력·인프라,2023-09-08,2023-09-11,18420.0,-1.33,-0.1086,-3.0945,-3.0945,-3.0945,-3.0945,-3.0945,-3.0945,-3.0945,기간만료,기간만료,20일선이탈,20일선이탈,20일선이탈,20일선이탈,20일선이탈,20일선이탈
015760,한국전력,전력·인프라,2023-11-08,2023-11-09,17900.0,-2.06,-4.0223,-4.4134,-4.4134,-4.4134,-4.4134,-4.4134,-4.4134,-4.4134,기간만료,손절,손절,손절,손절,손절,손절,손절
015760,한국전력,전력·인프라,2023-11-13,2023-11-14,17700.0,-3.76,-0.678,-1.1299,0.6215,0.5085,1.9774,7.3446,7.9096,9.774,기간만료,기간만료,기간만료,기간만료,기간만료,기간만료,기간만료,기간만료
015760,한국전력,전력·인프라,2024-01-16,2024-01-17,19200.0,-0.55,-1.0417,-2.3438,-2.3438,-2.3438,-2.3438,-2.3438,-2.3438,-2.3438,기간만료,기간만료,20일선이탈,20일선이탈,20일선이탈,20일선이탈,20일선이탈,20일선이탈
015760,한국전력,전력·인프라,2024-01-29,2024-01-30,19870.0,11.49,-1.8118,-0.7549,2.1641,1.1575,4.9321,6.9451,14.9975,23.5531,기간만료,기간만료,기간만료,기간만료,기간만료,기간만료,기간만료,기간만료
015760,한국전력,전력·인프라,2024-02-01,2024-02-02,20300.0,6.06,0.4926,-0.9852,1.2315,1.2315,4.6798,14.7783,20.936,19.4581,기간만료,기간만료,기간만료,기간만료,기간만료,기간만료,기간만료,기간만료
015760,한국전력,전력·인프라,2024-02-19,2024-02-20,23300.0,0.72,-0.6438,-1.9313,-0.6438,5.3648,5.3648,4.0773,2.3605,-3.6481,기간만료,기간만료,기간만료,기간만료,기간만료,기간만료,기간만료,기간만료
015760,한국전력,전력·인프라,2024-02-26,2024-02-27,24550.0,1.59,-2.0367,0.0,1.0183,-1.222,-1.0183,-2.8513,-8.554,-8.554,기간만료,기간만료,기간만료,기간만료,기간만료,기간만료,손절,손절
015760,한국전력,전력·인프라,2024-06-03,2024-06-04,20350.0,24.78,-1.4742,-1.4742,-1.4742,-1.4742,-1.4742,-1.4742,-1.4742,-1.4742,기간만료,20일선이탈,20일선이탈,20일선이탈,20일선이탈,20일선이탈,20일선이탈,20일선이탈
015760,한국전력,전력·인프라,2024-08-21,2024-08-22,21150.0,-3.91,-0.7092,0.4728,4.2553,5.6738,2.1277,4.0189,3.0733,-4.4917,기간만료,기간만료,기간만료,기간만료,기간만료,기간만료,기간만료,기간만료
015760,한국전력,전력·인프라,2024-08-26,2024-08-27,22050.0,-0.92,3.1746,1.3605,0.4535,-2.7211,-0.2268,-1.3605,0.6803,-8.39,기간만료,기간만료,기간만료,기간만료,기간만료,기간만료,기간만료,손절
015760,한국전력,전력·인프라,2024-08-27,2024-08-28,22750.0,-0.53,-1.7582,-2.6374,-5.0549,-5.7143,-5.7143,-5.7143,-5.7143,-5.7143,기간만료,기간만료,기간만료,손절,손절,손절,손절,손절
015760,한국전력,전력·인프라,2024-10-24,2024-10-25,22850.0,4.64,0.4376,0.2188,0.2188,0.6565,0.6565,0.2188,-3.2823,-3.2823,기간만료,기간만료,기간만료,기간만료,기간만료,기간만료,20일선이탈,20일선이탈
015760,한국전력,전력·인프라,2025-02-20,2025-02-21,21950.0,0.88,-0.6834,-0.4556,4.7836,3.8724,-3.1891,-3.1891,-3.1891,-3.1891,기간만료,기간만료,기간만료,기간만료,20일선이탈,20일선이탈,20일선이탈,20일선이탈
015760,한국전력,전력·인프라,2025-02-25,2025-02-26,23000.0,-2.57,1.5217,-0.8696,-7.6087,-7.6087,-7.6087,-7.6087,-7.6087,-7.6087,기간만료,기간만료,손절,손절,손절,손절,손절,손절
015760,한국전력,전력·인프라,2025-02-26,2025-02-27,23350.0,-3.4,-2.3555,-8.9936,-8.9936,-8.9936,-8.9936,-8.9936,-8.9936,-8.9936,기간만료,손절,손절,손절,손절,손절,손절,손절
015760,한국전력,전력·인프라,2025-04-07,2025-04-08,22550.0,-6.29,0.2217,-0.2217,1.5521,4.878,7.9823,13.082,13.3038,17.5166,기간만료,기간만료,기간만료,기간만료,기간만료,기간만료,기간만료,기간만료
015760,한국전력,전력·인프라,2025-06-24,2025-06-25,38400.0,12.16,-4.6875,3.6458,0.9115,-2.9948,-5.3385,-5.3385,-5.3385,-5.3385,기간만료,기간만료,기간만료,기간만료,손절,손절,손절,손절
015760,한국전력,전력·인프라,2025-06-25,2025-06-26,36600.0,13.24,8.7432,5.8743,6.0109,-0.6831,2.8689,2.3224,1.6393,-0.2732,기간만료,기간만료,기간만료,기간만료,기간만료,기간만료,기간만료,20일선이탈
015760,한국전력,전력·인프라,2025-06-26,2025-06-27,39800.0,12.99,-2.6382,-2.5126,-6.407,-8.6683,-8.6683,-8.6683,-8.6683,-8.6683,기간만료,기간만료,기간만료,손절,손절,손절,손절,손절
015760,한국전력,전력·인프라,2025-08-06,2025-08-07,40650.0,5.9,2.829,-2.337,-3.321,-3.567,-3.567,-3.567,-3.567,-3.567,기간만료,기간만료,기간만료,손절,손절,손절,손절,손절
015760,한국전력,전력·인프라,2025-10-14,2025-10-15,37350.0,-0.85,7.095,5.7564,17.5368,17.2691,14.5917,20.2142,20.7497,33.8688,기간만료,기간만료,기간만료,기간만료,기간만료,기간만료,기간만료,기간만료
015760,한국전력,전력·인프라,2025-10-17,2025-10-20,43900.0,-2.79,-1.4806,-0.2278,-1.5945,-2.0501,2.2779,-1.8223,0.5695,8.7699,기간만료,기간만료,기간만료,기간만료,기간만료,기간만료,기간만료,기간만료
015760,한국전력,전력·인프라,2025-10-21,2025-10-22,43800.0,1.81,-1.3699,-2.2831,-1.8265,2.5114,-1.7123,2.968,14.1553,15.0685,기간만료,기간만료,기간만료,기간만료,기간만료,기간만료,기간만료,기간만료
015760,한국전력,전력·인프라,2025-11-06,2025-11-07,45800.0,24.3,-3.6026,1.4192,9.1703,5.786,6.441,3.0568,14.4105,10.4803,기간만료,기간만료,기간만료,기간만료,기간만료,기간만료,기간만료,기간만료
015760,한국전력,전력·인프라,2025-11-11,2025-11-12,50000.0,17.73,-4.7,-3.1,-4.5,-4.5,-4.5,-4.5,-4.5,-4.5,기간만료,기간만료,손절,손절,손절,손절,손절,손절
015760,한국전력,전력·인프라,2026-01-13,2026-01-14,55000.0,-6.29,-1.0909,-1.2727,0.1818,18.7273,17.0909,11.0909,11.6364,11.4545,기간만료,기간만료,기간만료,기간만료,기간만료,기간만료,기간만료,기간만료
015760,한국전력,전력·인프라,2026-01-20,2026-01-21,65300.0,2.51,3.8285,-1.3783,-5.6662,-5.6662,-5.6662,-5.6662,-5.6662,-5.6662,기간만료,기간만료,손절,손절,손절,손절,손절,손절
015760,한국전력,전력·인프라,2026-01-21,2026-01-22,67800.0,-1.81,-5.0147,-9.1445,-9.1445,-9.1445,-9.1445,-9.1445,-9.1445,-9.1445,기간만료,손절,손절,손절,손절,손절,손절,손절
034020,두산에너빌리티,전력·인프라,2020-02-17,2020-02-18,5405.8046875,-3.61,-3.9933,-6.1564,-6.1564,-6.1564,-6.1564,-6.1564,-6.1564,-6.1564,기간만료,손절,손절,손절,손절,손절,손절,손절
034020,두산에너빌리티,전력·인프라,2020-04-01,2020-04-02,3179.62060546875,-5.01,3.2532,4.9505,8.2037,6.9307,12.7298,6.2235,10.6082,6.082,기간만료,기간만료,기간만료,기간만료,기간만료,기간만료,기간만료,20일선이탈
034020,두산에너빌리티,전력·인프라,2020-05-27,2020-05-28,4169.03564453125,5.03,-5.3937,-5.3937,-5.3937,-5.3937,-5.3937,-5.3937,-5.3937,-5.3937,손절,손절,손절,손절,손절,손절,손절,손절
034020,두산에너빌리티,전력·인프라,2020-06-02,2020-06-03,4470.357421875,2.76,0.0,0.6036,4.4266,6.6398,-4.1247,-1.6096,-1.6096,-1.6096,기간만료,기간만료,기간만료,기간만료,기간만료,손절,손절,손절
034020,두산에너빌리티,전력·인프라,2020-07-20,2020-07-21,5090.99072265625,8.92,39.2226,54.947,47.3498,59.894,82.8622,58.8339,63.4276,78.4452,기간만료,기간만료,기간만료,기간만료,기간만료,기간만료,기간만료,기간만료
034020,두산에너빌리티,전력·인프라,2020-07-21,2020-07-22,7087.810546875,13.49,11.2944,5.8376,5.9645,36.4213,40.8629,20.5584,13.3249,31.3452,기간만료,기간만료,기간만료,기간만료,기간만료,기간만료,기간만료,기간만료
034020,두산에너빌리티,전력·인프라,2020-07-22,2020-07-23,7888.33740234375,19.42,-4.9031,-4.7891,-4.7891,-4.7891,-4.7891,-4.7891,-4.7891,-4.7891,기간만료,손절,손절,손절,손절,손절,손절,손절
034020,두산에너빌리티,전력·인프라,2020-07-29,2020-07-30,9309.4970703125,24.44,7.2464,3.3816,-13.1401,-13.1401,-13.1401,-13.1401,-13.1401,-13.1401,기간만료,기간만료,손절,손절,손절,손절,손절,손절
034020,두산에너빌리티,전력·인프라,2020-08-28,2020-08-31,12142.822265625,-6.17,23.3333,19.6296,24.4444,10.0,11.1111,11.4815,9.2593,4.4444,기간만료,기간만료,기간만료,기간만료,기간만료,기간만료,기간만료,20일선이탈
034020,두산에너빌리티,전력·인프라,2020-08-31,2020-09-01,14976.1474609375,-0.15,-3.003,0.9009,-8.4084,1.2012,-9.9099,-9.9099,-9.9099,-9.9099,기간만료,기간만료,기간만료,기간만료,손절,손절,손절,손절
034020,두산에너빌리티,전력·인프라,2020-09-02,2020-09-03,15111.068359375,5.82,-9.2262,-11.6071,0.2976,-10.7143,-10.7143,-10.7143,-10.7143,-10.7143,기간만료,기간만료,기간만료,손절,손절,손절,손절,손절
034020,두산에너빌리티,전력·인프라,2020-11-09,2020-11-10,15115.931640625,1.07,3.1746,3.4921,3.4921,0.3175,-7.3016,-7.3016,-7.3016,-7.3016,기간만료,기간만료,기간만료,기간만료,손절,손절,손절,손절
034020,두산에너빌리티,전력·인프라,2020-11-27,2020-11-30,16747.4921875,2.97,-6.3037,-12.6074,-12.6074,-12.6074,-12.6074,-12.6074,-12.6074,-12.6074,기간만료,손절,손절,손절,손절,손절,손절,손절
034020,두산에너빌리티,전력·인프라,2021-01-05,2021-01-06,14204.177734375,-2.11,-1.6892,-2.7027,-4.3919,-10.473,-10.473,-10.473,-10.473,-10.473,기간만료,기간만료,기간만료,손절,손절,손절,손절,손절
034020,두산에너빌리티,전력·인프라,2021-03-22,2021-03-23,11516.900390625,0.72,-2.0833,0.0,2.9167,12.5,9.1667,9.5833,10.4167,13.3333,기간만료,기간만료,기간만료,기간만료,기간만료,기간만료,기간만료,기간만료
034020,두산에너빌리티,전력·인프라,2021-03-29,2021-03-30,12956.5126953125,10.46,-1.8518,-2.963,-6.6667,-6.6667,-6.6667,-6.6667,-6.6667,-6.6667,기간만료,기간만료,손절,손절,손절,손절,손절,손절
034020,두산에너빌리티,전력·인프라,2021-04-14,2021-04-15,13724.306640625,4.09,-2.4476,-1.7483,-4.8951,-4.1958,-2.4476,0.3497,-12.9371,-12.9371,기간만료,기간만료,기간만료,기간만료,기간만료,기간만료,손절,손절
034020,두산에너빌리티,전력·인프라,2021-04-28,2021-04-29,13772.2939453125,3.41,-1.0453,-4.1812,-13.2404,-13.2404,-13.2404,-13.2404,-13.2404,-13.2404,기간만료,기간만료,손절,손절,손절,손절,손절,손절
034020,두산에너빌리티,전력·인프라,2021-05-20,2021-05-21,13340.41015625,3.56,6.8345,5.036,6.4748,21.9424,45.3237,64.3885,71.9424,75.1799,기간만료,기간만료,기간만료,기간만료,기간만료,기간만료,기간만료,기간만료
034020,두산에너빌리티,전력·인프라,2021-05-24,2021-05-25,14012.2294921875,1.34,1.3699,11.9863,16.0959,38.3562,54.4521,118.4931,60.9589,77.0548,기간만료,기간만료,기간만료,기간만료,기간만료,기간만료,기간만료,기간만료
034020,두산에너빌리티,전력·인프라,2021-05-26,2021-05-27,15691.77734375,10.44,3.6697,13.1499,23.5474,37.9205,58.7156,55.9633,48.0122,60.8563,기간만료,기간만료,기간만료,기간만료,기간만료,기간만료,기간만료,기간만료
034020,두산에너빌리티,전력·인프라,2021-05-27,2021-05-28,16267.6220703125,10.42,9.1445,19.174,13.8643,34.8083,88.2006,41.0029,43.6578,44.5428,기간만료,기간만료,기간만료,기간만료,기간만료,기간만료,기간만료,기간만료
034020,두산에너빌리티,전력·인프라,2021-05-28,2021-05-31,17755.22265625,12.4,9.1892,4.3243,21.8919,40.2703,34.054,29.1892,37.8378,32.973,기간만료,기간만료,기간만료,기간만료,기간만료,기간만료,기간만료,기간만료
034020,두산에너빌리티,전력·인프라,2021-05-31,2021-06-01,19386.783203125,14.71,-4.4554,11.6337,13.1188,57.9208,26.2376,16.3366,27.9703,17.3267,기간만료,기간만료,기간만료,기간만료,기간만료,기간만료,기간만료,기간만료
034020,두산에너빌리티,전력·인프라,2021-06-02,2021-06-03,21642.17578125,22.37,1.3304,15.0776,41.4634,13.082,5.9867,7.3171,16.6297,5.0998,기간만료,기간만료,기간만료,기간만료,기간만료,기간만료,기간만료,20일선이탈
034020,두산에너빌리티,전력·인프라,2021-06-04,2021-06-07,24905.296875,31.02,22.9287,-4.4316,-1.7341,-7.8998,-7.8998,-7.8998,-7.8998,-7.8998,기간만료,기간만료,기간만료,손절,손절,손절,손절,손절
034020,두산에너빌리티,전력·인프라,2021-06-07,2021-06-08,30615.759765625,42.58,-22.2571,-22.2571,-22.2571,-22.2571,-22.2571,-22.2571,-22.2571,-22.2571,손절,손절,손절,손절,손절,손절,손절,손절
034020,두산에너빌리티,전력·인프라,2021-09-01,2021-09-02,21306.265625,2.8,-0.2252,-1.5766,-1.5766,-5.1802,-6.0811,-6.0811,-6.0811,-6.0811,기간만료,기간만료,기간만료,기간만료,손절,손절,손절,손절
034020,두산에너빌리티,전력·인프라,2021-10-13,2021-10-14,21402.240234375,4.45,1.5695,7.3991,3.139,-1.1211,4.9327,13.6771,13.2287,13.9013,기간만료,기간만료,기간만료,기간만료,기간만료,기간만료,기간만료,기간만료
034020,두산에너빌리티,전력·인프라,2021-10-14,2021-10-15,21738.150390625,4.78,5.7395,1.5452,2.4283,2.649,12.362,8.1678,17.4393,14.3488,기간만료,기간만료,기간만료,기간만료,기간만료,기간만료,기간만료,기간만료
034020,두산에너빌리티,전력·인프라,2021-10-15,2021-10-18,22985.814453125,7.68,-3.9666,-3.1315,-7.9332,-7.9332,-7.9332,-7.9332,-7.9332,-7.9332,기간만료,기간만료,손절,손절,손절,손절,손절,손절
034020,두산에너빌리티,전력·인프라,2021-10-25,2021-10-26,24425.42578125,6.78,1.3752,-0.3929,-3.7328,-5.1081,-5.1081,-5.1081,-5.1081,-5.1081,기간만료,기간만료,기간만료,손절,손절,손절,손절,손절
034020,두산에너빌리티,전력·인프라,2021-11-04,2021-11-05,25529.12890625,7.88,0.3759,0.188,-1.1278,-2.6316,-4.1353,-9.5865,-9.5865,-9.5865,기간만료,기간만료,기간만료,기간만료,기간만료,손절,손절,손절
034020,두산에너빌리티,전력·인프라,2022-02-18,2022-02-21,18500.0,2.6,0.0,0.0,0.5405,2.1622,20.2703,11.6216,26.2162,18.1081,기간만료,기간만료,기간만료,기간만료,기간만료,기간만료,기간만료,기간만료
034020,두산에너빌리티,전력·인프라,2022-02-25,2022-02-28,18900.0,7.57,6.8783,17.7249,12.4339,9.2593,10.0529,23.545,15.6085,11.3757,기간만료,기간만료,기간만료,기간만료,기간만료,기간만료,기간만료,기간만료
034020,두산에너빌리티,전력·인프라,2022-03-02,2022-03-03,22250.0,10.09,-4.4944,-2.2472,-7.191,-6.5169,-6.5169,-6.5169,-6.5169,-6.5169,기간만료,기간만료,기간만료,손절,손절,손절,손절,손절
034020,두산에너빌리티,전력·인프라,2022-03-14,2022-03-15,23350.0,15.07,0.0,0.0,-2.3555,-5.3533,-6.424,-6.424,-6.424,-6.424,기간만료,기간만료,기간만료,기간만료,손절,손절,손절,손절
034020,두산에너빌리티,전력·인프라,2022-03-24,2022-03-25,22800.0,10.11,-2.8509,-3.9474,-7.6754,-7.6754,-7.6754,-7.6754,-7.6754,-7.6754,기간만료,기간만료,손절,손절,손절,손절,손절,손절
034020,두산에너빌리티,전력·인프라,2022-08-10,2022-08-11,20500.0,5.87,-0.4878,3.6585,3.4146,5.6098,3.4146,12.1951,-0.2439,-0.2439,기간만료,기간만료,기간만료,기간만료,기간만료,기간만료,20일선이탈,20일선이탈
034020,두산에너빌리티,전력·인프라,2022-08-12,2022-08-16,21250.0,7.63,-0.2353,-1.4118,1.8824,-0.2353,1.8824,5.4118,-3.7647,-3.7647,기간만료,기간만료,기간만료,기간만료,기간만료,기간만료,20일선이탈,20일선이탈
034020,두산에너빌리티,전력·인프라,2022-08-23,2022-08-24,21950.0,11.07,-1.3667,4.7836,-2.5057,-8.4282,-6.8337,-6.8337,-6.8337,-6.8337,기간만료,기간만료,기간만료,기간만료,손절,손절,손절,손절
034020,두산에너빌리티,전력·인프라,2022-08-25,2022-08-26,23000.0,13.02,-6.9565,-2.6087,-12.6087,-12.6087,-12.6087,-12.6087,-12.6087,-12.6087,기간만료,기간만료,손절,손절,손절,손절,손절,손절
034020,두산에너빌리티,전력·인프라,2022-11-01,2022-11-02,15400.0,2.43,-8.1169,-8.1169,-8.1169,-8.1169,-8.1169,-8.1169,-8.1169,-8.1169,손절,손절,손절,손절,손절,손절,손절,손절
034020,두산에너빌리티,전력·인프라,2022-11-03,2022-11-04,15000.0,1.91,0.6667,3.3333,4.6667,10.6667,13.3333,9.6667,15.0,11.6667,기간만료,기간만료,기간만료,기간만료,기간만료,기간만료,기간만료,기간만료
034020,두산에너빌리티,전력·인프라,2023-03-09,2023-03-10,18030.0,5.22,-1.3866,-1.8303,-4.3261,-4.3261,-4.3261,-4.3261,-4.3261,-4.3261,기간만료,기간만료,손절,손절,손절,손절,손절,손절
034020,두산에너빌리티,전력·인프라,2023-04-12,2023-04-13,17740.0,0.4,1.3529,3.4386,9.3574,5.4115,3.9459,-4.7351,-4.7351,-4.7351,기간만료,기간만료,기간만료,기간만료,기간만료,기간만료,20일선이탈,20일선이탈
034020,두산에너빌리티,전력·인프라,2023-04-17,2023-04-18,19400.0,9.46,-5.5155,-3.6082,-5.4639,-5.4639,-5.4639,-5.4639,-5.4639,-5.4639,기간만료,기간만료,손절,손절,손절,손절,손절,손절
034020,두산에너빌리티,전력·인프라,2023-06-08,2023-06-09,18030.0,1.81,5.269,3.0505,5.269,4.7144,7.4321,-0.721,-1.1093,-1.1093,기간만료,기간만료,기간만료,기간만료,기간만료,기간만료,20일선이탈,20일선이탈
034020,두산에너빌리티,전력·인프라,2023-06-09,2023-06-12,18980.0,1.83,-2.1075,0.0,-0.843,1.8967,2.2129,-5.6902,-5.6902,-5.6902,기간만료,기간만료,기간만료,기간만료,기간만료,손절,손절,손절
034020,두산에너빌리티,전력·인프라,2023-08-31,2023-09-01,18290.0,1.49,-4.4286,-5.7955,-5.7955,-5.7955,-5.7955,-5.7955,-5.7955,-5.7955,기간만료,손절,손절,손절,손절,손절,손절,손절
034020,두산에너빌리티,전력·인프라,2023-09-19,2023-09-20,17850.0,3.04,-4.8739,-4.8739,-4.8739,-4.8739,-4.8739,-4.8739,-4.8739,-4.8739,기간만료,20일선이탈,20일선이탈,20일선이탈,20일선이탈,20일선이탈,20일선이탈,20일선이탈
034020,두산에너빌리티,전력·인프라,2024-01-31,2024-02-01,15440.0,7.87,-0.2591,3.3679,-0.9715,-0.9067,0.1295,-0.4534,6.8005,2.3316,기간만료,기간만료,기간만료,기간만료,기간만료,기간만료,기간만료,기간만료
034020,두산에너빌리티,전력·인프라,2024-02-02,2024-02-05,15960.0,4.38,-4.198,-4.2607,-4.1353,-3.1328,-2.9449,-2.6316,0.0627,-2.8822,기간만료,기간만료,기간만료,기간만료,기간만료,기간만료,기간만료,20일선이탈
034020,두산에너빌리티,전력·인프라,2024-02-22,2024-02-23,16600.0,4.11,-0.6627,-2.3494,-3.7952,-1.8072,-4.8193,-4.8193,-4.8193,-4.8193,기간만료,기간만료,기간만료,기간만료,손절,손절,손절,손절
034020,두산에너빌리티,전력·인프라,2024-03-11,2024-03-12,16970.0,11.93,0.825,4.3017,8.8391,8.132,4.0071,1.9446,1.3553,-2.0035,기간만료,기간만료,기간만료,기간만료,기간만료,기간만료,기간만료,20일선이탈
034020,두산에너빌리티,전력·인프라,2024-03-13,2024-03-14,17700.0,14.21,4.3503,2.5424,3.6723,-0.2825,1.0734,0.8475,-6.0452,-6.0452,기간만료,기간만료,기간만료,기간만료,기간만료,기간만료,손절,손절
034020,두산에너빌리티,전력·인프라,2024-03-14,2024-03-15,18470.0,16.83,-1.7325,-0.6497,-5.2518,-3.1402,-6.3346,-6.3346,-6.3346,-6.3346,기간만료,기간만료,기간만료,기간만료,손절,손절,손절,손절
034020,두산에너빌리티,전력·인프라,2024-05-27,2024-05-28,21900.0,26.59,-1.8265,-5.4795,-6.1644,-6.1644,-6.1644,-6.1644,-6.1644,-6.1644,기간만료,기간만료,손절,손절,손절,손절,손절,손절
034020,두산에너빌리티,전력·인프라,2024-05-28,2024-05-29,21500.0,31.64,-3.7209,-4.4186,-0.6977,-10.7442,-10.7442,-10.7442,-10.7442,-10.7442,기간만료,기간만료,기간만료,손절,손절,손절,손절,손절
034020,두산에너빌리티,전력·인프라,2024-07-08,2024-07-09,21350.0,-4.3,4.6838,2.3419,-2.5761,1.6393,11.7096,-4.918,-4.918,-4.918,기간만료,기간만료,기간만료,기간만료,기간만료,손절,손절,손절
034020,두산에너빌리티,전력·인프라,2024-07-09,2024-07-10,22350.0,-0.95,-2.2371,-6.9351,-2.9083,-2.9083,-2.9083,-2.9083,-2.9083,-2.9083,기간만료,기간만료,손절,손절,손절,손절,손절,손절
034020,두산에너빌리티,전력·인프라,2024-10-15,2024-10-16,18820.0,12.54,12.1148,11.0521,13.4431,9.7237,10.7864,16.0999,8.661,11.5834,기간만료,기간만료,기간만료,기간만료,기간만료,기간만료,기간만료,기간만료
034020,두산에너빌리티,전력·인프라,2024-10-16,2024-10-17,21100.0,10.81,-0.9479,1.1848,-3.7915,-5.9242,-1.4218,-4.5024,-4.9763,-4.9763,기간만료,기간만료,기간만료,기간만료,기간만료,기간만료,손절,손절
034020,두산에너빌리티,전력·인프라,2024-10-17,2024-10-18,20900.0,11.72,2.1531,-2.8708,-1.1962,-0.2392,4.3062,-1.4354,2.3923,1.4354,기간만료,기간만료,기간만료,기간만료,기간만료,기간만료,기간만료,20일선이탈
034020,두산에너빌리티,전력·인프라,2025-01-10,2025-01-13,20300.0,6.15,-1.7734,-0.4926,3.4483,8.867,11.0837,15.7635,14.532,20.936,기간만료,기간만료,기간만료,기간만료,기간만료,기간만료,기간만료,기간만료
034020,두산에너빌리티,전력·인프라,2025-01-17,2025-01-20,22100.0,12.02,0.2262,2.0362,8.8235,6.3348,8.5973,5.2036,11.086,30.0905,기간만료,기간만료,기간만료,기간만료,기간만료,기간만료,기간만료,기간만료
034020,두산에너빌리티,전력·인프라,2025-01-22,2025-01-23,24050.0,16.49,3.5343,-2.2869,-3.7422,2.2869,-3.3264,-1.8711,28.4823,16.4241,기간만료,기간만료,기간만료,기간만료,기간만료,기간만료,기간만료,기간만료
034020,두산에너빌리티,전력·인프라,2025-02-14,2025-02-17,26900.0,9.12,9.2937,14.8699,9.2937,5.0186,4.0892,-7.9926,-7.9926,-7.9926,기간만료,기간만료,기간만료,기간만료,기간만료,손절,손절,손절
034020,두산에너빌리티,전력·인프라,2025-02-17,2025-02-18,29400.0,7.96,5.102,0.0,-2.2109,-5.7823,-4.7619,-4.7619,-4.7619,-4.7619,기간만료,기간만료,기간만료,기간만료,손절,손절,손절,손절
034020,두산에너빌리티,전력·인프라,2025-02-18,2025-02-19,30900.0,11.02,-4.8544,-6.9579,-6.9579,-6.9579,-6.9579,-6.9579,-6.9579,-6.9579,기간만료,손절,손절,손절,손절,손절,손절,손절
034020,두산에너빌리티,전력·인프라,2025-05-12,2025-05-13,29150.0,18.04,4.2882,9.434,11.3208,18.1818,32.0755,39.9657,40.3087,86.2779,기간만료,기간만료,기간만료,기간만료,기간만료,기간만료,기간만료,기간만료
034020,두산에너빌리티,전력·인프라,2025-05-14,2025-05-15,31900.0,12.66,1.7241,9.4044,7.9937,20.6897,34.1693,25.7053,47.9624,73.9812,기간만료,기간만료,기간만료,기간만료,기간만료,기간만료,기간만료,기간만료
034020,두산에너빌리티,전력·인프라,2025-05-16,2025-05-19,34900.0,12.97,-1.2894,10.745,10.3152,22.6361,24.0688,12.6074,37.3926,68.7679,기간만료,기간만료,기간만료,기간만료,기간만료,기간만료,기간만료,기간만료
034020,두산에너빌리티,전력·인프라,2025-09-24,2025-09-25,67000.0,-7.17,-5.2239,-6.4179,-6.4179,-6.4179,-6.4179,-6.4179,-6.4179,-6.4179,기간만료,손절,손절,손절,손절,손절,손절,손절
034020,두산에너빌리티,전력·인프라,2025-10-10,2025-10-13,74900.0,-4.51,6.275,3.0708,13.0841,9.7463,4.5394,10.0134,19.4927,1.4686,기간만료,기간만료,기간만료,기간만료,기간만료,기간만료,기간만료,20일선이탈
034020,두산에너빌리티,전력·인프라,2026-01-05,2026-01-06,86000.0,-5.06,-1.1628,-1.1628,-1.2791,2.3256,4.6512,11.7442,11.6279,2.6744,기간만료,기간만료,기간만료,기간만료,기간만료,기간만료,기간만료,기간만료
034020,두산에너빌리티,전력·인프라,2026-01-12,2026-01-13,88000.0,-4.92,0.0,2.2727,2.3864,9.2045,6.9318,9.0909,0.3409,0.3409,기간만료,기간만료,기간만료,기간만료,기간만료,기간만료,기간만료,20일선이탈
034020,두산에너빌리티,전력·인프라,2026-01-16,2026-01-19,97000.0,-6.93,-0.9278,-5.6701,-2.9897,-2.9897,-2.9897,-2.9897,-2.9897,-2.9897,기간만료,기간만료,손절,손절,손절,손절,손절,손절
034020,두산에너빌리티,전력·인프라,2026-04-16,2026-04-17,111600.0,2.68,-2.1505,1.7025,3.0466,10.2151,15.0538,15.4122,17.0251,8.9606,기간만료,기간만료,기간만료,기간만료,기간만료,기간만료,기간만료,20일선이탈
034020,두산에너빌리티,전력·인프라,2026-04-23,2026-04-24,123000.0,1.43,5.935,4.3902,2.6016,4.7154,6.8293,6.1789,-1.1382,-1.1382,기간만료,기간만료,기간만료,기간만료,기간만료,기간만료,20일선이탈,20일선이탈
267260,HD현대일렉트릭,전력·인프라,2020-04-21,2020-04-22,7880.0,26.67,5.0761,7.868,2.1574,4.0609,2.2843,5.4569,-1.3959,-1.3959,기간만료,기간만료,기간만료,기간만료,기간만료,기간만료,20일선이탈,20일선이탈
267260,HD현대일렉트릭,전력·인프라,2020-05-19,2020-05-20,8100.0,0.76,2.4691,5.5556,1.1111,3.5802,4.4444,11.8519,11.4815,0.0,기간만료,기간만료,기간만료,기간만료,기간만료,기간만료,기간만료,20일선이탈
267260,HD현대일렉트릭,전력·인프라,2020-05-21,2020-05-22,8550.0,-0.09,-4.2105,-4.5614,-1.8713,-1.0526,9.1228,7.7193,-7.3684,-5.2632,기간만료,기간만료,기간만료,기간만료,기간만료,기간만료,기간만료,20일선이탈
267260,HD현대일렉트릭,전력·인프라,2020-05-27,2020-05-28,8860.0,5.03,-4.5147,-6.6591,-6.6591,-6.6591,-6.6591,-6.6591,-6.6591,-6.6591,기간만료,손절,손절,손절,손절,손절,손절,손절
267260,HD현대일렉트릭,전력·인프라,2020-06-03,2020-06-04,9590.0,4.3,-3.9625,-1.9812,-3.5454,-5.8394,-5.8394,-5.8394,-5.8394,-5.8394,기간만료,기간만료,기간만료,손절,손절,손절,손절,손절
267260,HD현대일렉트릭,전력·인프라,2020-07-15,2020-07-16,8510.0,2.8,-0.1175,0.47,-1.1751,17.5088,12.5734,39.8355,43.3608,36.8978,기간만료,기간만료,기간만료,기간만료,기간만료,기간만료,기간만료,기간만료
267260,HD현대일렉트릭,전력·인프라,2020-07-21,2020-07-22,9690.0,13.49,3.1992,-2.3736,-1.1352,3.7152,27.967,29.515,26.935,12.4871,기간만료,기간만료,기간만료,기간만료,기간만료,기간만료,기간만료,20일선이탈
267260,HD현대일렉트릭,전력·인프라,2020-07-22,2020-07-23,10000.0,19.42,-5.4,-4.2,-4.2,-4.2,-4.2,-4.2,-4.2,-4.2,기간만료,손절,손절,손절,손절,손절,손절,손절
267260,HD현대일렉트릭,전력·인프라,2020-07-27,2020-07-28,10450.0,23.5,-3.8278,13.8756,18.6603,16.7464,16.7464,19.1388,4.3062,4.3062,기간만료,기간만료,기간만료,기간만료,기간만료,기간만료,기간만료,20일선이탈
267260,HD현대일렉트릭,전력·인프라,2020-07-29,2020-07-30,11900.0,24.44,4.2017,1.6807,2.521,2.521,2.9412,-2.1008,-8.4034,-8.4034,기간만료,기간만료,기간만료,기간만료,기간만료,기간만료,손절,손절
267260,HD현대일렉트릭,전력·인프라,2020-07-30,2020-07-31,12400.0,22.98,-2.4194,-1.6129,1.2097,1.2097,0.4032,-3.2258,-12.0968,-12.0968,기간만료,기간만료,기간만료,기간만료,기간만료,기간만료,손절,손절
267260,HD현대일렉트릭,전력·인프라,2020-09-03,2020-09-04,12850.0,11.74,26.8482,42.4125,33.463,48.249,38.9105,40.4669,18.2879,18.2879,기간만료,기간만료,기간만료,기간만료,기간만료,기간만료,20일선이탈,20일선이탈
267260,HD현대일렉트릭,전력·인프라,2020-09-04,2020-09-07,16300.0,21.86,12.2699,5.2147,10.4294,15.3374,10.4294,9.2025,-6.7485,-6.7485,기간만료,기간만료,기간만료,기간만료,기간만료,기간만료,20일선이탈,20일선이탈
267260,HD현대일렉트릭,전력·인프라,2020-09-07,2020-09-08,18300.0,27.9,-6.2842,-1.6393,4.0984,-2.459,-4.0984,-9.0164,-9.0164,-9.0164,기간만료,기간만료,기간만료,기간만료,기간만료,손절,손절,손절
267260,HD현대일렉트릭,전력·인프라,2020-09-10,2020-09-11,19050.0,27.0,-1.3123,-6.2992,-6.2992,-6.2992,-6.2992,-6.2992,-6.2992,-6.2992,기간만료,손절,손절,손절,손절,손절,손절,손절
267260,HD현대일렉트릭,전력·인프라,2020-11-09,2020-11-10,16900.0,1.07,0.5917,0.0,-3.2544,-5.6213,-5.6213,-5.6213,-5.6213,-5.6213,기간만료,기간만료,기간만료,손절,손절,손절,손절,손절
267260,HD현대일렉트릭,전력·인프라,2021-01-05,2021-01-06,17900.0,-2.11,2.2346,12.0112,13.9665,6.9832,4.1899,6.1453,3.9106,-3.6313,기간만료,기간만료,기간만료,기간만료,기간만료,기간만료,기간만료,20일선이탈
267260,HD현대일렉트릭,전력·인프라,2021-01-07,2021-01-08,20050.0,3.95,1.7456,-6.2344,-4.4888,-4.4888,-4.4888,-4.4888,-4.4888,-4.4888,기간만료,기간만료,손절,손절,손절,손절,손절,손절
267260,HD현대일렉트릭,전력·인프라,2021-01-08,2021-01-11,20400.0,0.35,-7.8431,-7.8431,-7.8431,-7.8431,-7.8431,-7.8431,-7.8431,-7.8431,손절,손절,손절,손절,손절,손절,손절,손절
267260,HD현대일렉트릭,전력·인프라,2021-03-12,2021-03-15,20200.0,-2.59,2.2277,0.9901,8.1683,-2.9703,-2.2277,0.9901,1.4851,0.495,기간만료,기간만료,기간만료,기간만료,기간만료,기간만료,기간만료,20일선이탈
267260,HD현대일렉트릭,전력·인프라,2021-04-29,2021-04-30,22200.0,6.25,-2.2523,-5.8559,-5.8559,-5.8559,-5.8559,-5.8559,-5.8559,-5.8559,기간만료,손절,손절,손절,손절,손절,손절,손절
267260,HD현대일렉트릭,전력·인프라,2021-05-06,2021-05-07,23400.0,3.05,0.0,0.4274,3.6325,-1.0684,-5.1282,-5.1282,-5.1282,-5.1282,기간만료,기간만료,기간만료,기간만료,손절,손절,손절,손절
267260,HD현대일렉트릭,전력·인프라,2021-07-14,2021-07-15,21450.0,-1.27,0.0,0.0,-3.0303,3.4965,3.7296,6.993,0.6993,0.6993,기간만료,기간만료,기간만료,기간만료,기간만료,기간만료,기간만료,20일선이탈
267260,HD현대일렉트릭,전력·인프라,2021-07-21,2021-07-22,22200.0,7.53,0.4505,0.2252,4.0541,3.3784,5.8559,-2.7027,-2.7027,-2.7027,기간만료,기간만료,기간만료,기간만료,기간만료,기간만료,20일선이탈,20일선이탈
267260,HD현대일렉트릭,전력·인프라,2021-07-26,2021-07-27,23100.0,7.38,-1.0823,-0.6494,1.7316,-5.6277,-5.6277,-5.6277,-5.6277,-5.6277,기간만료,기간만료,기간만료,손절,손절,손절,손절,손절
267260,HD현대일렉트릭,전력·인프라,2021-08-11,2021-08-12,24300.0,0.88,1.2346,-1.2346,1.2346,-3.2922,-5.9671,-5.9671,-5.9671,-5.9671,기간만료,기간만료,기간만료,기간만료,손절,손절,손절,손절
267260,HD현대일렉트릭,전력·인프라,2021-08-30,2021-08-31,25050.0,0.19,-0.3992,-2.5948,-1.7964,2.1956,4.5908,1.3972,0.7984,11.1776,기간만료,기간만료,기간만료,기간만료,기간만료,기간만료,기간만료,기간만료
267260,HD현대일렉트릭,전력·인프라,2021-09-07,2021-09-08,26500.0,5.69,-1.1321,-1.1321,-3.2075,-2.4528,-4.717,-1.8868,0.1887,-2.2642,기간만료,기간만료,기간만료,기간만료,기간만료,기간만료,기간만료,20일선이탈
267260,HD현대일렉트릭,전력·인프라,2021-11-16,2021-11-17,25350.0,1.34,1.5779,4.5365,-1.1834,-4.931,-3.9448,-10.2564,-10.2564,-10.2564,기간만료,기간만료,기간만료,기간만료,기간만료,손절,손절,손절
267260,HD현대일렉트릭,전력·인프라,2022-03-14,2022-03-15,20600.0,15.07,0.0,0.0,-0.2427,-0.9709,-0.4854,-0.4854,-0.4854,-0.4854,기간만료,기간만료,기간만료,기간만료,기간만료,20일선이탈,20일선이탈,20일선이탈
267260,HD현대일렉트릭,전력·인프라,2022-03-30,2022-03-31,20750.0,3.37,3.6145,2.4096,0.7229,-0.241,-2.1687,-2.1687,-2.1687,-2.1687,기간만료,기간만료,기간만료,기간만료,20일선이탈,20일선이탈,20일선이탈,20일선이탈
267260,HD현대일렉트릭,전력·인프라,2022-03-31,2022-04-01,21500.0,2.51,-1.1628,-2.7907,-1.1628,-5.5814,-5.5814,-5.5814,-5.5814,-5.5814,기간만료,기간만료,기간만료,손절,손절,손절,손절,손절
267260,HD현대일렉트릭,전력·인프라,2022-04-13,2022-04-14,22200.0,-2.4,0.4505,-0.2252,-2.2523,0.4505,-0.2252,-3.6036,-3.6036,-3.6036,기간만료,기간만료,기간만료,기간만료,기간만료,20일선이탈,20일선이탈,20일선이탈
267260,HD현대일렉트릭,전력·인프라,2022-05-03,2022-05-04,24150.0,5.8,-0.6211,-4.7619,1.8634,-1.2422,0.6211,-10.1449,-10.1449,-10.1449,기간만료,기간만료,기간만료,기간만료,기간만료,손절,손절,손절
267260,HD현대일렉트릭,전력·인프라,2022-06-03,2022-06-07,24500.0,9.26,-0.4082,-2.449,-4.2857,-11.2245,-11.2245,-11.2245,-11.2245,-11.2245,기간만료,기간만료,기간만료,손절,손절,손절,손절,손절
267260,HD현대일렉트릭,전력·인프라,2022-06-23,2022-06-24,23000.0,5.08,2.3913,0.2174,10.8696,10.0,8.2609,2.6087,-0.6522,-0.6522,기간만료,기간만료,기간만료,기간만료,기간만료,기간만료,20일선이탈,20일선이탈
267260,HD현대일렉트릭,전력·인프라,2022-06-28,2022-06-29,25500.0,11.75,0.1961,-0.7843,-1.3725,2.9412,-7.0588,-7.0588,-7.0588,-7.0588,기간만료,기간만료,기간만료,기간만료,손절,손절,손절,손절
267260,HD현대일렉트릭,전력·인프라,2022-07-29,2022-08-01,27450.0,-7.97,0.0,-0.9107,-2.0036,-2.9144,1.275,11.6576,8.1967,24.408,기간만료,기간만료,기간만료,기간만료,기간만료,기간만료,기간만료,기간만료
267260,HD현대일렉트릭,전력·인프라,2022-10-26,2022-10-27,33150.0,-5.19,3.1674,3.4691,4.0724,8.7481,15.8371,13.7255,26.6968,30.0151,기간만료,기간만료,기간만료,기간만료,기간만료,기간만료,기간만료,기간만료
267260,HD현대일렉트릭,전력·인프라,2022-11-01,2022-11-02,37050.0,2.43,-2.6991,2.969,3.6437,3.5088,6.6127,10.6613,16.1943,15.6545,기간만료,기간만료,기간만료,기간만료,기간만료,기간만료,기간만료,기간만료
267260,HD현대일렉트릭,전력·인프라,2023-02-27,2023-02-28,41650.0,-1.91,1.8007,8.8836,7.563,-0.3601,-2.401,-3.9616,-3.9616,-3.9616,기간만료,기간만료,기간만료,기간만료,기간만료,20일선이탈,20일선이탈,20일선이탈
267260,HD현대일렉트릭,전력·인프라,2023-03-02,2023-03-03,45350.0,0.3,-1.2128,-7.1665,-7.1665,-7.1665,-7.1665,-7.1665,-7.1665,-7.1665,기간만료,손절,손절,손절,손절,손절,손절,손절
267260,HD현대일렉트릭,전력·인프라,2023-04-12,2023-04-13,40800.0,0.4,11.6422,17.1569,22.4265,22.549,26.9608,26.4706,26.9608,17.6471,기간만료,기간만료,기간만료,기간만료,기간만료,기간만료,기간만료,20일선이탈
267260,HD현대일렉트릭,전력·인프라,2023-04-13,2023-04-14,45550.0,3.9,4.9396,9.6597,10.4281,5.4885,12.843,11.5258,7.9034,5.3787,기간만료,기간만료,기간만료,기간만료,기간만료,기간만료,기간만료,20일선이탈
267260,HD현대일렉트릭,전력·인프라,2023-04-14,2023-04-17,47800.0,6.03,4.4979,5.2301,4.6025,8.3682,9.8326,5.8577,2.5105,0.4184,기간만료,기간만료,기간만료,기간만료,기간만료,기간만료,기간만료,20일선이탈
267260,HD현대일렉트릭,전력·인프라,2023-04-25,2023-04-26,52500.0,10.6,-1.7143,-3.2381,-3.619,-1.9048,-6.381,-6.381,-6.381,-6.381,기간만료,기간만료,기간만료,기간만료,손절,손절,손절,손절
267260,HD현대일렉트릭,전력·인프라,2023-06-02,2023-06-05,52500.0,-2.09,1.1429,0.0,1.5238,-0.1905,-0.1905,10.4762,9.3333,23.8095,기간만료,기간만료,기간만료,기간만료,기간만료,기간만료,기간만료,기간만료
267260,HD현대일렉트릭,전력·인프라,2023-06-30,2023-07-03,66500.0,16.62,-2.2556,1.8045,0.6015,2.1053,9.7744,2.7068,6.015,12.1805,기간만료,기간만료,기간만료,기간만료,기간만료,기간만료,기간만료,기간만료
267260,HD현대일렉트릭,전력·인프라,2023-07-25,2023-07-26,82800.0,15.21,-13.0435,-13.0435,-13.0435,-13.0435,-13.0435,-13.0435,-13.0435,-13.0435,손절,손절,손절,손절,손절,손절,손절,손절
267260,HD현대일렉트릭,전력·인프라,2023-10-17,2023-10-18,75700.0,2.27,-2.1136,-7.1334,-7.1334,-7.1334,-7.1334,-7.1334,-7.1334,-7.1334,기간만료,손절,손절,손절,손절,손절,손절,손절
267260,HD현대일렉트릭,전력·인프라,2024-01-03,2024-01-04,85500.0,-7.98,1.9883,5.4971,9.0058,6.0819,9.0058,11.1111,18.1287,19.1813,기간만료,기간만료,기간만료,기간만료,기간만료,기간만료,기간만료,기간만료
267260,HD현대일렉트릭,전력·인프라,2024-02-20,2024-02-21,130500.0,4.63,-1.8391,-1.6092,3.4483,-1.1494,-7.1264,-7.1264,-7.1264,-7.1264,기간만료,기간만료,기간만료,기간만료,손절,손절,손절,손절
267260,HD현대일렉트릭,전력·인프라,2024-03-13,2024-03-14,146000.0,14.21,5.2055,2.3288,5.4795,3.4247,14.4521,23.9726,30.137,63.3562,기간만료,기간만료,기간만료,기간만료,기간만료,기간만료,기간만료,기간만료
267260,HD현대일렉트릭,전력·인프라,2024-03-14,2024-03-15,153600.0,16.83,-2.7344,0.2604,-1.7578,6.4453,12.0443,16.7969,25.7161,49.4141,기간만료,기간만료,기간만료,기간만료,기간만료,기간만료,기간만료,기간만료
267260,HD현대일렉트릭,전력·인프라,2024-04-19,2024-04-22,237000.0,17.07,-3.3755,3.3755,5.6962,6.962,2.5316,5.0633,9.4937,6.962,기간만료,기간만료,기간만료,기간만료,기간만료,기간만료,기간만료,기간만료
267260,HD현대일렉트릭,전력·인프라,2024-04-23,2024-04-24,245000.0,16.9,2.2449,1.8367,3.4694,-0.8163,-4.0816,-4.0816,-4.0816,-4.0816,기간만료,기간만료,기간만료,기간만료,손절,손절,손절,손절
267260,HD현대일렉트릭,전력·인프라,2024-05-31,2024-06-03,294500.0,21.16,-1.8676,0.5093,-5.9423,-5.9423,-5.9423,-5.9423,-5.9423,-5.9423,기간만료,기간만료,손절,손절,손절,손절,손절,손절
267260,HD현대일렉트릭,전력·인프라,2024-07-23,2024-07-24,351000.0,0.72,0.1425,-2.2792,-6.8376,-6.8376,-6.8376,-6.8376,-6.8376,-6.8376,기간만료,기간만료,손절,손절,손절,손절,손절,손절
267260,HD현대일렉트릭,전력·인프라,2024-07-24,2024-07-25,351500.0,2.68,-2.4182,-6.9701,-6.9701,-6.9701,-6.9701,-6.9701,-6.9701,-6.9701,기간만료,손절,손절,손절,손절,손절,손절,손절
267260,HD현대일렉트릭,전력·인프라,2024-09-20,2024-09-23,328500.0,2.66,0.0,-2.8919,-2.8919,-2.8919,-2.8919,-2.8919,-2.8919,-2.8919,기간만료,기간만료,손절,손절,손절,손절,손절,손절
267260,HD현대일렉트릭,전력·인프라,2025-01-24,2025-01-31,412500.0,18.8,-3.0303,0.7273,-2.5455,-2.5455,-2.5455,-2.5455,-2.5455,-2.5455,기간만료,기간만료,기간만료,20일선이탈,20일선이탈,20일선이탈,20일선이탈,20일선이탈
267260,HD현대일렉트릭,전력·인프라,2025-06-10,2025-06-11,428000.0,12.43,-1.1682,1.5187,1.4019,9.1121,12.1495,14.0187,17.0561,7.4766,기간만료,기간만료,기간만료,기간만료,기간만료,기간만료,기간만료,20일선이탈
267260,HD현대일렉트릭,전력·인프라,2025-09-10,2025-09-11,568000.0,-0.67,3.8732,2.993,5.8099,3.6972,5.1056,2.4648,17.6056,19.3662,기간만료,기간만료,기간만료,기간만료,기간만료,기간만료,기간만료,기간만료
267260,HD현대일렉트릭,전력·인프라,2025-10-23,2025-10-24,750000.0,6.82,7.6,11.0667,12.1333,19.7333,25.3333,10.9333,10.6667,10.9333,기간만료,기간만료,기간만료,기간만료,기간만료,기간만료,기간만료,20일선이탈
267260,HD현대일렉트릭,전력·인프라,2026-06-12,2026-06-15,1132000.0,-23.79,7.0671,0.6184,0.53,-5.477,-6.8021,-6.8021,-6.8021,-6.8021,기간만료,기간만료,기간만료,기간만료,손절,손절,손절,손절
010120,LS ELECTRIC,전력·인프라,2020-05-21,2020-05-22,8400.0,-0.09,0.4762,2.381,12.381,10.5952,10.7143,14.4048,3.5714,2.381,기간만료,기간만료,기간만료,기간만료,기간만료,기간만료,기간만료,20일선이탈
010120,LS ELECTRIC,전력·인프라,2020-05-26,2020-05-27,9440.0,-0.86,0.7415,-1.589,-3.4958,-0.4237,1.8008,-0.2119,-8.8983,-8.8983,기간만료,기간만료,기간만료,기간만료,기간만료,기간만료,손절,손절
010120,LS ELECTRIC,전력·인프라,2020-06-03,2020-06-04,9940.0,4.3,-3.3199,-1.3078,-4.4266,-5.2314,-5.2314,-5.2314,-5.2314,-5.2314,기간만료,기간만료,기간만료,손절,손절,손절,손절,손절
010120,LS ELECTRIC,전력·인프라,2020-07-15,2020-07-16,10780.0,2.8,-1.4842,-2.0408,1.2987,10.5751,11.1317,3.154,-0.5566,-0.5566,기간만료,기간만료,기간만료,기간만료,기간만료,기간만료,20일선이탈,20일선이탈
010120,LS ELECTRIC,전력·인프라,2020-07-22,2020-07-23,11920.0,19.42,3.3557,0.5034,-0.1678,-5.3691,-5.3691,-5.3691,-5.3691,-5.3691,기간만료,기간만료,기간만료,손절,손절,손절,손절,손절
010120,LS ELECTRIC,전력·인프라,2020-07-23,2020-07-24,12320.0,19.43,-2.7597,-3.4091,-8.4416,-8.4416,-8.4416,-8.4416,-8.4416,-8.4416,기간만료,기간만료,손절,손절,손절,손절,손절,손절
010120,LS ELECTRIC,전력·인프라,2020-09-04,2020-09-07,14020.0,21.86,2.2825,-10.9843,-10.9843,-10.9843,-10.9843,-10.9843,-10.9843,-10.9843,기간만료,손절,손절,손절,손절,손절,손절,손절
010120,LS ELECTRIC,전력·인프라,2020-11-23,2020-11-24,11860.0,4.13,-1.0118,-4.5531,-5.3963,-5.3963,-5.3963,-5.3963,-5.3963,-5.3963,기간만료,기간만료,손절,손절,손절,손절,손절,손절
010120,LS ELECTRIC,전력·인프라,2020-12-10,2020-12-11,11680.0,-2.6,1.0274,2.0548,2.5685,3.9384,8.7329,5.8219,13.8699,18.3219,기간만료,기간만료,기간만료,기간만료,기간만료,기간만료,기간만료,기간만료
010120,LS ELECTRIC,전력·인프라,2021-01-07,2021-01-08,15300.0,3.95,-5.2288,-5.2288,-5.2288,-5.2288,-5.2288,-5.2288,-5.2288,-5.2288,손절,손절,손절,손절,손절,손절,손절,손절
010120,LS ELECTRIC,전력·인프라,2021-04-07,2021-04-08,12400.0,7.62,-0.8065,-1.9355,-1.9355,-3.7097,-3.7097,-3.7097,-3.7097,-3.7097,기간만료,기간만료,기간만료,기간만료,20일선이탈,20일선이탈,20일선이탈,20일선이탈
010120,LS ELECTRIC,전력·인프라,2021-06-07,2021-06-08,11960.0,42.58,-1.0033,-3.01,-4.0134,-4.0134,-4.1806,-5.6856,-5.6856,-5.6856,기간만료,기간만료,기간만료,기간만료,기간만료,손절,손절,손절
010120,LS ELECTRIC,전력·인프라,2021-07-14,2021-07-15,12200.0,-1.27,-1.3115,-1.4754,-0.8197,6.0656,4.5902,4.2623,7.2131,7.8689,기간만료,기간만료,기간만료,기간만료,기간만료,기간만료,기간만료,기간만료
010120,LS ELECTRIC,전력·인프라,2021-07-21,2021-07-22,12940.0,7.53,-3.0912,-1.391,-3.0912,-1.7002,0.1546,1.0819,1.7002,-1.5456,기간만료,기간만료,기간만료,기간만료,기간만료,기간만료,기간만료,20일선이탈
010120,LS ELECTRIC,전력·인프라,2021-08-27,2021-08-30,13740.0,-1.24,-0.2911,-0.7278,-1.7467,-1.31,2.4745,2.1834,-2.9112,-2.9112,기간만료,기간만료,기간만료,기간만료,기간만료,기간만료,기간만료,20일선이탈
010120,LS ELECTRIC,전력·인프라,2022-01-13,2022-01-14,11360.0,1.02,-2.8169,-5.6338,-5.6338,-5.6338,-5.6338,-5.6338,-5.6338,-5.6338,기간만료,기간만료,20일선이탈,20일선이탈,20일선이탈,20일선이탈,20일선이탈,20일선이탈
010120,LS ELECTRIC,전력·인프라,2022-04-14,2022-04-15,9230.0,1.2,-0.6501,-0.7584,-1.1918,3.792,3.6836,5.9588,6.8256,6.7172,기간만료,기간만료,기간만료,기간만료,기간만료,기간만료,기간만료,기간만료
010120,LS ELECTRIC,전력·인프라,2022-04-21,2022-04-22,9580.0,2.21,-1.6701,-0.1044,-2.6096,2.0877,4.5929,2.9228,2.8184,-2.0877,기간만료,기간만료,기간만료,기간만료,기간만료,기간만료,기간만료,20일선이탈
010120,LS ELECTRIC,전력·인프라,2022-05-31,2022-06-02,10220.0,9.56,1.5656,5.4795,5.0881,5.2838,-1.3699,0.1957,0.7828,0.7828,기간만료,기간만료,기간만료,기간만료,기간만료,기간만료,20일선이탈,20일선이탈
010120,LS ELECTRIC,전력·인프라,2022-06-03,2022-06-07,10780.0,9.26,-0.3711,-0.3711,-0.1855,-6.4935,-6.4935,-6.4935,-6.4935,-6.4935,기간만료,기간만료,기간만료,손절,손절,손절,손절,손절
010120,LS ELECTRIC,전력·인프라,2022-06-28,2022-06-29,11500.0,11.75,-0.5217,0.8696,-0.5217,2.087,-8.6957,-8.6957,-8.6957,-8.6957,기간만료,기간만료,기간만료,기간만료,손절,손절,손절,손절
010120,LS ELECTRIC,전력·인프라,2022-07-05,2022-07-06,11740.0,8.18,-10.5622,-10.5622,-10.5622,-10.5622,-10.5622,-10.5622,-10.5622,-10.5622,손절,손절,손절,손절,손절,손절,손절,손절
010120,LS ELECTRIC,전력·인프라,2022-07-28,2022-07-29,11640.0,-9.89,-0.8591,-1.2027,-2.2337,-5.1546,-5.1546,-5.1546,-5.1546,-5.1546,기간만료,기간만료,기간만료,손절,손절,손절,손절,손절
010120,LS ELECTRIC,전력·인프라,2022-08-24,2022-08-25,12240.0,13.19,-4.5752,-8.4967,-8.4967,-8.4967,-8.4967,-8.4967,-8.4967,-8.4967,기간만료,손절,손절,손절,손절,손절,손절,손절
010120,LS ELECTRIC,전력·인프라,2022-09-06,2022-09-07,11420.0,6.02,-0.7005,-0.7005,-0.7005,-0.7005,-0.7005,-0.7005,-0.7005,-0.7005,기간만료,20일선이탈,20일선이탈,20일선이탈,20일선이탈,20일선이탈,20일선이탈,20일선이탈
010120,LS ELECTRIC,전력·인프라,2022-10-31,2022-11-01,11040.0,-3.72,1.4493,-4.1667,-2.8986,-0.5435,-2.3551,-3.8043,2.5362,8.6957,기간만료,기간만료,기간만료,기간만료,기간만료,기간만료,기간만료,기간만료
010120,LS ELECTRIC,전력·인프라,2022-11-01,2022-11-02,11200.0,2.43,-5.5357,-4.2857,-3.5714,-2.8571,-2.3214,-5.7143,-5.7143,-5.7143,기간만료,기간만료,기간만료,기간만료,기간만료,손절,손절,손절
010120,LS ELECTRIC,전력·인프라,2023-03-02,2023-03-03,10440.0,0.3,0.3831,-1.341,-1.341,-2.8736,-4.2146,-4.2146,-4.2146,-4.2146,기간만료,기간만료,기간만료,기간만료,20일선이탈,20일선이탈,20일선이탈,20일선이탈
010120,LS ELECTRIC,전력·인프라,2023-03-14,2023-03-15,10700.0,2.64,3.9252,3.3645,3.7383,5.6075,5.6075,7.8505,7.2897,4.1121,기간만료,기간만료,기간만료,기간만료,기간만료,기간만료,기간만료,20일선이탈
010120,LS ELECTRIC,전력·인프라,2023-03-15,2023-03-16,11120.0,7.32,-0.5396,-0.1799,1.4388,-0.1799,1.4388,3.2374,2.518,0.1799,기간만료,기간만료,기간만료,기간만료,기간만료,기간만료,기간만료,20일선이탈
010120,LS ELECTRIC,전력·인프라,2023-04-12,2023-04-13,12280.0,0.4,2.2801,1.1401,2.7687,8.9577,3.9088,3.9088,4.5603,3.5831,기간만료,기간만료,기간만료,기간만료,기간만료,기간만료,기간만료,기간만료
010120,LS ELECTRIC,전력·인프라,2023-04-27,2023-04-28,13420.0,9.04,-5.8122,-5.8122,-5.8122,-5.8122,-5.8122,-5.8122,-5.8122,-5.8122,손절,손절,손절,손절,손절,손절,손절,손절
010120,LS ELECTRIC,전력·인프라,2023-06-05,2023-06-07,13820.0,-0.54,-2.3155,5.2098,4.7757,7.8148,6.657,7.67,8.8278,17.8003,기간만료,기간만료,기간만료,기간만료,기간만료,기간만료,기간만료,기간만료
010120,LS ELECTRIC,전력·인프라,2023-06-08,2023-06-09,14540.0,1.81,-0.4127,0.1376,2.4759,1.3755,2.2008,2.6135,5.227,9.7662,기간만료,기간만료,기간만료,기간만료,기간만료,기간만료,기간만료,기간만료
010120,LS ELECTRIC,전력·인프라,2023-07-11,2023-07-12,18060.0,15.51,2.2148,1.5504,-1.3289,-2.4363,-1.8826,35.5482,13.8427,14.0642,기간만료,기간만료,기간만료,기간만료,기간만료,기간만료,기간만료,기간만료
010120,LS ELECTRIC,전력·인프라,2023-07-25,2023-07-26,24480.0,15.21,-19.3627,-19.3627,-19.3627,-19.3627,-19.3627,-19.3627,-19.3627,-19.3627,손절,손절,손절,손절,손절,손절,손절,손절
010120,LS ELECTRIC,전력·인프라,2023-08-02,2023-08-03,21800.0,10.82,-7.0642,-7.0642,-7.0642,-7.0642,-7.0642,-7.0642,-7.0642,-7.0642,손절,손절,손절,손절,손절,손절,손절,손절
010120,LS ELECTRIC,전력·인프라,2023-11-22,2023-11-23,15260.0,-2.52,-2.228,1.8349,0.3932,-0.5242,-0.5242,-5.2425,-6.8152,-6.8152,기간만료,기간만료,기간만료,기간만료,기간만료,기간만료,손절,손절
010120,LS ELECTRIC,전력·인프라,2024-03-04,2024-03-05,14320.0,3.42,9.7765,12.1508,8.7989,13.1285,22.7654,25.838,30.7263,37.9888,기간만료,기간만료,기간만료,기간만료,기간만료,기간만료,기간만료,기간만료
010120,LS ELECTRIC,전력·인프라,2024-03-05,2024-03-06,15720.0,9.42,2.1628,-0.8906,0.7634,3.1807,10.8142,16.7939,20.229,22.3919,기간만료,기간만료,기간만료,기간만료,기간만료,기간만료,기간만료,기간만료
010120,LS ELECTRIC,전력·인프라,2024-03-11,2024-03-12,16200.0,11.93,0.1235,8.5185,7.5309,11.2346,11.9753,15.5556,21.9753,51.6049,기간만료,기간만료,기간만료,기간만료,기간만료,기간만료,기간만료,기간만료
010120,LS ELECTRIC,전력·인프라,2024-03-13,2024-03-14,17580.0,14.21,-0.9101,0.0,2.5028,3.1854,6.7122,12.9693,7.3948,49.033,기간만료,기간만료,기간만료,기간만료,기간만료,기간만료,기간만료,기간만료
010120,LS ELECTRIC,전력·인프라,2024-04-05,2024-04-08,23160.0,21.38,6.0449,4.0587,13.1261,21.6753,25.9931,39.8964,50.6045,42.0553,기간만료,기간만료,기간만료,기간만료,기간만료,기간만료,기간만료,기간만료
010120,LS ELECTRIC,전력·인프라,2024-04-12,2024-04-15,27860.0,16.67,1.1486,-4.5226,4.738,19.9569,11.2706,19.6698,18.593,24.2642,기간만료,기간만료,기간만료,기간만료,기간만료,기간만료,기간만료,기간만료
010120,LS ELECTRIC,전력·인프라,2024-04-19,2024-04-22,33420.0,17.07,-3.0521,-3.0521,-3.0521,-3.0521,-3.0521,-3.0521,-3.0521,-3.0521,손절,손절,손절,손절,손절,손절,손절,손절
010120,LS ELECTRIC,전력·인프라,2024-07-23,2024-07-24,51600.0,0.72,-3.2946,-15.6977,-15.6977,-15.6977,-15.6977,-15.6977,-15.6977,-15.6977,기간만료,손절,손절,손절,손절,손절,손절,손절
010120,LS ELECTRIC,전력·인프라,2024-11-25,2024-11-26,30020.0,5.15,-2.3318,-1.3991,-4.3971,-4.3971,-4.3971,-4.3971,-4.3971,-4.3971,기간만료,기간만료,기간만료,20일선이탈,20일선이탈,20일선이탈,20일선이탈,20일선이탈
010120,LS ELECTRIC,전력·인프라,2025-01-02,2025-01-03,34900.0,4.71,2.6361,0.8023,-1.6046,4.0115,4.4126,20.0573,32.6648,29.2264,기간만료,기간만료,기간만료,기간만료,기간만료,기간만료,기간만료,기간만료
010120,LS ELECTRIC,전력·인프라,2025-01-09,2025-01-10,36300.0,7.7,-0.1102,0.3857,2.9201,15.427,17.6309,27.5482,24.2424,36.9146,기간만료,기간만료,기간만료,기간만료,기간만료,기간만료,기간만료,기간만료
010120,LS ELECTRIC,전력·인프라,2025-01-17,2025-01-20,44500.0,12.02,-4.0449,-4.0449,-4.0449,-4.0449,-4.0449,-4.0449,-4.0449,-4.0449,손절,손절,손절,손절,손절,손절,손절,손절
010120,LS ELECTRIC,전력·인프라,2025-01-23,2025-01-24,46300.0,14.49,-4.9676,-3.8877,-2.1598,-2.5918,-8.6393,-8.6393,-8.6393,-8.6393,기간만료,기간만료,기간만료,기간만료,손절,손절,손절,손절
010120,LS ELECTRIC,전력·인프라,2025-02-13,2025-02-14,50700.0,12.67,-3.3531,-4.931,-4.931,-4.931,-4.931,-4.931,-4.931,-4.931,기간만료,손절,손절,손절,손절,손절,손절,손절
010120,LS ELECTRIC,전력·인프라,2025-02-18,2025-02-19,58100.0,11.02,-0.5164,-2.4096,-7.7453,-12.2203,-12.2203,-12.2203,-12.2203,-12.2203,기간만료,기간만료,기간만료,손절,손절,손절,손절,손절
010120,LS ELECTRIC,전력·인프라,2025-06-24,2025-06-25,61400.0,12.16,-2.7687,-6.3518,-6.3518,-6.3518,-6.3518,-6.3518,-6.3518,-6.3518,기간만료,손절,손절,손절,손절,손절,손절,손절
010120,LS ELECTRIC,전력·인프라,2025-07-24,2025-07-25,57200.0,-1.07,2.6224,1.3986,5.2448,6.8182,8.042,13.1119,4.021,0.0,기간만료,기간만료,기간만료,기간만료,기간만료,기간만료,기간만료,20일선이탈
010120,LS ELECTRIC,전력·인프라,2025-08-05,2025-08-06,64600.0,3.24,0.1548,0.1548,-0.9288,-3.4056,-7.8947,-11.4551,-11.4551,-11.4551,기간만료,기간만료,기간만료,기간만료,기간만료,손절,손절,손절
010120,LS ELECTRIC,전력·인프라,2025-10-20,2025-10-21,64600.0,-0.16,-2.7864,3.87,13.1579,17.1827,33.4365,55.7276,53.87,41.4861,기간만료,기간만료,기간만료,기간만료,기간만료,기간만료,기간만료,기간만료
010120,LS ELECTRIC,전력·인프라,2025-10-23,2025-10-24,73100.0,6.82,4.2408,3.5568,7.2503,22.8454,37.6197,20.1094,26.1286,29.1382,기간만료,기간만료,기간만료,기간만료,기간만료,기간만료,기간만료,기간만료
010120,LS ELECTRIC,전력·인프라,2026-01-14,2026-01-15,107200.0,-5.76,0.0,-0.5597,-1.4925,-2.6119,-2.6119,-2.6119,-2.6119,-2.6119,기간만료,기간만료,기간만료,손절,손절,손절,손절,손절
010120,LS ELECTRIC,전력·인프라,2026-01-27,2026-01-28,112000.0,0.61,1.6071,-0.8929,-1.7857,-2.5,-2.5,-2.5,-2.5,-2.5,기간만료,기간만료,기간만료,손절,손절,손절,손절,손절
010120,LS ELECTRIC,전력·인프라,2026-04-13,2026-04-14,200000.0,2.07,-4.4,-4.4,-4.4,-4.4,-4.4,-4.4,-4.4,-4.4,손절,손절,손절,손절,손절,손절,손절,손절
010120,LS ELECTRIC,전력·인프라,2026-04-14,2026-04-15,191200.0,2.25,-0.9414,-1.2552,-1.9874,0.2615,15.5858,40.4289,61.8724,45.3975,기간만료,기간만료,기간만료,기간만료,기간만료,기간만료,기간만료,기간만료
010120,LS ELECTRIC,전력·인프라,2026-04-23,2026-04-24,221000.0,1.43,11.5385,24.6606,21.4932,29.638,49.7738,36.4253,20.362,20.362,기간만료,기간만료,기간만료,기간만료,기간만료,기간만료,기간만료,20일선이탈
010120,LS ELECTRIC,전력·인프라,2026-04-28,2026-04-29,268500.0,14.75,3.5382,6.7039,13.7803,15.27,12.2905,3.5382,-0.9311,-0.9311,기간만료,기간만료,기간만료,기간만료,기간만료,기간만료,손절,손절
010120,LS ELECTRIC,전력·인프라,2026-06-19,2026-06-22,254500.0,-31.09,-1.3752,-1.3752,-1.3752,-1.3752,-1.3752,-1.3752,-1.3752,-1.3752,기간만료,20일선이탈,20일선이탈,20일선이탈,20일선이탈,20일선이탈,20일선이탈,20일선이탈
298040,효성중공업,전력·인프라,2020-02-06,2020-02-07,24800.0,-4.05,-0.4032,0.4032,0.8065,-1.0081,-2.0161,-3.8306,-3.8306,-3.8306,기간만료,기간만료,기간만료,기간만료,기간만료,20일선이탈,20일선이탈,20일선이탈
298040,효성중공업,전력·인프라,2020-05-27,2020-05-28,17900.0,5.03,-4.1899,-0.2793,-2.2346,3.352,5.5866,9.4972,30.1676,50.838,기간만료,기간만료,기간만료,기간만료,기간만료,기간만료,기간만료,기간만료
298040,효성중공업,전력·인프라,2020-06-03,2020-06-04,18500.0,4.3,-3.5135,2.1622,0.2703,5.9459,39.7297,25.9459,45.9459,51.3514,기간만료,기간만료,기간만료,기간만료,기간만료,기간만료,기간만료,기간만료
298040,효성중공업,전력·인프라,2020-06-09,2020-06-10,19550.0,2.34,0.2558,-1.5345,32.2251,22.2506,24.2967,41.9437,49.8721,45.7801,기간만료,기간만료,기간만료,기간만료,기간만료,기간만료,기간만료,기간만료
298040,효성중공업,전력·인프라,2020-06-11,2020-06-12,19250.0,0.76,34.2857,28.3117,24.1558,26.2338,28.0519,51.6883,48.5714,53.2468,기간만료,기간만료,기간만료,기간만료,기간만료,기간만료,기간만료,기간만료
298040,효성중공업,전력·인프라,2020-06-12,2020-06-15,25850.0,1.61,-4.4487,-4.4487,-4.4487,-4.4487,-4.4487,-4.4487,-4.4487,-4.4487,손절,손절,손절,손절,손절,손절,손절,손절
298040,효성중공업,전력·인프라,2020-06-15,2020-06-16,24700.0,1.53,-3.2389,-5.668,-5.668,-5.668,-5.668,-5.668,-5.668,-5.668,기간만료,손절,손절,손절,손절,손절,손절,손절
298040,효성중공업,전력·인프라,2020-06-23,2020-06-24,27750.0,-2.78,-2.7027,5.2252,-1.4414,5.5856,3.0631,2.7027,13.1532,35.8559,기간만료,기간만료,기간만료,기간만료,기간만료,기간만료,기간만료,기간만료
298040,효성중공업,전력·인프라,2020-07-13,2020-07-14,33050.0,-0.11,-4.9924,-4.9924,-4.9924,-4.9924,-4.9924,-4.9924,-4.9924,-4.9924,손절,손절,손절,손절,손절,손절,손절,손절
298040,효성중공업,전력·인프라,2020-07-21,2020-07-22,37700.0,13.49,8.0902,8.6207,13.5279,31.4324,13.2626,7.9576,22.4138,8.2228,기간만료,기간만료,기간만료,기간만료,기간만료,기간만료,기간만료,20일선이탈
298040,효성중공업,전력·인프라,2020-09-01,2020-09-02,49400.0,4.8,-1.6194,22.6721,38.8664,31.5789,42.7126,40.6883,29.5547,14.17,기간만료,기간만료,기간만료,기간만료,기간만료,기간만료,기간만료,20일선이탈
298040,효성중공업,전력·인프라,2020-09-03,2020-09-04,60600.0,11.74,13.2013,17.1617,7.2607,16.3366,15.5116,10.5611,-6.9307,-6.9307,기간만료,기간만료,기간만료,기간만료,기간만료,기간만료,20일선이탈,20일선이탈
298040,효성중공업,전력·인프라,2020-09-04,2020-09-07,68600.0,21.86,3.4985,-5.2478,-5.2478,-5.2478,-5.2478,-5.2478,-5.2478,-5.2478,기간만료,손절,손절,손절,손절,손절,손절,손절
298040,효성중공업,전력·인프라,2020-09-10,2020-09-11,70500.0,27.0,0.2837,-0.7092,-1.4184,-4.9645,-3.5461,-3.5461,-3.5461,-3.5461,기간만료,기간만료,기간만료,기간만료,손절,손절,손절,손절
298040,효성중공업,전력·인프라,2020-12-16,2020-12-17,63200.0,1.5,-1.1076,-1.5823,-2.2152,-2.2152,-2.2152,-2.2152,-2.2152,-2.2152,기간만료,기간만료,기간만료,20일선이탈,20일선이탈,20일선이탈,20일선이탈,20일선이탈
298040,효성중공업,전력·인프라,2021-01-05,2021-01-06,66000.0,-2.11,-0.7576,5.9091,9.5455,1.5152,3.1818,-3.9394,-3.9394,-3.9394,기간만료,기간만료,기간만료,기간만료,기간만료,20일선이탈,20일선이탈,20일선이탈
298040,효성중공업,전력·인프라,2021-01-07,2021-01-08,69900.0,3.95,3.4335,-4.2918,-4.1488,-4.1488,-4.1488,-4.1488,-4.1488,-4.1488,기간만료,기간만료,손절,손절,손절,손절,손절,손절
298040,효성중공업,전력·인프라,2021-01-08,2021-01-11,72300.0,0.35,-7.4689,-7.4689,-7.4689,-7.4689,-7.4689,-7.4689,-7.4689,-7.4689,손절,손절,손절,손절,손절,손절,손절,손절
298040,효성중공업,전력·인프라,2021-02-01,2021-02-02,71400.0,-7.32,0.8403,6.4426,20.8683,22.9692,22.6891,12.7451,4.6218,4.6218,기간만료,기간만료,기간만료,기간만료,기간만료,기간만료,20일선이탈,20일선이탈
298040,효성중공업,전력·인프라,2021-02-03,2021-02-04,76000.0,-9.12,13.5526,15.7895,15.5263,15.2632,5.6579,2.5,-1.7105,-1.7105,기간만료,기간만료,기간만료,기간만료,기간만료,기간만료,20일선이탈,20일선이탈
298040,효성중공업,전력·인프라,2021-02-04,2021-02-05,86300.0,-6.52,1.9699,1.7381,2.3175,-2.4334,-6.9525,-6.9525,-6.9525,-6.9525,기간만료,기간만료,기간만료,기간만료,손절,손절,손절,손절
298040,효성중공업,전력·인프라,2021-03-17,2021-03-18,76800.0,3.22,-3.776,0.651,-1.3021,-4.9479,0.7812,2.0833,-1.8229,-2.9948,기간만료,기간만료,기간만료,기간만료,기간만료,기간만료,기간만료,20일선이탈
298040,효성중공업,전력·인프라,2021-04-20,2021-04-21,76000.0,8.99,-0.6579,-0.2632,-2.7632,-2.7632,-2.7632,-2.7632,-2.7632,-2.7632,기간만료,기간만료,기간만료,20일선이탈,20일선이탈,20일선이탈,20일선이탈,20일선이탈
298040,효성중공업,전력·인프라,2021-05-28,2021-05-31,69900.0,12.4,2.0029,2.289,4.4349,2.289,5.4363,13.3047,8.0114,5.1502,기간만료,기간만료,기간만료,기간만료,기간만료,기간만료,기간만료,기간만료
298040,효성중공업,전력·인프라,2021-06-11,2021-06-14,79200.0,28.19,-2.904,-4.2929,-5.0505,-5.8081,-5.8081,-5.8081,-5.8081,-5.8081,기간만료,기간만료,기간만료,손절,손절,손절,손절,손절
298040,효성중공업,전력·인프라,2021-07-14,2021-07-15,79700.0,-1.27,3.0113,0.3764,-3.0113,-1.5056,-1.5056,1.1292,-6.2735,-6.2735,기간만료,기간만료,기간만료,기간만료,기간만료,기간만료,손절,손절
298040,효성중공업,전력·인프라,2021-07-15,2021-07-16,82100.0,0.47,-2.5579,-5.8465,-6.4555,-6.4555,-6.4555,-6.4555,-6.4555,-6.4555,기간만료,기간만료,손절,손절,손절,손절,손절,손절
298040,효성중공업,전력·인프라,2021-08-25,2021-08-26,72300.0,-4.06,-1.7981,-1.7981,-1.7981,-1.7981,-1.7981,-1.7981,-1.7981,-1.7981,기간만료,20일선이탈,20일선이탈,20일선이탈,20일선이탈,20일선이탈,20일선이탈,20일선이탈
298040,효성중공업,전력·인프라,2021-08-27,2021-08-30,79800.0,-1.24,2.005,2.005,0.3759,-1.8797,-2.8822,-3.8847,-2.8822,-3.2581,기간만료,기간만료,기간만료,기간만료,기간만료,기간만료,기간만료,20일선이탈
298040,효성중공업,전력·인프라,2021-08-30,2021-08-31,81400.0,0.19,0.0,-1.5971,-4.5455,-4.5455,-4.5455,-4.5455,-4.5455,-4.5455,기간만료,기간만료,손절,손절,손절,손절,손절,손절
298040,효성중공업,전력·인프라,2022-03-14,2022-03-15,61900.0,15.07,-1.2924,-0.6462,-1.2924,-3.3926,0.8078,-1.2924,-1.454,-3.5541,기간만료,기간만료,기간만료,기간만료,기간만료,기간만료,기간만료,20일선이탈
298040,효성중공업,전력·인프라,2022-05-06,2022-05-10,58300.0,11.8,3.259,2.916,1.7153,3.4305,2.4014,2.0583,1.2007,1.2007,기간만료,기간만료,기간만료,기간만료,기간만료,기간만료,20일선이탈,20일선이탈
298040,효성중공업,전력·인프라,2022-05-31,2022-06-02,62200.0,9.56,-0.6431,3.0547,7.5563,4.9839,-5.9486,-5.9486,-5.9486,-5.9486,기간만료,기간만료,기간만료,기간만료,기간만료,20일선이탈,20일선이탈,20일선이탈
298040,효성중공업,전력·인프라,2022-06-03,2022-06-07,64100.0,9.26,4.3682,3.7441,1.8721,-8.7363,-8.7363,-8.7363,-8.7363,-8.7363,기간만료,기간만료,기간만료,손절,손절,손절,손절,손절
298040,효성중공업,전력·인프라,2022-06-07,2022-06-08,66900.0,7.33,-0.5979,-2.3916,-5.3812,-12.5561,-12.5561,-12.5561,-12.5561,-12.5561,기간만료,기간만료,기간만료,손절,손절,손절,손절,손절
298040,효성중공업,전력·인프라,2022-07-29,2022-08-01,60900.0,-7.97,1.8062,0.6568,-0.6568,1.8062,1.3136,10.0164,12.9721,25.9442,기간만료,기간만료,기간만료,기간만료,기간만료,기간만료,기간만료,기간만료
298040,효성중공업,전력·인프라,2022-08-01,2022-08-02,62000.0,-6.52,-1.129,-2.4194,-4.5161,2.5806,7.0968,9.6774,14.3548,18.5484,기간만료,기간만료,기간만료,기간만료,기간만료,기간만료,기간만료,기간만료
298040,효성중공업,전력·인프라,2022-08-10,2022-08-11,66400.0,5.87,-0.6024,0.9036,2.4096,5.2711,3.6145,10.241,6.9277,9.6386,기간만료,기간만료,기간만료,기간만료,기간만료,기간만료,기간만료,기간만료
298040,효성중공업,전력·인프라,2022-08-25,2022-08-26,73200.0,13.02,-1.2295,4.7814,0.4098,-3.0055,-3.4153,-0.5464,-7.7869,-7.7869,기간만료,기간만료,기간만료,기간만료,기간만료,기간만료,손절,손절
298040,효성중공업,전력·인프라,2022-10-31,2022-11-01,58600.0,-3.72,1.7065,1.5358,6.6553,8.5324,14.8464,18.2594,30.8874,51.3652,기간만료,기간만료,기간만료,기간만료,기간만료,기간만료,기간만료,기간만료
298040,효성중공업,전력·인프라,2022-11-01,2022-11-02,59600.0,2.43,-0.1678,4.8658,8.2215,13.7584,20.8054,21.3087,34.5638,50.6711,기간만료,기간만료,기간만료,기간만료,기간만료,기간만료,기간만료,기간만료
298040,효성중공업,전력·인프라,2022-11-15,2022-11-16,72300.0,7.52,3.5961,2.3513,2.7663,10.9267,20.1936,24.2047,8.9903,8.0221,기간만료,기간만료,기간만료,기간만료,기간만료,기간만료,기간만료,20일선이탈
298040,효성중공업,전력·인프라,2022-11-23,2022-11-24,85800.0,16.87,1.2821,0.8159,3.38,-0.1166,-5.0117,-5.0117,-5.0117,-5.0117,기간만료,기간만료,기간만료,기간만료,손절,손절,손절,손절
298040,효성중공업,전력·인프라,2023-03-02,2023-03-03,78500.0,0.3,-0.8917,-4.3312,-2.9299,-4.9682,-7.0064,-7.0064,-7.0064,-7.0064,기간만료,기간만료,기간만료,기간만료,손절,손절,손절,손절
298040,효성중공업,전력·인프라,2023-04-03,2023-04-04,71100.0,3.92,-0.5626,0.5626,-2.8129,-2.8129,-2.8129,-2.8129,-2.8129,-2.8129,기간만료,기간만료,기간만료,20일선이탈,20일선이탈,20일선이탈,20일선이탈,20일선이탈
298040,효성중공업,전력·인프라,2023-04-12,2023-04-13,71600.0,0.4,9.0782,6.1453,11.3128,9.0782,8.7989,6.9832,14.2458,10.7542,기간만료,기간만료,기간만료,기간만료,기간만료,기간만료,기간만료,기간만료
298040,효성중공업,전력·인프라,2023-04-13,2023-04-14,78100.0,3.9,-2.6889,2.0487,1.2804,-2.9449,-1.5365,0.0,4.4814,1.5365,기간만료,기간만료,기간만료,기간만료,기간만료,기간만료,기간만료,기간만료
298040,효성중공업,전력·인프라,2023-04-17,2023-04-18,79700.0,9.46,-0.7528,-2.0075,-4.8934,-3.5132,-3.8896,1.8821,3.6386,-0.5019,기간만료,기간만료,기간만료,기간만료,기간만료,기간만료,기간만료,20일선이탈
298040,효성중공업,전력·인프라,2023-06-02,2023-06-05,88200.0,-2.09,-0.5669,2.4943,3.8549,7.0295,3.6281,13.0385,14.5125,31.5193,기간만료,기간만료,기간만료,기간만료,기간만료,기간만료,기간만료,기간만료
298040,효성중공업,전력·인프라,2023-06-30,2023-07-03,117500.0,16.62,-1.2766,4.6809,5.1064,5.5319,17.5319,12.0,10.0426,7.4043,기간만료,기간만료,기간만료,기간만료,기간만료,기간만료,기간만료,20일선이탈
298040,효성중공업,전력·인프라,2023-07-31,2023-08-01,174500.0,9.14,-5.2722,-5.2722,-5.2722,-5.2722,-5.2722,-5.2722,-5.2722,-5.2722,손절,손절,손절,손절,손절,손절,손절,손절
298040,효성중공업,전력·인프라,2024-02-20,2024-02-21,186000.0,4.63,-2.4731,-0.8065,-1.4516,3.6559,5.2688,27.4194,29.3011,30.914,기간만료,기간만료,기간만료,기간만료,기간만료,기간만료,기간만료,기간만료
298040,효성중공업,전력·인프라,2024-03-04,2024-03-05,228000.0,3.42,3.9474,3.9474,0.8772,1.5351,5.4825,7.0175,2.6316,27.4123,기간만료,기간만료,기간만료,기간만료,기간만료,기간만료,기간만료,기간만료
298040,효성중공업,전력·인프라,2024-03-05,2024-03-06,237000.0,9.42,0.0,-2.9536,-2.3207,-1.0549,-1.8987,2.1097,2.9536,22.5738,기간만료,기간만료,기간만료,기간만료,기간만료,기간만료,기간만료,기간만료
298040,효성중공업,전력·인프라,2024-04-12,2024-04-15,339000.0,16.67,-2.3599,-12.2419,-12.2419,-12.2419,-12.2419,-12.2419,-12.2419,-12.2419,기간만료,손절,손절,손절,손절,손절,손절,손절
298040,효성중공업,전력·인프라,2024-05-17,2024-05-20,373000.0,24.74,11.5282,15.2815,5.8981,14.0751,23.1903,18.4987,1.7426,1.7426,기간만료,기간만료,기간만료,기간만료,기간만료,기간만료,20일선이탈,20일선이탈
298040,효성중공업,전력·인프라,2024-05-20,2024-05-21,416000.0,28.16,3.3654,-5.0481,-4.6875,3.3654,4.4471,1.0817,-8.774,-8.774,기간만료,기간만료,기간만료,기간만료,기간만료,기간만료,손절,손절
298040,효성중공업,전력·인프라,2024-07-10,2024-07-11,394000.0,3.96,-3.934,-2.1574,0.1269,-5.5838,-5.5838,-5.5838,-5.5838,-5.5838,기간만료,기간만료,기간만료,손절,손절,손절,손절,손절
298040,효성중공업,전력·인프라,2024-11-01,2024-11-04,425500.0,3.12,3.9953,7.8731,12.2209,8.5781,15.1586,10.6933,2.8202,2.8202,기간만료,기간만료,기간만료,기간만료,기간만료,기간만료,20일선이탈,20일선이탈
298040,효성중공업,전력·인프라,2024-11-06,2024-11-07,477500.0,7.34,-3.2461,-3.2461,3.8743,-3.8743,-1.3613,-6.7016,-6.7016,-6.7016,기간만료,기간만료,기간만료,기간만료,기간만료,손절,손절,손절
298040,효성중공업,전력·인프라,2025-02-04,2025-02-05,507000.0,16.73,0.5917,3.9448,-2.6627,-2.7613,-1.3807,-3.3531,-3.3531,-3.3531,기간만료,기간만료,기간만료,기간만료,기간만료,20일선이탈,20일선이탈,20일선이탈
298040,효성중공업,전력·인프라,2025-07-28,2025-07-29,1256000.0,-4.31,3.3439,-2.1497,-3.9013,-7.8025,-7.8025,-7.8025,-7.8025,-7.8025,기간만료,기간만료,기간만료,손절,손절,손절,손절,손절
298040,효성중공업,전력·인프라,2026-01-12,2026-01-13,2099000.0,-4.92,-3.192,6.8128,8.2897,10.91,12.0534,9.5283,13.0538,9.5283,기간만료,기간만료,기간만료,기간만료,기간만료,기간만료,기간만료,20일선이탈
001440,대한전선,전력·인프라,2020-04-07,2020-04-08,4486.9228515625,-3.27,11.3173,12.987,18.1818,23.1911,19.4805,22.6345,18.7384,48.7941,기간만료,기간만료,기간만료,기간만료,기간만료,기간만료,기간만료,기간만료
001440,대한전선,전력·인프라,2020-04-08,2020-04-09,4994.71923828125,0.82,1.5,6.1667,7.1667,10.3333,8.0,9.3333,9.0,32.6667,기간만료,기간만료,기간만료,기간만료,기간만료,기간만료,기간만료,기간만료
001440,대한전선,전력·인프라,2020-04-10,2020-04-13,5302.72705078125,9.84,0.9419,4.2386,3.9246,1.7268,3.7677,2.3548,9.2622,22.449,기간만료,기간만료,기간만료,기간만료,기간만료,기간만료,기간만료,기간만료
001440,대한전선,전력·인프라,2020-05-08,2020-05-11,6659.62548828125,8.64,0.25,-0.5,0.0,-4.5,-4.5,-4.5,-4.5,-4.5,기간만료,기간만료,기간만료,손절,손절,손절,손절,손절
001440,대한전선,전력·인프라,2020-05-20,2020-05-21,6559.73095703125,2.67,-1.1421,-3.0457,-2.2843,2.665,-3.2995,-0.1269,-1.0152,-9.6447,기간만료,기간만료,기간만료,기간만료,기간만료,기간만료,기간만료,20일선이탈
001440,대한전선,전력·인프라,2020-07-20,2020-07-21,6851.08984375,8.92,-3.1592,1.8226,0.729,18.712,10.4496,-4.2527,-7.2904,-7.2904,기간만료,기간만료,기간만료,기간만료,기간만료,기간만료,손절,손절
001440,대한전선,전력·인프라,2020-07-22,2020-07-23,6975.95751953125,19.42,-1.074,30.0716,16.5871,8.4726,-2.2673,-5.9666,-5.9666,-5.9666,기간만료,기간만료,기간만료,기간만료,기간만료,손절,손절,손절
001440,대한전선,전력·인프라,2020-07-24,2020-07-27,9073.740234375,22.16,-10.367,-10.367,-10.367,-10.367,-10.367,-10.367,-10.367,-10.367,손절,손절,손절,손절,손절,손절,손절,손절
001440,대한전선,전력·인프라,2020-09-03,2020-09-04,6068.583984375,11.74,22.085,27.8464,20.3018,24.1427,20.1646,13.4431,7.5446,7.5446,기간만료,기간만료,기간만료,기간만료,기간만료,기간만료,20일선이탈,20일선이탈
001440,대한전선,전력·인프라,2020-09-04,2020-09-07,7408.83349609375,21.86,4.7191,-1.4607,3.2584,0.1124,-1.236,-7.0787,-7.0787,-7.0787,기간만료,기간만료,기간만료,기간만료,기간만료,손절,손절,손절
001440,대한전선,전력·인프라,2020-09-07,2020-09-08,7758.4638671875,27.9,-5.9013,-1.3949,-2.897,-6.0086,-6.0086,-6.0086,-6.0086,-6.0086,기간만료,기간만료,기간만료,손절,손절,손절,손절,손절
001440,대한전선,전력·인프라,2020-10-16,2020-10-19,7408.83349609375,-1.06,-4.4944,-5.5056,-5.5056,-5.5056,-5.5056,-5.5056,-5.5056,-5.5056,기간만료,손절,손절,손절,손절,손절,손절,손절
001440,대한전선,전력·인프라,2020-11-19,2020-11-20,8058.14697265625,-3.65,32.7479,31.7149,28.6157,40.4959,53.4091,48.2438,47.2107,57.0248,기간만료,기간만료,기간만료,기간만료,기간만료,기간만료,기간만료,기간만료
001440,대한전선,전력·인프라,2020-11-20,2020-11-23,10697.0234375,0.5,-0.7782,-3.1128,-3.8911,22.5681,15.5642,0.7782,10.1167,17.5097,기간만료,기간만료,기간만료,기간만료,기간만료,기간만료,기간만료,기간만료
001440,대한전선,전력·인프라,2020-11-23,2020-11-24,10613.7783203125,4.13,-2.3529,-3.1373,6.6667,16.4706,13.7255,6.6667,8.2353,20.0,기간만료,기간만료,기간만료,기간만료,기간만료,기간만료,기간만료,기간만료
001440,대한전선,전력·인프라,2020-12-16,2020-12-17,12903.0244140625,1.5,-1.9355,-2.5806,-1.2903,-8.3871,-8.3871,-8.3871,-8.3871,-8.3871,기간만료,기간만료,기간만료,손절,손절,손절,손절,손절
001440,대한전선,전력·인프라,2021-01-22,2021-01-25,12778.15625,-7.77,-14.0065,-14.0065,-14.0065,-14.0065,-14.0065,-14.0065,-14.0065,-14.0065,손절,손절,손절,손절,손절,손절,손절,손절
001440,대한전선,전력·인프라,2021-03-25,2021-03-26,9073.740234375,5.5,4.5872,3.211,-1.8349,5.5046,3.211,13.3027,11.0092,9.633,기간만료,기간만료,기간만료,기간만료,기간만료,기간만료,기간만료,기간만료
001440,대한전선,전력·인프라,2021-03-26,2021-03-29,9489.966796875,7.02,-1.3158,-6.1404,-6.1404,-6.1404,-6.1404,-6.1404,-6.1404,-6.1404,기간만료,손절,손절,손절,손절,손절,손절,손절
001440,대한전선,전력·인프라,2021-03-29,2021-03-30,9365.0986328125,10.46,-4.8889,5.3333,2.2222,0.0,5.3333,8.0,5.3333,5.3333,기간만료,기간만료,기간만료,기간만료,기간만료,기간만료,기간만료,기간만료
001440,대한전선,전력·인프라,2021-04-08,2021-04-09,10280.796875,9.72,0.0,-1.6194,-1.2146,-2.0243,-4.0486,-3.2389,-6.8826,-6.8826,기간만료,기간만료,기간만료,기간만료,기간만료,기간만료,손절,손절
001440,대한전선,전력·인프라,2021-05-04,2021-05-06,9989.4384765625,1.18,1.6667,1.25,7.0833,3.75,4.5833,4.5833,26.6667,116.6667,기간만료,기간만료,기간만료,기간만료,기간만료,기간만료,기간만료,기간만료
001440,대한전선,전력·인프라,2021-05-10,2021-05-11,10697.0234375,2.25,0.3891,-3.1128,-1.5564,-5.8366,-5.8366,-5.8366,-5.8366,-5.8366,기간만료,기간만료,기간만료,손절,손절,손절,손절,손절
001440,대한전선,전력·인프라,2021-05-21,2021-05-24,10988.3818359375,3.01,-0.7576,7.5758,15.1515,31.8182,57.197,161.3636,125.0,143.5606,기간만료,기간만료,기간만료,기간만료,기간만료,기간만료,기간만료,기간만료
001440,대한전선,전력·인프라,2021-05-25,2021-05-26,11820.8349609375,4.19,7.0423,7.0423,22.5352,46.1268,83.0986,130.9859,132.7465,165.1409,기간만료,기간만료,기간만료,기간만료,기간만료,기간만료,기간만료,기간만료
001440,대한전선,전력·인프라,2021-05-26,2021-05-27,12653.2880859375,10.44,0.0,14.4737,38.4869,42.4342,126.9737,115.1316,110.8553,99.3421,기간만료,기간만료,기간만료,기간만료,기간만료,기간만료,기간만료,기간만료
001440,대한전선,전력·인프라,2021-05-28,2021-05-31,14484.685546875,12.4,20.977,19.2529,24.4253,98.2759,88.5057,70.6897,84.7701,80.1724,기간만료,기간만료,기간만료,기간만료,기간만료,기간만료,기간만료,기간만료
001440,대한전선,전력·인프라,2021-05-31,2021-06-01,17523.140625,14.71,-1.4252,2.8503,23.5154,102.1378,55.3444,42.0427,56.5321,44.418,기간만료,기간만료,기간만료,기간만료,기간만료,기간만료,기간만료,기간만료
001440,대한전선,전력·인프라,2021-06-03,2021-06-04,21643.783203125,26.32,32.6923,63.6538,26.1538,18.2692,15.0,19.0385,20.3846,16.9231,기간만료,기간만료,기간만료,기간만료,기간만료,기간만료,기간만료,20일선이탈
001440,대한전선,전력·인프라,2021-06-04,2021-06-07,28719.634765625,31.02,23.3333,-4.9275,-5.2174,-5.2174,-5.2174,-5.2174,-5.2174,-5.2174,기간만료,기간만료,손절,손절,손절,손절,손절,손절
001440,대한전선,전력·인프라,2021-06-07,2021-06-08,35420.8828125,42.58,-22.9142,-22.9142,-22.9142,-22.9142,-22.9142,-22.9142,-22.9142,-22.9142,손절,손절,손절,손절,손절,손절,손절,손절
001440,대한전선,전력·인프라,2021-08-05,2021-08-06,23683.29296875,4.19,-5.0967,-8.4358,-8.4358,-8.4358,-8.4358,-8.4358,-8.4358,-8.4358,기간만료,손절,손절,손절,손절,손절,손절,손절
001440,대한전선,전력·인프라,2021-09-15,2021-09-16,23475.1796875,6.49,-5.1418,-7.6241,-7.6241,-7.6241,-7.6241,-7.6241,-7.6241,-7.6241,기간만료,손절,손절,손절,손절,손절,손절,손절
001440,대한전선,전력·인프라,2021-12-29,2021-12-30,15317.138671875,-0.89,-2.1739,-2.1739,-2.1739,-2.1739,-2.1739,-2.1739,-2.1739,-2.1739,기간만료,20일선이탈,20일선이탈,20일선이탈,20일선이탈,20일선이탈,20일선이탈,20일선이탈
001440,대한전선,전력·인프라,2022-01-12,2022-01-13,15442.0068359375,-1.03,-3.2345,-7.8167,-7.8167,-7.8167,-7.8167,-7.8167,-7.8167,-7.8167,기간만료,손절,손절,손절,손절,손절,손절,손절
001440,대한전선,전력·인프라,2022-03-23,2022-03-24,13569.111328125,9.86,-0.3344,-9.3645,-9.3645,-9.3645,-9.3645,-9.3645,-9.3645,-9.3645,기간만료,기간만료,20일선이탈,20일선이탈,20일선이탈,20일선이탈,20일선이탈,20일선이탈
001440,대한전선,전력·인프라,2022-03-31,2022-04-01,17744.22265625,2.51,-3.8363,-3.8363,-3.8363,-3.8363,-3.8363,-3.8363,-3.8363,-3.8363,손절,손절,손절,손절,손절,손절,손절,손절
001440,대한전선,전력·인프라,2022-04-05,2022-04-06,17744.22265625,-1.2,-7.1611,-5.8824,-5.8824,-5.8824,-5.8824,-5.8824,-5.8824,-5.8824,기간만료,손절,손절,손절,손절,손절,손절,손절
001440,대한전선,전력·인프라,2022-05-04,2022-05-06,17698.841796875,10.33,11.0256,9.2308,2.5641,4.359,10.2564,8.4615,10.2564,12.5641,기간만료,기간만료,기간만료,기간만료,기간만료,기간만료,기간만료,기간만료
001440,대한전선,전력·인프라,2022-05-06,2022-05-10,19650.251953125,11.8,-1.6166,-7.6212,-7.6212,-7.6212,-7.6212,-7.6212,-7.6212,-7.6212,기간만료,손절,손절,손절,손절,손절,손절,손절
001440,대한전선,전력·인프라,2022-08-26,2022-08-29,16927.353515625,11.66,8.0429,8.0429,-0.8043,-6.1662,-6.1662,-6.1662,-6.1662,-6.1662,기간만료,기간만료,기간만료,손절,손절,손절,손절,손절
001440,대한전선,전력·인프라,2022-08-29,2022-08-30,18288.802734375,12.03,0.0,-8.1886,-8.1886,-8.1886,-8.1886,-8.1886,-8.1886,-8.1886,기간만료,손절,손절,손절,손절,손절,손절,손절
001440,대한전선,전력·인프라,2022-10-27,2022-10-28,14068.3095703125,-4.55,0.6452,-2.5806,12.5806,11.6129,14.5161,16.7742,15.1613,10.6452,기간만료,기간만료,기간만료,기간만료,기간만료,기간만료,기간만료,20일선이탈
001440,대한전선,전력·인프라,2022-11-01,2022-11-02,15838.193359375,2.43,-4.8711,-0.8596,2.2923,1.7192,3.7249,7.4499,-1.7192,-1.7192,기간만료,기간만료,기간만료,기간만료,기간만료,기간만료,기간만료,20일선이탈
001440,대한전선,전력·인프라,2022-11-14,2022-11-15,17335.787109375,8.14,-1.8325,-0.5236,-6.5445,-6.5445,-6.5445,-6.5445,-6.5445,-6.5445,기간만료,기간만료,손절,손절,손절,손절,손절,손절
001440,대한전선,전력·인프라,2023-04-12,2023-04-13,14113.69140625,0.4,0.6431,8.9389,9.7749,8.3601,4.8232,-1.4148,-1.4148,-1.4148,기간만료,기간만료,기간만료,기간만료,기간만료,20일선이탈,20일선이탈,20일선이탈
001440,대한전선,전력·인프라,2023-04-14,2023-04-17,15375.30078125,6.03,0.7674,1.5939,-0.5313,-3.778,-6.5525,-6.5525,-6.5525,-6.5525,기간만료,기간만료,기간만료,기간만료,손절,손절,손절,손절
001440,대한전선,전력·인프라,2023-04-17,2023-04-18,15493.29296875,9.46,0.8202,-1.2888,-2.6948,-7.2642,-7.2642,-7.2642,-7.2642,-7.2642,기간만료,기간만료,기간만료,손절,손절,손절,손절,손절
001440,대한전선,전력·인프라,2023-05-16,2023-05-17,14476.744140625,1.13,-4.2633,-4.2633,-4.2633,-4.2633,-4.2633,-4.2633,-4.2633,-4.2633,기간만료,20일선이탈,20일선이탈,20일선이탈,20일선이탈,20일선이탈,20일선이탈,20일선이탈
001440,대한전선,전력·인프라,2023-08-02,2023-08-03,12489.0283203125,10.82,-5.1599,-5.1599,-5.1599,-5.1599,-5.1599,-5.1599,-5.1599,-5.1599,기간만료,20일선이탈,20일선이탈,20일선이탈,20일선이탈,20일선이탈,20일선이탈,20일선이탈
001440,대한전선,전력·인프라,2023-11-06,2023-11-07,11309.10546875,-4.8,-1.1236,-3.6918,-4.4944,-2.488,-2.488,-2.488,-2.488,-2.488,기간만료,기간만료,기간만료,손절,손절,손절,손절,손절
001440,대한전선,전력·인프라,2023-12-14,2023-12-15,9357.6953125,0.69,-2.6188,-2.6188,-2.6188,-2.6188,-2.6188,-2.6188,-2.6188,-2.6188,기간만료,20일선이탈,20일선이탈,20일선이탈,20일선이탈,20일선이탈,20일선이탈,20일선이탈
001440,대한전선,전력·인프라,2024-01-24,2024-01-25,9802.4345703125,8.06,-0.0926,-0.9259,2.5256,-4.6155,-4.6155,-4.6155,-4.6155,-4.6155,기간만료,기간만료,기간만료,손절,손절,손절,손절,손절
001440,대한전선,전력·인프라,2024-03-14,2024-03-15,10400.0,16.83,0.0,2.1154,1.9231,-0.4808,-1.5385,-4.4231,21.4423,29.8077,기간만료,기간만료,기간만료,기간만료,기간만료,기간만료,기간만료,기간만료
001440,대한전선,전력·인프라,2024-03-18,2024-03-19,10620.0,21.63,-0.1883,-2.7307,-2.5424,-3.5782,-1.1299,0.0,24.0113,12.5235,기간만료,기간만료,기간만료,기간만료,기간만료,기간만료,기간만료,기간만료
001440,대한전선,전력·인프라,2024-04-04,2024-04-05,12630.0,18.05,1.2668,4.2755,1.6627,6.8884,-5.384,-5.384,-5.384,-5.384,기간만료,기간만료,기간만료,기간만료,손절,손절,손절,손절
001440,대한전선,전력·인프라,2024-04-05,2024-04-08,12790.0,21.38,2.9711,0.3909,4.222,3.4402,-6.5676,-6.5676,-6.5676,-6.5676,기간만료,기간만료,기간만료,기간만료,손절,손절,손절,손절
001440,대한전선,전력·인프라,2024-04-08,2024-04-09,13170.0,18.13,-2.5057,1.2149,2.5057,-9.2635,-9.2635,-9.2635,-9.2635,-9.2635,기간만료,기간만료,기간만료,손절,손절,손절,손절,손절
001440,대한전선,전력·인프라,2024-04-12,2024-04-15,13500.0,16.67,-2.0,-11.4815,-11.4815,-11.4815,-11.4815,-11.4815,-11.4815,-11.4815,기간만료,손절,손절,손절,손절,손절,손절,손절
001440,대한전선,전력·인프라,2024-04-26,2024-04-29,13840.0,17.86,3.9017,-1.8786,-2.1676,-4.6965,-4.6965,-4.6965,-4.6965,-4.6965,기간만료,기간만료,기간만료,손절,손절,손절,손절,손절
001440,대한전선,전력·인프라,2024-05-13,2024-05-14,18430.0,16.92,-4.178,-4.178,-4.178,-4.178,-4.178,-4.178,-4.178,-4.178,손절,손절,손절,손절,손절,손절,손절,손절
001440,대한전선,전력·인프라,2024-05-16,2024-05-17,18200.0,15.05,5.4945,9.2857,7.1429,-0.1099,4.9451,-4.7802,-9.1209,-9.1209,기간만료,기간만료,기간만료,기간만료,기간만료,기간만료,손절,손절
001440,대한전선,전력·인프라,2024-05-20,2024-05-21,19890.0,28.16,-1.9608,-9.5023,-9.5023,-9.5023,-9.5023,-9.5023,-9.5023,-9.5023,기간만료,손절,손절,손절,손절,손절,손절,손절
001440,대한전선,전력·인프라,2024-07-11,2024-07-12,16230.0,4.0,-7.6402,-7.6402,-7.6402,-7.6402,-7.6402,-7.6402,-7.6402,-7.6402,기간만료,20일선이탈,20일선이탈,20일선이탈,20일선이탈,20일선이탈,20일선이탈,20일선이탈
001440,대한전선,전력·인프라,2024-10-04,2024-10-07,13330.0,6.23,-3.3758,-4.8762,-4.8762,-4.8762,-4.8762,-4.8762,-4.8762,-4.8762,기간만료,손절,손절,손절,손절,손절,손절,손절
001440,대한전선,전력·인프라,2024-11-25,2024-11-26,11830.0,5.15,0.7608,-1.0144,-1.6061,-1.6061,-1.6061,-1.6061,-1.6061,-1.6061,기간만료,기간만료,기간만료,20일선이탈,20일선이탈,20일선이탈,20일선이탈,20일선이탈
001440,대한전선,전력·인프라,2024-12-16,2024-12-17,12130.0,-2.39,-1.9786,-5.7708,-4.122,-5.6059,-5.6059,-5.6059,-5.6059,-5.6059,기간만료,기간만료,기간만료,손절,손절,손절,손절,손절
001440,대한전선,전력·인프라,2025-01-13,2025-01-14,12680.0,7.34,4.1009,7.0978,13.0915,8.6751,11.041,1.3407,1.2618,1.2618,기간만료,기간만료,기간만료,기간만료,기간만료,기간만료,20일선이탈,20일선이탈
001440,대한전선,전력·인프라,2025-01-15,2025-01-16,13580.0,11.49,5.5965,4.4919,1.4728,3.6819,-2.2828,-5.4492,-5.4492,-5.4492,기간만료,기간만료,기간만료,기간만료,기간만료,손절,손절,손절
001440,대한전선,전력·인프라,2025-01-16,2025-01-17,14340.0,10.38,-1.046,-3.9052,-3.9052,-3.9052,-3.9052,-3.9052,-3.9052,-3.9052,기간만료,손절,손절,손절,손절,손절,손절,손절
001440,대한전선,전력·인프라,2025-03-14,2025-03-17,13150.0,-3.31,-1.2167,-3.4221,-2.7376,-5.6274,-4.3346,-4.3346,-4.3346,-4.3346,기간만료,기간만료,기간만료,기간만료,손절,손절,손절,손절
001440,대한전선,전력·인프라,2025-05-14,2025-05-15,12800.0,12.66,-4.0625,-4.0625,-4.0625,-4.0625,-4.0625,-4.0625,-4.0625,-4.0625,기간만료,손절,손절,손절,손절,손절,손절,손절
001440,대한전선,전력·인프라,2025-06-04,2025-06-05,13740.0,11.36,3.9301,21.5429,11.7904,17.9039,19.2868,24.6725,22.9258,17.6128,기간만료,기간만료,기간만료,기간만료,기간만료,기간만료,기간만료,기간만료
001440,대한전선,전력·인프라,2025-06-05,2025-06-09,14280.0,13.12,16.9468,7.563,17.437,9.8039,10.2941,13.1653,17.9972,13.1653,기간만료,기간만료,기간만료,기간만료,기간만료,기간만료,기간만료,20일선이탈
001440,대한전선,전력·인프라,2025-06-09,2025-06-10,16700.0,13.85,-8.024,-8.024,-8.024,-8.024,-8.024,-8.024,-8.024,-8.024,손절,손절,손절,손절,손절,손절,손절,손절
001440,대한전선,전력·인프라,2025-06-11,2025-06-12,16770.0,12.01,-3.3989,-6.4997,-2.266,-6.0823,-6.0823,-6.0823,-6.0823,-6.0823,기간만료,기간만료,기간만료,손절,손절,손절,손절,손절
001440,대한전선,전력·인프라,2025-06-20,2025-06-23,16160.0,10.72,11.6955,9.9629,5.755,4.2698,6.745,0.0,0.0,0.0,기간만료,기간만료,기간만료,기간만료,기간만료,20일선이탈,20일선이탈,20일선이탈
001440,대한전선,전력·인프라,2025-06-23,2025-06-24,18050.0,12.29,-1.5512,-5.3186,-6.4266,-6.4266,-6.4266,-6.4266,-6.4266,-6.4266,기간만료,기간만료,손절,손절,손절,손절,손절,손절
001440,대한전선,전력·인프라,2025-09-10,2025-09-11,16480.0,-0.67,0.6675,-0.8495,-0.9709,-2.1845,-2.7306,-3.8228,-3.8228,-3.8228,기간만료,기간만료,기간만료,기간만료,기간만료,20일선이탈,20일선이탈,20일선이탈
001440,대한전선,전력·인프라,2025-09-11,2025-09-12,16590.0,-1.24,-1.5069,-1.6275,-2.5316,-3.918,-3.3153,-4.4605,-4.4605,-4.4605,기간만료,기간만료,기간만료,기간만료,기간만료,손절,손절,손절
001440,대한전선,전력·인프라,2025-10-13,2025-10-14,18650.0,-2.78,-6.3807,-6.3807,-6.3807,-6.3807,-6.3807,-6.3807,-6.3807,-6.3807,손절,손절,손절,손절,손절,손절,손절,손절
001440,대한전선,전력·인프라,2025-10-24,2025-10-27,18880.0,11.27,4.3432,9.6398,13.3475,33.4746,37.1822,31.6208,34.2691,26.0593,기간만료,기간만료,기간만료,기간만료,기간만료,기간만료,기간만료,20일선이탈
001440,대한전선,전력·인프라,2025-10-28,2025-10-29,20700.0,14.54,3.3816,5.5556,21.7391,25.1208,12.5604,22.2222,14.4928,14.9758,기간만료,기간만료,기간만료,기간만료,기간만료,기간만료,기간만료,20일선이탈
001440,대한전선,전력·인프라,2025-10-29,2025-10-30,21400.0,18.99,2.1028,17.757,25.9346,27.1028,16.1215,20.0935,11.215,11.215,기간만료,기간만료,기간만료,기간만료,기간만료,기간만료,기간만료,20일선이탈
001440,대한전선,전력·인프라,2025-10-31,2025-11-03,25200.0,20.35,6.9444,2.7778,7.9365,-1.3889,0.3968,0.5952,-5.9524,-5.9524,기간만료,기간만료,기간만료,기간만료,기간만료,기간만료,손절,손절
001440,대한전선,전력·인프라,2025-11-04,2025-11-05,25900.0,27.71,5.0193,-10.0386,-10.0386,-10.0386,-10.0386,-10.0386,-10.0386,-10.0386,기간만료,손절,손절,손절,손절,손절,손절,손절
001440,대한전선,전력·인프라,2025-12-29,2025-12-30,23250.0,-6.5,-0.8602,-0.8602,-0.8602,-0.8602,-0.8602,-0.8602,-0.8602,-0.8602,기간만료,20일선이탈,20일선이탈,20일선이탈,20일선이탈,20일선이탈,20일선이탈,20일선이탈
001440,대한전선,전력·인프라,2026-01-05,2026-01-06,26950.0,-5.06,-0.5566,-1.4842,-2.7829,4.8237,-4.0816,-4.0816,1.6698,1.6698,기간만료,기간만료,기간만료,기간만료,기간만료,기간만료,기간만료,기간만료
001440,대한전선,전력·인프라,2026-01-20,2026-01-21,27850.0,2.51,-0.7181,1.6158,-0.8977,-2.8725,5.2065,-1.6158,-1.6158,-1.6158,기간만료,기간만료,기간만료,기간만료,기간만료,20일선이탈,20일선이탈,20일선이탈
001440,대한전선,전력·인프라,2026-01-22,2026-01-23,28300.0,-1.39,-2.4735,-3.1802,-3.1802,-3.1802,-3.1802,-3.1802,-3.1802,-3.1802,기간만료,손절,손절,손절,손절,손절,손절,손절
001440,대한전선,전력·인프라,2026-02-03,2026-02-04,30450.0,-1.7,11.6585,0.1642,3.6125,1.4778,3.2841,10.0164,15.2709,-3.1199,기간만료,기간만료,기간만료,기간만료,기간만료,기간만료,기간만료,손절
001440,대한전선,전력·인프라,2026-02-04,2026-02-05,34000.0,5.37,-10.2941,-10.2941,-10.2941,-10.2941,-10.2941,-10.2941,-10.2941,-10.2941,손절,손절,손절,손절,손절,손절,손절,손절
001440,대한전선,전력·인프라,2026-02-23,2026-02-24,34250.0,0.71,3.3577,-0.292,2.7737,-13.2847,-13.2847,-13.2847,-13.2847,-13.2847,기간만료,기간만료,기간만료,손절,손절,손절,손절,손절
001440,대한전선,전력·인프라,2026-04-10,2026-04-13,31000.0,-3.34,6.6129,5.1613,34.8387,26.7742,29.1935,42.2581,101.9355,116.4516,기간만료,기간만료,기간만료,기간만료,기간만료,기간만료,기간만료,기간만료
001440,대한전선,전력·인프라,2026-04-15,2026-04-16,41800.0,5.2,0.7177,-5.9809,-5.9809,-5.9809,-5.9809,-5.9809,-5.9809,-5.9809,기간만료,손절,손절,손절,손절,손절,손절,손절
001440,대한전선,전력·인프라,2026-04-16,2026-04-17,42100.0,2.68,-6.6508,-6.6508,-6.6508,-6.6508,-6.6508,-6.6508,-6.6508,-6.6508,손절,손절,손절,손절,손절,손절,손절,손절
001440,대한전선,전력·인프라,2026-04-20,2026-04-21,40600.0,0.3,-1.3547,7.1429,0.6158,8.4975,27.3399,71.4286,64.0394,31.0345,기간만료,기간만료,기간만료,기간만료,기간만료,기간만료,기간만료,20일선이탈
001440,대한전선,전력·인프라,2026-04-24,2026-04-27,44100.0,11.52,-0.1134,4.3084,17.2336,41.9501,42.8571,52.1542,20.6349,20.6349,기간만료,기간만료,기간만료,기간만료,기간만료,기간만료,기간만료,20일선이탈
001440,대한전선,전력·인프라,2026-04-29,2026-04-30,51700.0,17.18,15.4739,21.0832,34.6228,42.5532,29.7872,13.7331,2.9014,2.9014,기간만료,기간만료,기간만료,기간만료,기간만료,기간만료,20일선이탈,20일선이탈
001440,대한전선,전력·인프라,2026-04-30,2026-05-04,59700.0,22.5,4.8576,16.5829,5.5276,19.0955,11.5578,-1.8425,-10.8878,-10.8878,기간만료,기간만료,기간만료,기간만료,기간만료,기간만료,손절,손절
006260,LS,전력·인프라,2020-06-03,2020-06-04,41800.0,4.3,-5.1435,-2.6316,-4.4258,-3.7081,-10.1675,-10.1675,-10.1675,-10.1675,기간만료,기간만료,기간만료,기간만료,손절,손절,손절,손절
006260,LS,전력·인프라,2020-07-15,2020-07-16,37900.0,2.8,-1.0554,2.9024,5.6728,18.2058,11.7414,11.7414,10.5541,11.4776,기간만료,기간만료,기간만료,기간만료,기간만료,기간만료,기간만료,기간만료
006260,LS,전력·인프라,2020-07-21,2020-07-22,40850.0,13.49,9.6695,6.6095,3.672,3.5496,3.5496,1.4688,4.0392,-1.4688,기간만료,기간만료,기간만료,기간만료,기간만료,기간만료,기간만료,20일선이탈
006260,LS,전력·인프라,2020-07-22,2020-07-23,44800.0,19.42,-2.7902,-5.4688,-5.4688,-5.4688,-5.4688,-5.4688,-5.4688,-5.4688,기간만료,손절,손절,손절,손절,손절,손절,손절
006260,LS,전력·인프라,2020-08-31,2020-09-01,45350.0,-0.15,1.6538,6.1742,7.387,42.8886,30.5402,35.8324,21.72,19.7354,기간만료,기간만료,기간만료,기간만료,기간만료,기간만료,기간만료,20일선이탈
006260,LS,전력·인프라,2020-09-03,2020-09-04,48700.0,11.74,27.1047,33.0595,18.0698,22.1766,26.4887,19.3018,11.499,11.499,기간만료,기간만료,기간만료,기간만료,기간만료,기간만료,20일선이탈,20일선이탈
006260,LS,전력·인프라,2020-09-04,2020-09-07,61900.0,21.86,4.685,-7.1082,-7.1082,-7.1082,-7.1082,-7.1082,-7.1082,-7.1082,기간만료,손절,손절,손절,손절,손절,손절,손절
006260,LS,전력·인프라,2020-09-07,2020-09-08,64800.0,27.9,-11.2654,-11.2654,-11.2654,-11.2654,-11.2654,-11.2654,-11.2654,-11.2654,손절,손절,손절,손절,손절,손절,손절,손절
006260,LS,전력·인프라,2020-11-09,2020-11-10,58800.0,1.07,0.8503,0.0,-2.8912,0.0,4.7619,9.8639,9.1837,12.9252,기간만료,기간만료,기간만료,기간만료,기간만료,기간만료,기간만료,기간만료
006260,LS,전력·인프라,2020-11-23,2020-11-24,64600.0,4.13,-1.8576,-6.3467,-6.3467,-6.3467,-6.3467,-6.3467,-6.3467,-6.3467,기간만료,손절,손절,손절,손절,손절,손절,손절
006260,LS,전력·인프라,2020-12-01,2020-12-02,67300.0,2.52,0.7429,1.7831,0.2972,-4.1605,2.0802,6.9837,4.3091,6.3893,기간만료,기간만료,기간만료,기간만료,기간만료,기간만료,기간만료,기간만료
006260,LS,전력·인프라,2021-02-22,2021-02-23,75300.0,1.71,0.2656,-4.1169,-4.1169,-4.1169,-4.1169,-4.1169,-4.1169,-4.1169,기간만료,손절,손절,손절,손절,손절,손절,손절
006260,LS,전력·인프라,2021-03-29,2021-03-30,69900.0,10.46,-1.7167,-0.1431,-2.8612,-4.2918,-6.867,-6.867,-6.867,-6.867,기간만료,기간만료,기간만료,기간만료,손절,손절,손절,손절
006260,LS,전력·인프라,2021-04-26,2021-04-27,71300.0,0.81,3.0856,-0.1403,1.9635,-1.9635,2.805,8.5554,1.2623,1.2623,기간만료,기간만료,기간만료,기간만료,기간만료,기간만료,20일선이탈,20일선이탈
006260,LS,전력·인프라,2021-04-27,2021-04-28,73500.0,4.47,-3.1293,-1.0884,-0.6803,-4.898,-4.898,-4.898,-4.898,-4.898,기간만료,기간만료,기간만료,손절,손절,손절,손절,손절
006260,LS,전력·인프라,2021-07-27,2021-07-28,72800.0,7.02,0.8242,0.9615,0.5495,-3.2967,-3.2967,-3.2967,-3.2967,-3.2967,기간만료,기간만료,기간만료,기간만료,20일선이탈,20일선이탈,20일선이탈,20일선이탈
006260,LS,전력·인프라,2022-01-13,2022-01-14,57900.0,1.02,-1.0363,-4.3178,-7.5993,-7.5993,-7.5993,-7.5993,-7.5993,-7.5993,기간만료,기간만료,손절,손절,손절,손절,손절,손절
006260,LS,전력·인프라,2022-03-02,2022-03-03,49900.0,10.09,0.1002,1.4028,3.006,0.8016,2.4048,2.4048,5.2104,5.8116,기간만료,기간만료,기간만료,기간만료,기간만료,기간만료,기간만료,기간만료
006260,LS,전력·인프라,2022-04-08,2022-04-11,52400.0,0.47,4.1985,3.0534,5.916,14.313,13.5496,11.6412,8.7786,8.0153,기간만료,기간만료,기간만료,기간만료,기간만료,기간만료,기간만료,20일선이탈
006260,LS,전력·인프라,2022-04-11,2022-04-12,54600.0,-3.21,-1.0989,1.6484,8.0586,8.2418,9.1575,5.8608,4.7619,3.663,기간만료,기간만료,기간만료,기간만료,기간만료,기간만료,기간만료,20일선이탈
006260,LS,전력·인프라,2022-04-14,2022-04-15,59000.0,1.2,1.5254,0.1695,0.8475,1.5254,-2.0339,-3.0508,-4.0678,-4.0678,기간만료,기간만료,기간만료,기간만료,기간만료,기간만료,20일선이탈,20일선이탈
006260,LS,전력·인프라,2022-05-31,2022-06-02,66900.0,9.56,0.1495,2.3916,0.8969,-0.7474,-5.9791,-6.278,-6.278,-6.278,기간만료,기간만료,기간만료,기간만료,기간만료,손절,손절,손절
006260,LS,전력·인프라,2022-10-07,2022-10-11,60100.0,-4.48,-1.4975,-1.4975,-1.4975,-1.4975,-1.4975,-1.4975,-1.4975,-1.4975,기간만료,20일선이탈,20일선이탈,20일선이탈,20일선이탈,20일선이탈,20일선이탈,20일선이탈
006260,LS,전력·인프라,2022-11-22,2022-11-23,71300.0,16.3,3.2258,1.5428,5.1893,4.2076,1.2623,-2.1038,-2.1038,-2.1038,기간만료,기간만료,기간만료,기간만료,기간만료,20일선이탈,20일선이탈,20일선이탈
006260,LS,전력·인프라,2022-11-23,2022-11-24,73600.0,16.87,-1.6304,1.9022,1.087,2.9891,-2.8533,-5.163,-5.163,-5.163,기간만료,기간만료,기간만료,기간만료,기간만료,20일선이탈,20일선이탈,20일선이탈
006260,LS,전력·인프라,2023-03-02,2023-03-03,70500.0,0.3,0.8511,-0.4255,0.1418,-1.5603,-3.4043,-3.4043,-3.4043,-3.4043,기간만료,기간만료,기간만료,기간만료,기간만료,20일선이탈,20일선이탈,20일선이탈
006260,LS,전력·인프라,2023-03-15,2023-03-16,70900.0,7.32,-0.7052,-1.2694,0.4231,1.6925,2.1157,11.2835,9.0268,24.1185,기간만료,기간만료,기간만료,기간만료,기간만료,기간만료,기간만료,기간만료
006260,LS,전력·인프라,2023-03-27,2023-03-28,77400.0,3.48,3.7468,1.938,2.4548,1.6796,-0.1292,4.0052,20.4134,20.801,기간만료,기간만료,기간만료,기간만료,기간만료,기간만료,기간만료,기간만료
006260,LS,전력·인프라,2023-03-28,2023-03-29,80300.0,4.83,-1.7435,-1.2453,0.2491,-0.3736,-3.6115,-5.3549,-5.3549,-5.3549,기간만료,기간만료,기간만료,기간만료,기간만료,손절,손절,손절
006260,LS,전력·인프라,2023-04-11,2023-04-12,84200.0,0.32,4.5131,10.6888,12.3515,11.4014,12.8266,9.3824,9.2637,14.0143,기간만료,기간만료,기간만료,기간만료,기간만료,기간만료,기간만료,기간만료
006260,LS,전력·인프라,2023-04-12,2023-04-13,88000.0,0.4,5.9091,7.5,5.9091,12.1591,5.3409,2.2727,6.1364,5.2273,기간만료,기간만료,기간만료,기간만료,기간만료,기간만료,기간만료,기간만료
006260,LS,전력·인프라,2023-04-13,2023-04-14,93200.0,3.9,1.5021,0.0,0.6438,1.9313,0.3219,0.2146,1.6094,-0.6438,기간만료,기간만료,기간만료,기간만료,기간만료,기간만료,기간만료,20일선이탈
006260,LS,전력·인프라,2023-06-16,2023-06-19,98000.0,6.75,-1.9388,-6.1224,-6.1224,-6.1224,-6.1224,-6.1224,-6.1224,-6.1224,기간만료,손절,손절,손절,손절,손절,손절,손절
006260,LS,전력·인프라,2023-07-25,2023-07-26,138000.0,15.21,-16.7391,-16.7391,-16.7391,-16.7391,-16.7391,-16.7391,-16.7391,-16.7391,손절,손절,손절,손절,손절,손절,손절,손절
006260,LS,전력·인프라,2023-08-02,2023-08-03,122100.0,10.82,-7.6167,-7.6167,-7.6167,-7.6167,-7.6167,-7.6167,-7.6167,-7.6167,손절,손절,손절,손절,손절,손절,손절,손절
006260,LS,전력·인프라,2023-12-04,2023-12-05,86500.0,5.75,0.9249,0.8092,-0.4624,-0.578,-1.8497,-1.8497,-1.8497,-1.8497,기간만료,기간만료,기간만료,기간만료,기간만료,20일선이탈,20일선이탈,20일선이탈
006260,LS,전력·인프라,2024-01-30,2024-01-31,87400.0,9.76,4.119,10.984,18.9931,12.2426,11.8993,4.8055,9.9542,2.4027,기간만료,기간만료,기간만료,기간만료,기간만료,기간만료,기간만료,20일선이탈
006260,LS,전력·인프라,2024-02-01,2024-02-02,97000.0,6.06,7.2165,6.1856,1.134,0.8247,-5.3608,-5.3608,-5.3608,-5.3608,기간만료,기간만료,기간만료,기간만료,손절,손절,손절,손절
006260,LS,전력·인프라,2024-02-02,2024-02-05,104000.0,4.38,-0.9615,-5.6731,-5.6731,-5.6731,-5.6731,-5.6731,-5.6731,-5.6731,기간만료,손절,손절,손절,손절,손절,손절,손절
006260,LS,전력·인프라,2024-03-14,2024-03-15,102000.0,16.83,4.0196,9.8039,5.2941,9.1176,8.4314,13.0392,1.9608,1.9608,기간만료,기간만료,기간만료,기간만료,기간만료,기간만료,20일선이탈,20일선이탈
006260,LS,전력·인프라,2024-03-18,2024-03-19,112000.0,21.63,-4.1071,-4.8214,-4.8214,-4.8214,-4.8214,-4.8214,-4.8214,-4.8214,기간만료,손절,손절,손절,손절,손절,손절,손절
006260,LS,전력·인프라,2024-04-12,2024-04-15,125400.0,16.67,-1.4354,-10.925,-10.925,-10.925,-10.925,-10.925,-10.925,-10.925,기간만료,손절,손절,손절,손절,손절,손절,손절
006260,LS,전력·인프라,2024-04-15,2024-04-16,123600.0,17.87,-9.6278,-9.6278,-9.6278,-9.6278,-9.6278,-9.6278,-9.6278,-9.6278,손절,손절,손절,손절,손절,손절,손절,손절
006260,LS,전력·인프라,2024-04-18,2024-04-19,129100.0,18.73,-0.6197,-0.4648,-4.1053,-4.1053,-4.1053,-4.1053,-4.1053,-4.1053,기간만료,기간만료,손절,손절,손절,손절,손절,손절
006260,LS,전력·인프라,2024-04-29,2024-04-30,140000.0,20.82,-3.4286,-1.3571,-3.6429,-3.6429,-3.6429,-3.6429,-3.6429,-3.6429,기간만료,기간만료,손절,손절,손절,손절,손절,손절
006260,LS,전력·인프라,2024-05-13,2024-05-14,153100.0,16.92,1.9595,4.6375,13.5206,20.1829,6.0091,22.7956,5.7479,5.7479,기간만료,기간만료,기간만료,기간만료,기간만료,기간만료,기간만료,20일선이탈
006260,LS,전력·인프라,2024-07-10,2024-07-11,159800.0,3.96,-2.5031,-5.3817,-5.3817,-5.3817,-5.3817,-5.3817,-5.3817,-5.3817,기간만료,손절,손절,손절,손절,손절,손절,손절
006260,LS,전력·인프라,2024-09-25,2024-09-26,124900.0,1.72,4.0833,2.7222,-3.2026,0.0801,-0.7206,1.6813,-2.9624,-2.9624,기간만료,기간만료,기간만료,기간만료,기간만료,기간만료,손절,손절
006260,LS,전력·인프라,2025-01-16,2025-01-17,116300.0,10.38,2.3216,-0.172,-0.5159,4.0413,-1.1178,-3.4394,-3.4394,-3.4394,기간만료,기간만료,기간만료,기간만료,기간만료,손절,손절,손절
006260,LS,전력·인프라,2025-01-17,2025-01-20,119000.0,12.02,-2.437,-2.7731,2.0168,-1.3445,-5.6303,-5.6303,-5.6303,-5.6303,기간만료,기간만료,기간만료,기간만료,손절,손절,손절,손절
006260,LS,전력·인프라,2025-03-13,2025-03-14,127400.0,-5.48,2.5118,-3.9246,-4.8666,-6.2009,-6.2009,-6.2009,-6.2009,-6.2009,기간만료,기간만료,기간만료,손절,손절,손절,손절,손절
006260,LS,전력·인프라,2025-03-14,2025-03-17,130600.0,-3.31,-6.2787,-6.2787,-6.2787,-6.2787,-6.2787,-6.2787,-6.2787,-6.2787,손절,손절,손절,손절,손절,손절,손절,손절
006260,LS,전력·인프라,2025-05-28,2025-05-29,156100.0,15.12,5.5093,0.5125,6.7905,18.6419,11.6592,9.7373,10.9545,21.7168,기간만료,기간만료,기간만료,기간만료,기간만료,기간만료,기간만료,기간만료
006260,LS,전력·인프라,2025-10-20,2025-10-21,199100.0,-0.16,-0.9543,1.2054,3.4656,7.9859,10.7484,14.0131,2.9633,2.9633,기간만료,기간만료,기간만료,기간만료,기간만료,기간만료,20일선이탈,20일선이탈
006260,LS,전력·인프라,2025-11-03,2025-11-04,227000.0,25.87,-4.8458,-6.1674,-6.1674,-6.1674,-6.1674,-6.1674,-6.1674,-6.1674,기간만료,손절,손절,손절,손절,손절,손절,손절
006260,LS,전력·인프라,2025-12-12,2025-12-15,190900.0,-0.73,-1.4144,3.3525,-4.2954,-2.5144,-2.5144,-2.5144,-2.5144,-2.5144,기간만료,기간만료,기간만료,20일선이탈,20일선이탈,20일선이탈,20일선이탈,20일선이탈
006260,LS,전력·인프라,2025-12-16,2025-12-17,197300.0,0.48,-7.3999,-5.6766,-5.6766,-5.6766,-5.6766,-5.6766,-5.6766,-5.6766,기간만료,손절,손절,손절,손절,손절,손절,손절
006260,LS,전력·인프라,2025-12-29,2025-12-30,199800.0,-6.5,0.0501,4.1041,8.1081,2.8529,3.1031,11.6116,11.8619,10.3604,기간만료,기간만료,기간만료,기간만료,기간만료,기간만료,기간만료,기간만료
006260,LS,전력·인프라,2026-01-26,2026-01-27,230000.0,-0.89,-1.9565,-4.1304,3.913,-10.6522,-10.6522,-10.6522,-10.6522,-10.6522,기간만료,기간만료,기간만료,손절,손절,손절,손절,손절
006260,LS,전력·인프라,2026-04-15,2026-04-16,342500.0,5.2,-1.4599,-1.8978,-1.6058,8.4672,23.3577,23.2117,59.4161,38.2482,기간만료,기간만료,기간만료,기간만료,기간만료,기간만료,기간만료,기간만료
052690,한전기술,전력·인프라,2020-05-27,2020-05-28,17350.0,5.03,-4.0346,-4.611,-4.611,-4.611,-4.611,-4.611,-4.611,-4.611,기간만료,기간만료,20일선이탈,20일선이탈,20일선이탈,20일선이탈,20일선이탈,20일선이탈
052690,한전기술,전력·인프라,2020-07-21,2020-07-22,17000.0,13.49,-0.5882,-5.0,-4.7059,-4.7059,-4.7059,-4.7059,-4.7059,-4.7059,기간만료,기간만료,손절,손절,손절,손절,손절,손절
052690,한전기술,전력·인프라,2020-08-04,2020-08-05,17100.0,18.01,-1.462,0.5848,-0.5848,2.0468,2.3392,-4.386,-4.386,-4.386,기간만료,기간만료,기간만료,기간만료,기간만료,20일선이탈,20일선이탈,20일선이탈
052690,한전기술,전력·인프라,2020-08-06,2020-08-07,17200.0,17.25,-1.1628,-1.7442,1.4535,1.7442,-4.9419,-4.9419,-4.9419,-4.9419,기간만료,기간만료,기간만료,기간만료,기간만료,20일선이탈,20일선이탈,20일선이탈
052690,한전기술,전력·인프라,2020-08-11,2020-08-12,17450.0,15.69,-0.8596,0.2865,0.5731,-6.3037,-6.3037,-6.3037,-6.3037,-6.3037,기간만료,기간만료,기간만료,손절,손절,손절,손절,손절
052690,한전기술,전력·인프라,2020-09-04,2020-09-07,17400.0,21.86,4.5977,3.4483,4.023,1.4368,-0.8621,-2.2989,-2.0115,-2.0115,기간만료,기간만료,기간만료,기간만료,기간만료,기간만료,20일선이탈,20일선이탈
052690,한전기술,전력·인프라,2020-09-07,2020-09-08,18200.0,27.9,-1.0989,-0.5495,-1.3736,-3.2967,-5.2198,-5.2198,-5.2198,-5.2198,기간만료,기간만료,기간만료,기간만료,손절,손절,손절,손절
052690,한전기술,전력·인프라,2020-10-19,2020-10-20,16700.0,-1.19,-2.0958,-2.0958,-2.0958,-2.0958,-2.0958,-2.0958,-2.0958,-2.0958,기간만료,20일선이탈,20일선이탈,20일선이탈,20일선이탈,20일선이탈,20일선이탈,20일선이탈
052690,한전기술,전력·인프라,2020-11-24,2020-11-25,17300.0,4.4,-2.6012,-3.7572,-4.0462,-4.0462,-4.0462,-4.0462,-4.0462,-4.0462,기간만료,기간만료,기간만료,20일선이탈,20일선이탈,20일선이탈,20일선이탈,20일선이탈
052690,한전기술,전력·인프라,2020-12-18,2020-12-21,18450.0,1.45,-3.252,-7.0461,-7.0461,-7.0461,-7.0461,-7.0461,-7.0461,-7.0461,기간만료,손절,손절,손절,손절,손절,손절,손절
052690,한전기술,전력·인프라,2021-03-04,2021-03-05,19100.0,1.66,3.6649,5.2356,4.9738,7.5916,4.9738,9.9476,8.6387,20.6806,기간만료,기간만료,기간만료,기간만료,기간만료,기간만료,기간만료,기간만료
052690,한전기술,전력·인프라,2021-03-05,2021-03-08,19800.0,2.15,1.5152,1.2626,-0.7576,2.5253,4.5455,8.0808,5.0505,32.3232,기간만료,기간만료,기간만료,기간만료,기간만료,기간만료,기간만료,기간만료
052690,한전기술,전력·인프라,2021-03-17,2021-03-18,21750.0,3.22,-3.4483,-1.6092,-1.3793,-4.8276,-4.8276,-4.8276,-4.8276,-4.8276,기간만료,기간만료,기간만료,손절,손절,손절,손절,손절
052690,한전기술,전력·인프라,2021-04-02,2021-04-05,26200.0,5.86,1.5267,9.1603,6.2977,8.5878,19.4656,42.7481,49.6183,46.5649,기간만료,기간만료,기간만료,기간만료,기간만료,기간만료,기간만료,기간만료
052690,한전기술,전력·인프라,2021-04-06,2021-04-07,28600.0,7.0,-2.6224,-1.7483,-0.5245,9.4406,29.1958,47.9021,38.6364,15.5594,기간만료,기간만료,기간만료,기간만료,기간만료,기간만료,기간만료,기간만료
052690,한전기술,전력·인프라,2021-04-12,2021-04-13,31200.0,6.95,0.3205,12.0192,18.4295,20.1923,40.8654,20.9936,13.7821,5.9295,기간만료,기간만료,기간만료,기간만료,기간만료,기간만료,기간만료,20일선이탈
052690,한전기술,전력·인프라,2021-04-14,2021-04-15,34950.0,4.09,5.7225,7.01,7.2961,25.7511,12.1602,10.3004,-5.4363,-5.4363,기간만료,기간만료,기간만료,기간만료,기간만료,기간만료,20일선이탈,20일선이탈
052690,한전기술,전력·인프라,2021-04-15,2021-04-16,36950.0,6.33,1.2179,1.4885,14.479,34.2355,2.1651,-1.2179,-10.5548,-10.5548,기간만료,기간만료,기간만료,기간만료,기간만료,기간만료,손절,손절
052690,한전기술,전력·인프라,2021-04-20,2021-04-21,42300.0,8.99,3.9007,17.2577,-7.3286,-10.7565,-10.7565,-10.7565,-10.7565,-10.7565,기간만료,기간만료,기간만료,손절,손절,손절,손절,손절
052690,한전기술,전력·인프라,2021-04-22,2021-04-23,49600.0,9.62,-20.9677,-20.9677,-20.9677,-20.9677,-20.9677,-20.9677,-20.9677,-20.9677,손절,손절,손절,손절,손절,손절,손절,손절
052690,한전기술,전력·인프라,2021-05-13,2021-05-14,40850.0,3.08,2.3256,6.4871,13.8311,25.8262,16.5239,42.7173,44.4308,27.7846,기간만료,기간만료,기간만료,기간만료,기간만료,기간만료,기간만료,기간만료
052690,한전기술,전력·인프라,2021-05-20,2021-05-21,52900.0,3.56,-2.8355,-2.8355,-2.8355,-2.8355,-2.8355,-2.8355,-2.8355,-2.8355,손절,손절,손절,손절,손절,손절,손절,손절
052690,한전기술,전력·인프라,2021-05-26,2021-05-27,54300.0,10.44,2.2099,7.3665,7.919,6.4457,8.6556,2.9466,-3.8674,-3.8674,기간만료,기간만료,기간만료,기간만료,기간만료,기간만료,20일선이탈,20일선이탈
052690,한전기술,전력·인프라,2021-07-06,2021-07-07,55800.0,-3.61,-3.0466,-7.3477,-7.3477,-7.3477,-7.3477,-7.3477,-7.3477,-7.3477,기간만료,손절,손절,손절,손절,손절,손절,손절
052690,한전기술,전력·인프라,2021-07-09,2021-07-12,58000.0,-2.6,-5.6897,-5.6897,-5.6897,-5.6897,-5.6897,-5.6897,-5.6897,-5.6897,손절,손절,손절,손절,손절,손절,손절,손절
052690,한전기술,전력·인프라,2021-07-20,2021-07-21,60900.0,4.19,-0.6568,-5.0903,-6.8966,-6.8966,-6.8966,-6.8966,-6.8966,-6.8966,기간만료,기간만료,손절,손절,손절,손절,손절,손절
052690,한전기술,전력·인프라,2021-10-05,2021-10-06,51800.0,6.86,-7.722,-7.722,-7.722,-7.722,-7.722,-7.722,-7.722,-7.722,손절,손절,손절,손절,손절,손절,손절,손절
052690,한전기술,전력·인프라,2021-10-13,2021-10-14,49800.0,4.45,5.0201,19.2771,20.2811,14.8594,36.1446,47.5904,46.7871,90.1606,기간만료,기간만료,기간만료,기간만료,기간만료,기간만료,기간만료,기간만료
052690,한전기술,전력·인프라,2021-10-14,2021-10-15,52300.0,4.78,13.5755,14.5315,16.4436,20.4589,37.8585,34.7992,67.4952,78.9675,기간만료,기간만료,기간만료,기간만료,기간만료,기간만료,기간만료,기간만료
052690,한전기술,전력·인프라,2021-10-15,2021-10-18,59400.0,7.68,0.8418,2.5253,-3.7037,14.1414,23.9057,21.2121,51.3468,67.3401,기간만료,기간만료,기간만료,기간만료,기간만료,기간만료,기간만료,기간만료
052690,한전기술,전력·인프라,2021-10-21,2021-10-22,63000.0,3.03,7.619,14.4444,16.8254,11.9048,10.3175,39.0476,48.5714,68.254,기간만료,기간만료,기간만료,기간만료,기간만료,기간만료,기간만료,기간만료
052690,한전기술,전력·인프라,2021-10-22,2021-10-25,67800.0,3.4,6.3422,8.5546,8.4071,6.1947,9.882,32.5959,46.6077,51.1799,기간만료,기간만료,기간만료,기간만료,기간만료,기간만료,기간만료,기간만료
052690,한전기술,전력·인프라,2021-10-25,2021-10-26,72100.0,6.78,2.0804,1.9417,-2.2191,-3.6061,1.387,25.2427,34.6741,38.6963,기간만료,기간만료,기간만료,기간만료,기간만료,기간만료,기간만료,기간만료
052690,한전기술,전력·인프라,2021-11-04,2021-11-05,87600.0,7.88,2.6256,3.0822,7.4201,6.8493,10.8447,21.0046,3.5388,3.5388,기간만료,기간만료,기간만료,기간만료,기간만료,기간만료,기간만료,20일선이탈
052690,한전기술,전력·인프라,2021-11-09,2021-11-10,94100.0,9.8,0.6376,-0.5313,5.6323,11.0521,12.6461,2.5505,-3.6132,-3.6132,기간만료,기간만료,기간만료,기간만료,기간만료,기간만료,20일선이탈,20일선이탈
052690,한전기술,전력·인프라,2022-02-18,2022-02-21,87200.0,2.6,0.0,0.0,-5.3899,-2.0642,5.0459,2.5229,6.5367,-0.2294,기간만료,기간만료,기간만료,기간만료,기간만료,기간만료,기간만료,20일선이탈
052690,한전기술,전력·인프라,2022-02-25,2022-02-28,85400.0,7.57,3.2787,7.26,8.4309,4.6838,4.2155,8.7822,1.8735,1.8735,기간만료,기간만료,기간만료,기간만료,기간만료,기간만료,20일선이탈,20일선이탈
052690,한전기술,전력·인프라,2022-03-03,2022-03-04,92600.0,9.31,-1.1879,-3.4557,-3.8877,3.0238,0.324,-6.0475,-6.0475,-6.0475,기간만료,기간만료,기간만료,기간만료,기간만료,손절,손절,손절
052690,한전기술,전력·인프라,2022-05-04,2022-05-06,81800.0,10.33,2.6895,-3.423,-5.9902,-5.9902,-5.9902,-5.9902,-5.9902,-5.9902,기간만료,기간만료,손절,손절,손절,손절,손절,손절
052690,한전기술,전력·인프라,2022-05-06,2022-05-10,84000.0,11.8,-5.9524,-8.4524,-8.4524,-8.4524,-8.4524,-8.4524,-8.4524,-8.4524,기간만료,손절,손절,손절,손절,손절,손절,손절
052690,한전기술,전력·인프라,2022-06-28,2022-06-29,70400.0,11.75,3.6932,-0.2841,-1.4205,-3.5511,-3.5511,-3.5511,-3.5511,-3.5511,기간만료,기간만료,기간만료,손절,손절,손절,손절,손절
052690,한전기술,전력·인프라,2022-08-10,2022-08-11,72600.0,5.87,-0.4132,-0.2755,0.2755,4.1322,-1.1019,12.5344,-3.5813,-3.5813,기간만료,기간만료,기간만료,기간만료,기간만료,기간만료,기간만료,20일선이탈
052690,한전기술,전력·인프라,2022-08-25,2022-08-26,81700.0,13.02,-10.1591,-10.1591,-10.1591,-10.1591,-10.1591,-10.1591,-10.1591,-10.1591,손절,손절,손절,손절,손절,손절,손절,손절
052690,한전기술,전력·인프라,2022-11-01,2022-11-02,63000.0,2.43,-9.5238,-9.5238,-9.5238,-9.5238,-9.5238,-9.5238,-9.5238,-9.5238,손절,손절,손절,손절,손절,손절,손절,손절
052690,한전기술,전력·인프라,2022-11-03,2022-11-04,63100.0,1.91,1.4263,-0.1585,2.0602,2.6941,2.3772,2.5357,1.5848,-3.962,기간만료,기간만료,기간만료,기간만료,기간만료,기간만료,기간만료,20일선이탈
052690,한전기술,전력·인프라,2022-11-16,2022-11-17,67200.0,11.05,-3.7202,-6.25,-6.25,-6.25,-6.25,-6.25,-6.25,-6.25,기간만료,손절,손절,손절,손절,손절,손절,손절
052690,한전기술,전력·인프라,2023-01-10,2023-01-11,63000.0,-2.4,-0.9524,-0.4762,3.1746,-3.4921,-3.9683,2.381,3.4921,0.0,기간만료,기간만료,기간만료,기간만료,기간만료,기간만료,기간만료,기간만료
052690,한전기술,전력·인프라,2023-03-08,2023-03-09,70700.0,3.44,1.6973,0.4243,-0.8487,-2.546,-2.546,-2.546,-2.546,-2.546,기간만료,기간만료,기간만료,손절,손절,손절,손절,손절
052690,한전기술,전력·인프라,2023-03-09,2023-03-10,71900.0,5.22,-1.2517,-2.5035,-4.1725,-4.1725,-4.1725,-4.1725,-4.1725,-4.1725,기간만료,기간만료,손절,손절,손절,손절,손절,손절
052690,한전기술,전력·인프라,2023-04-17,2023-04-18,84300.0,9.46,-7.1174,-7.1174,-7.1174,-7.1174,-7.1174,-7.1174,-7.1174,-7.1174,손절,손절,손절,손절,손절,손절,손절,손절
052690,한전기술,전력·인프라,2023-06-09,2023-06-12,73500.0,1.83,-2.9932,-2.0408,-4.2177,-4.2177,-4.2177,-4.2177,-4.2177,-4.2177,기간만료,기간만료,기간만료,손절,손절,손절,손절,손절
052690,한전기술,전력·인프라,2023-06-20,2023-06-21,76500.0,11.39,-5.3595,-5.8824,-5.8824,-5.8824,-5.8824,-5.8824,-5.8824,-5.8824,기간만료,손절,손절,손절,손절,손절,손절,손절
052690,한전기술,전력·인프라,2023-07-11,2023-07-12,78000.0,15.51,-1.6667,0.5128,-4.6154,-6.0256,-6.0256,-6.0256,-6.0256,-6.0256,기간만료,기간만료,기간만료,손절,손절,손절,손절,손절
052690,한전기술,전력·인프라,2023-07-13,2023-07-14,78400.0,17.07,-5.102,-6.5051,-6.5051,-6.5051,-6.5051,-6.5051,-6.5051,-6.5051,기간만료,손절,손절,손절,손절,손절,손절,손절
052690,한전기술,전력·인프라,2023-09-19,2023-09-20,65800.0,3.04,-4.2553,-4.2553,-4.2553,-4.2553,-4.2553,-4.2553,-4.2553,-4.2553,기간만료,20일선이탈,20일선이탈,20일선이탈,20일선이탈,20일선이탈,20일선이탈,20일선이탈
052690,한전기술,전력·인프라,2024-01-05,2024-01-08,65200.0,-5.82,0.9202,2.454,1.9939,3.5276,5.2147,7.6687,7.0552,-0.7669,기간만료,기간만료,기간만료,기간만료,기간만료,기간만료,기간만료,20일선이탈
052690,한전기술,전력·인프라,2024-01-16,2024-01-17,68600.0,-0.55,-0.1458,3.4985,2.3324,-1.312,0.4373,-5.6851,-5.6851,-5.6851,기간만료,기간만료,기간만료,기간만료,기간만료,기간만료,20일선이탈,20일선이탈
052690,한전기술,전력·인프라,2024-01-18,2024-01-19,71000.0,4.04,-1.1268,-2.9577,-4.6479,-6.338,-6.338,-6.338,-6.338,-6.338,기간만료,기간만료,기간만료,손절,손절,손절,손절,손절
052690,한전기술,전력·인프라,2024-02-21,2024-02-22,70500.0,4.09,3.2624,2.9787,1.4184,0.2837,-0.8511,-0.7092,3.6879,-2.1277,기간만료,기간만료,기간만료,기간만료,기간만료,기간만료,기간만료,20일선이탈
052690,한전기술,전력·인프라,2024-03-11,2024-03-12,72400.0,11.93,1.105,0.5525,0.9669,-4.6961,-4.6961,-4.6961,-4.6961,-4.6961,기간만료,기간만료,기간만료,20일선이탈,20일선이탈,20일선이탈,20일선이탈,20일선이탈
052690,한전기술,전력·인프라,2024-04-29,2024-04-30,65500.0,20.82,0.0,1.0687,-0.916,1.5267,3.8168,5.6489,7.3282,4.5802,기간만료,기간만료,기간만료,기간만료,기간만료,기간만료,기간만료,기간만료
052690,한전기술,전력·인프라,2024-05-22,2024-05-23,73200.0,19.13,-3.9617,-1.3661,0.4098,-5.1913,-6.4208,-6.4208,-6.4208,-6.4208,기간만료,기간만료,기간만료,기간만료,손절,손절,손절,손절
052690,한전기술,전력·인프라,2024-05-27,2024-05-28,73500.0,26.59,-0.6803,-5.5782,-6.8027,-6.8027,-6.8027,-6.8027,-6.8027,-6.8027,기간만료,기간만료,손절,손절,손절,손절,손절,손절
052690,한전기술,전력·인프라,2024-07-08,2024-07-09,73400.0,-4.3,2.1798,-1.2262,-4.9046,6.9482,29.4278,0.0,-2.9973,-2.9973,기간만료,기간만료,기간만료,기간만료,기간만료,기간만료,20일선이탈,20일선이탈
052690,한전기술,전력·인프라,2024-07-09,2024-07-10,75000.0,-0.95,-3.3333,-6.9333,-6.9333,-6.9333,-6.9333,-6.9333,-6.9333,-6.9333,기간만료,손절,손절,손절,손절,손절,손절,손절
052690,한전기술,전력·인프라,2024-07-12,2024-07-15,76400.0,0.84,2.7487,0.3927,24.3455,-4.3194,-6.4136,-6.4136,-6.4136,-6.4136,기간만료,기간만료,기간만료,기간만료,손절,손절,손절,손절
052690,한전기술,전력·인프라,2024-07-15,2024-07-16,78500.0,0.73,-2.293,21.0191,5.4777,-6.879,-6.879,-6.879,-6.879,-6.879,기간만료,기간만료,기간만료,손절,손절,손절,손절,손절
052690,한전기술,전력·인프라,2024-07-18,2024-07-19,82800.0,-2.16,-11.715,-11.715,-11.715,-11.715,-11.715,-11.715,-11.715,-11.715,손절,손절,손절,손절,손절,손절,손절,손절
052690,한전기술,전력·인프라,2024-10-17,2024-10-18,69000.0,11.72,1.7391,3.7681,4.058,1.7391,5.2174,1.0145,-2.1739,-2.1739,기간만료,기간만료,기간만료,기간만료,기간만료,기간만료,20일선이탈,20일선이탈
052690,한전기술,전력·인프라,2024-10-21,2024-10-22,71600.0,9.72,0.2793,-1.5363,-1.9553,1.3966,-5.0279,-5.7263,-5.7263,-5.7263,기간만료,기간만료,기간만료,기간만료,기간만료,손절,손절,손절
052690,한전기술,전력·인프라,2025-01-10,2025-01-13,59300.0,6.15,0.8432,3.0354,5.9022,9.7808,13.9966,14.3339,13.1535,19.0556,기간만료,기간만료,기간만료,기간만료,기간만료,기간만료,기간만료,기간만료
052690,한전기술,전력·인프라,2025-01-17,2025-01-20,65100.0,12.02,-0.768,3.8402,4.7619,4.1475,3.2258,3.0722,8.4485,5.8372,기간만료,기간만료,기간만료,기간만료,기간만료,기간만료,기간만료,기간만료
052690,한전기술,전력·인프라,2025-02-14,2025-02-17,70100.0,9.12,-0.1427,2.8531,-0.7133,-3.281,-3.281,-3.281,-3.281,-3.281,기간만료,기간만료,기간만료,기간만료,20일선이탈,20일선이탈,20일선이탈,20일선이탈
052690,한전기술,전력·인프라,2025-04-18,2025-04-21,64300.0,5.47,-1.2442,-0.4666,-2.0218,1.8663,4.8212,-1.3997,-4.0435,-4.0435,기간만료,기간만료,기간만료,기간만료,기간만료,기간만료,20일선이탈,20일선이탈
052690,한전기술,전력·인프라,2025-05-16,2025-05-19,66200.0,12.97,-4.2296,-4.2296,-4.2296,-4.2296,-4.2296,-4.2296,-4.2296,-4.2296,손절,손절,손절,손절,손절,손절,손절,손절
052690,한전기술,전력·인프라,2025-05-23,2025-05-26,66900.0,21.8,-4.4843,-1.1958,-7.4738,-7.4738,-7.4738,-7.4738,-7.4738,-7.4738,기간만료,기간만료,손절,손절,손절,손절,손절,손절
052690,한전기술,전력·인프라,2025-06-05,2025-06-09,77400.0,13.12,-6.5891,-6.5891,-6.5891,-6.5891,-6.5891,-6.5891,-6.5891,-6.5891,손절,손절,손절,손절,손절,손절,손절,손절
052690,한전기술,전력·인프라,2025-06-12,2025-06-13,90700.0,15.09,14.9945,18.6329,10.6946,29.3275,24.0353,20.7277,7.4972,7.4972,기간만료,기간만료,기간만료,기간만료,기간만료,기간만료,20일선이탈,20일선이탈
052690,한전기술,전력·인프라,2025-06-13,2025-06-16,104300.0,16.25,3.164,-3.7392,0.0,2.4928,13.3269,1.6299,-6.5197,-6.5197,기간만료,기간만료,기간만료,기간만료,기간만료,기간만료,손절,손절
052690,한전기술,전력·인프라,2025-07-29,2025-07-30,94100.0,-1.3,1.0627,-3.0818,-9.6706,-9.6706,-9.6706,-9.6706,-9.6706,-9.6706,기간만료,기간만료,손절,손절,손절,손절,손절,손절
052690,한전기술,전력·인프라,2025-08-06,2025-08-07,97000.0,5.9,-1.4433,-0.5155,3.0928,-1.3402,-5.1546,-16.0825,-16.0825,-16.0825,기간만료,기간만료,기간만료,기간만료,기간만료,손절,손절,손절
052690,한전기술,전력·인프라,2025-08-21,2025-08-22,105000.0,-1.14,-3.2381,-7.619,-10.2857,-10.2857,-10.2857,-10.2857,-10.2857,-10.2857,기간만료,기간만료,손절,손절,손절,손절,손절,손절
052690,한전기술,전력·인프라,2025-10-15,2025-10-16,98500.0,1.56,-4.5685,0.7107,1.5228,4.264,11.4721,10.7614,-1.1168,-1.1168,기간만료,기간만료,기간만료,기간만료,기간만료,기간만료,기간만료,20일선이탈
052690,한전기술,전력·인프라,2025-10-21,2025-10-22,104300.0,1.81,-1.534,4.7939,5.2733,11.697,-0.9588,-5.465,-6.6155,-6.6155,기간만료,기간만료,기간만료,기간만료,기간만료,기간만료,손절,손절
052690,한전기술,전력·인프라,2025-10-29,2025-10-30,109100.0,18.99,-5.3162,-6.7828,-6.7828,-6.7828,-6.7828,-6.7828,-6.7828,-6.7828,기간만료,손절,손절,손절,손절,손절,손절,손절
052690,한전기술,전력·인프라,2025-12-05,2025-12-08,98800.0,-1.66,-3.0364,-2.7328,-1.7206,4.9595,-4.5547,-4.5547,-4.5547,-4.5547,기간만료,기간만료,기간만료,기간만료,손절,손절,손절,손절
052690,한전기술,전력·인프라,2025-12-11,2025-12-12,102600.0,-3.52,1.0721,-6.0429,-6.0429,-6.0429,-6.0429,-6.0429,-6.0429,-6.0429,기간만료,손절,손절,손절,손절,손절,손절,손절
052690,한전기술,전력·인프라,2026-01-12,2026-01-13,102000.0,-4.92,2.9412,12.3529,12.549,29.4118,39.6078,56.3725,24.3137,48.4314,기간만료,기간만료,기간만료,기간만료,기간만료,기간만료,기간만료,기간만료
052690,한전기술,전력·인프라,2026-01-14,2026-01-15,114600.0,-5.76,0.1745,13.438,15.1832,24.2583,20.8551,17.2775,27.2251,26.0908,기간만료,기간만료,기간만료,기간만료,기간만료,기간만료,기간만료,기간만료
052690,한전기술,전력·인프라,2026-01-16,2026-01-19,130000.0,-6.93,1.5385,7.9231,9.5385,6.5385,4.6923,-2.0,16.6923,16.6154,기간만료,기간만료,기간만료,기간만료,기간만료,기간만료,기간만료,기간만료
052690,한전기술,전력·인프라,2026-01-20,2026-01-21,140300.0,2.51,1.4968,-2.7085,-1.283,-2.9936,-3.0649,-9.1946,-9.1946,-9.1946,기간만료,기간만료,기간만료,기간만료,기간만료,손절,손절,손절
052690,한전기술,전력·인프라,2026-02-04,2026-02-05,145800.0,5.37,1.3717,4.0466,3.8409,-0.8916,3.9781,11.9342,2.1262,1.5089,기간만료,기간만료,기간만료,기간만료,기간만료,기간만료,기간만료,손절
052690,한전기술,전력·인프라,2026-04-16,2026-04-17,189500.0,2.68,-2.3747,-4.2216,-4.2216,-4.2216,-4.2216,-4.2216,-4.2216,-4.2216,기간만료,손절,손절,손절,손절,손절,손절,손절
036460,한국가스공사,전력·인프라,2020-08-11,2020-08-12,25700.0,15.69,4.4747,3.6965,0.1946,-4.0856,-4.0856,-4.0856,-4.0856,-4.0856,기간만료,기간만료,기간만료,20일선이탈,20일선이탈,20일선이탈,20일선이탈,20일선이탈
036460,한국가스공사,전력·인프라,2020-09-16,2020-09-17,25050.0,25.18,-0.5988,-0.998,-1.1976,-2.994,-5.1896,-5.1896,-5.1896,-5.1896,기간만료,기간만료,기간만료,기간만료,손절,손절,손절,손절
036460,한국가스공사,전력·인프라,2020-10-15,2020-10-16,27600.0,-4.93,7.7899,12.3188,10.3261,15.5797,4.8913,2.8986,-0.9058,-0.9058,기간만료,기간만료,기간만료,기간만료,기간만료,기간만료,20일선이탈,20일선이탈
036460,한국가스공사,전력·인프라,2020-10-16,2020-10-19,29750.0,-1.06,4.2017,2.3529,7.8992,3.6975,-2.8571,-8.0672,-8.0672,-8.0672,기간만료,기간만료,기간만료,기간만료,기간만료,손절,손절,손절
036460,한국가스공사,전력·인프라,2020-10-19,2020-10-20,31000.0,-1.19,-1.7742,3.5484,2.9032,-6.6129,-6.6129,-6.6129,-6.6129,-6.6129,기간만료,기간만료,기간만료,손절,손절,손절,손절,손절
036460,한국가스공사,전력·인프라,2020-10-21,2020-10-22,32100.0,0.61,-0.6231,-3.8941,-9.8131,-9.8131,-9.8131,-9.8131,-9.8131,-9.8131,기간만료,기간만료,손절,손절,손절,손절,손절,손절
036460,한국가스공사,전력·인프라,2020-12-10,2020-12-11,29700.0,-2.6,4.5455,2.0202,0.3367,5.7239,4.3771,3.1987,6.0606,11.4478,기간만료,기간만료,기간만료,기간만료,기간만료,기간만료,기간만료,기간만료
036460,한국가스공사,전력·인프라,2020-12-11,2020-12-14,31050.0,-0.67,-2.4155,-4.0258,-3.8647,4.5089,-3.0596,0.3221,4.0258,6.7633,기간만료,기간만료,기간만료,기간만료,기간만료,기간만료,기간만료,기간만료
036460,한국가스공사,전력·인프라,2020-12-18,2020-12-21,32450.0,1.45,-4.4684,-7.2419,-7.2419,-7.2419,-7.2419,-7.2419,-7.2419,-7.2419,기간만료,손절,손절,손절,손절,손절,손절,손절
036460,한국가스공사,전력·인프라,2021-01-12,2021-01-13,33100.0,-7.67,0.1511,5.4381,0.6042,6.4955,1.3595,4.3807,-1.6616,-1.6616,기간만료,기간만료,기간만료,기간만료,기간만료,기간만료,20일선이탈,20일선이탈
036460,한국가스공사,전력·인프라,2021-01-14,2021-01-15,34900.0,-6.0,-4.5845,-1.8625,1.0029,-3.8682,-1.8625,-6.7335,-6.7335,-6.7335,기간만료,기간만료,기간만료,기간만료,기간만료,손절,손절,손절
036460,한국가스공사,전력·인프라,2021-04-29,2021-04-30,35150.0,6.25,-1.8492,-7.9659,-7.9659,-7.9659,-7.9659,-7.9659,-7.9659,-7.9659,기간만료,손절,손절,손절,손절,손절,손절,손절
036460,한국가스공사,전력·인프라,2021-06-07,2021-06-08,39050.0,42.58,-3.4571,-1.0243,-1.9206,-1.0243,-1.2804,-3.8412,-5.5058,-5.5058,기간만료,기간만료,기간만료,기간만료,기간만료,기간만료,손절,손절
036460,한국가스공사,전력·인프라,2021-09-06,2021-09-07,37800.0,3.21,-0.1323,-1.7196,-0.9259,3.9683,7.9365,9.3915,29.1005,28.5714,기간만료,기간만료,기간만료,기간만료,기간만료,기간만료,기간만료,기간만료
036460,한국가스공사,전력·인프라,2021-09-13,2021-09-14,39300.0,3.4,-1.0178,3.8168,8.3969,5.2163,11.7048,24.173,23.6641,22.9008,기간만료,기간만료,기간만료,기간만료,기간만료,기간만료,기간만료,기간만료
036460,한국가스공사,전력·인프라,2021-09-15,2021-09-16,40800.0,6.49,4.4118,0.6127,1.348,7.598,16.0539,24.7549,18.3824,14.7059,기간만료,기간만료,기간만료,기간만료,기간만료,기간만료,기간만료,기간만료
036460,한국가스공사,전력·인프라,2021-09-16,2021-09-17,42600.0,11.38,-3.6385,-2.9343,-3.6385,-3.6385,-3.6385,-3.6385,-3.6385,-3.6385,기간만료,기간만료,손절,손절,손절,손절,손절,손절
036460,한국가스공사,전력·인프라,2021-09-28,2021-09-29,47550.0,7.64,-0.4206,2.6288,-1.4721,-3.0494,2.2082,1.367,-1.5773,-1.5773,기간만료,기간만료,기간만료,기간만료,기간만료,기간만료,20일선이탈,20일선이탈
036460,한국가스공사,전력·인프라,2021-12-28,2021-12-29,39400.0,-1.29,-2.0305,-2.4112,-3.5533,-3.5533,-3.5533,-3.5533,-3.5533,-3.5533,기간만료,기간만료,기간만료,20일선이탈,20일선이탈,20일선이탈,20일선이탈,20일선이탈
036460,한국가스공사,전력·인프라,2022-01-13,2022-01-14,38400.0,1.02,-4.0365,-4.0365,-4.0365,-4.0365,-4.0365,-4.0365,-4.0365,-4.0365,기간만료,20일선이탈,20일선이탈,20일선이탈,20일선이탈,20일선이탈,20일선이탈,20일선이탈
036460,한국가스공사,전력·인프라,2022-02-24,2022-02-25,38000.0,5.42,0.3947,11.1842,11.0526,24.8684,15.2632,9.3421,5.1316,5.1316,기간만료,기간만료,기간만료,기간만료,기간만료,기간만료,20일선이탈,20일선이탈
036460,한국가스공사,전력·인프라,2022-03-02,2022-03-03,42200.0,10.09,0.8294,12.4408,11.6114,-0.3555,-1.5403,-5.3318,-5.3318,-5.3318,기간만료,기간만료,기간만료,기간만료,기간만료,손절,손절,손절
036460,한국가스공사,전력·인프라,2022-03-07,2022-03-08,47100.0,9.8,-7.0064,-7.0064,-7.0064,-7.0064,-7.0064,-7.0064,-7.0064,-7.0064,손절,손절,손절,손절,손절,손절,손절,손절
036460,한국가스공사,전력·인프라,2022-04-27,2022-04-28,40900.0,6.53,1.3447,-0.978,1.3447,6.6015,5.379,9.0465,5.868,3.912,기간만료,기간만료,기간만료,기간만료,기간만료,기간만료,기간만료,20일선이탈
036460,한국가스공사,전력·인프라,2022-05-04,2022-05-06,43600.0,10.33,-1.3761,-1.1468,0.344,2.2936,3.555,-0.6881,-2.5229,-2.5229,기간만료,기간만료,기간만료,기간만료,기간만료,기간만료,20일선이탈,20일선이탈
036460,한국가스공사,전력·인프라,2022-06-08,2022-06-09,46100.0,4.37,0.8677,3.0369,0.3254,-4.1215,-4.1215,-4.1215,-4.1215,-4.1215,기간만료,기간만료,기간만료,기간만료,20일선이탈,20일선이탈,20일선이탈,20일선이탈
036460,한국가스공사,전력·인프라,2022-08-12,2022-08-16,40850.0,7.63,-0.8568,0.7344,2.0808,4.896,9.6695,12.1175,3.7944,0.0,기간만료,기간만료,기간만료,기간만료,기간만료,기간만료,기간만료,20일선이탈
036460,한국가스공사,전력·인프라,2022-08-23,2022-08-24,44500.0,11.07,0.6742,2.0225,1.1236,0.0,-5.3933,-5.3933,-5.3933,-5.3933,기간만료,기간만료,기간만료,기간만료,손절,손절,손절,손절
036460,한국가스공사,전력·인프라,2022-12-16,2022-12-19,37050.0,6.86,0.0,-0.8097,2.1592,4.1835,0.9447,-10.2564,-10.2564,-10.2564,기간만료,기간만료,기간만료,기간만료,기간만료,손절,손절,손절
036460,한국가스공사,전력·인프라,2022-12-21,2022-12-22,37850.0,3.84,1.5852,1.9815,4.8877,0.1321,-12.1532,-12.1532,-12.1532,-12.1532,기간만료,기간만료,기간만료,기간만료,손절,손절,손절,손절
036460,한국가스공사,전력·인프라,2023-08-10,2023-08-11,26100.0,1.43,-2.1073,-5.1724,-5.1724,-5.1724,-5.1724,-5.1724,-5.1724,-5.1724,기간만료,기간만료,20일선이탈,20일선이탈,20일선이탈,20일선이탈,20일선이탈,20일선이탈
036460,한국가스공사,전력·인프라,2023-11-23,2023-11-24,24200.0,-3.05,0.4132,2.0661,1.4463,2.686,1.6529,7.2314,6.1983,3.9256,기간만료,기간만료,기간만료,기간만료,기간만료,기간만료,기간만료,기간만료
036460,한국가스공사,전력·인프라,2023-12-07,2023-12-08,25950.0,3.61,-0.7707,-0.7707,-0.1927,-0.9634,-3.0829,-3.0829,-3.0829,-3.0829,기간만료,기간만료,기간만료,기간만료,기간만료,기간만료,20일선이탈,20일선이탈
036460,한국가스공사,전력·인프라,2024-01-29,2024-01-30,26600.0,11.49,-1.5038,-1.5038,2.6316,1.8797,4.6992,1.6917,12.218,5.0752,기간만료,기간만료,기간만료,기간만료,기간만료,기간만료,기간만료,기간만료
036460,한국가스공사,전력·인프라,2024-02-01,2024-02-02,27300.0,6.06,1.2821,-0.7326,-1.2821,2.1978,-0.9158,13.1868,8.0586,6.4103,기간만료,기간만료,기간만료,기간만료,기간만료,기간만료,기간만료,기간만료
036460,한국가스공사,전력·인프라,2024-02-19,2024-02-20,30900.0,0.72,-3.0744,-3.3981,-2.4272,-4.5307,-9.5469,-9.5469,-9.5469,-9.5469,기간만료,기간만료,기간만료,기간만료,손절,손절,손절,손절
036460,한국가스공사,전력·인프라,2024-06-03,2024-06-04,40800.0,24.78,-4.4118,7.1078,-8.0882,-8.0882,-8.0882,-8.0882,-8.0882,-8.0882,기간만료,기간만료,손절,손절,손절,손절,손절,손절
036460,한국가스공사,전력·인프라,2024-06-05,2024-06-07,43700.0,16.51,-14.1876,-14.1876,-14.1876,-14.1876,-14.1876,-14.1876,-14.1876,-14.1876,손절,손절,손절,손절,손절,손절,손절,손절
036460,한국가스공사,전력·인프라,2024-06-12,2024-06-13,44450.0,9.27,17.4353,19.91,22.1597,33.1834,36.333,27.1091,3.712,3.712,기간만료,기간만료,기간만료,기간만료,기간만료,기간만료,20일선이탈,20일선이탈
036460,한국가스공사,전력·인프라,2024-06-13,2024-06-14,52200.0,10.76,2.1073,4.023,9.0038,18.7739,21.0728,2.2989,-11.6858,-11.6858,기간만료,기간만료,기간만료,기간만료,기간만료,기간만료,손절,손절
036460,한국가스공사,전력·인프라,2024-07-29,2024-07-30,44700.0,-0.19,-5.8166,-5.8166,-5.8166,-5.8166,-5.8166,-5.8166,-5.8166,-5.8166,손절,손절,손절,손절,손절,손절,손절,손절
036460,한국가스공사,전력·인프라,2024-08-12,2024-08-13,46850.0,-5.03,0.8538,1.3874,8.4312,-2.1345,0.3202,9.0715,9.9253,-3.095,기간만료,기간만료,기간만료,기간만료,기간만료,기간만료,기간만료,20일선이탈
036460,한국가스공사,전력·인프라,2024-11-19,2024-11-20,46000.0,5.54,-1.3043,0.9783,2.7174,2.9348,-1.7391,-13.913,-13.913,-13.913,기간만료,기간만료,기간만료,기간만료,기간만료,손절,손절,손절
036460,한국가스공사,전력·인프라,2025-02-03,2025-02-04,36350.0,15.15,-3.4388,-3.4388,-3.4388,-3.4388,-3.4388,-3.4388,-3.4388,-3.4388,기간만료,20일선이탈,20일선이탈,20일선이탈,20일선이탈,20일선이탈,20일선이탈,20일선이탈
036460,한국가스공사,전력·인프라,2025-03-05,2025-03-06,41100.0,-2.15,-4.3796,-5.9611,-5.9611,-5.9611,-5.9611,-5.9611,-5.9611,-5.9611,기간만료,손절,손절,손절,손절,손절,손절,손절
036460,한국가스공사,전력·인프라,2025-05-26,2025-05-27,42000.0,22.06,-2.5,-2.5,-3.3333,-4.2857,-4.2857,-4.2857,-4.2857,-4.2857,기간만료,기간만료,기간만료,손절,손절,손절,손절,손절
036460,한국가스공사,전력·인프라,2025-06-25,2025-06-26,41100.0,13.24,-0.9732,-2.9197,2.1898,2.0681,12.8954,11.4355,8.7591,7.4209,기간만료,기간만료,기간만료,기간만료,기간만료,기간만료,기간만료,20일선이탈
036460,한국가스공사,전력·인프라,2025-07-04,2025-07-07,46400.0,10.49,-5.4957,-5.4957,-5.4957,-5.4957,-5.4957,-5.4957,-5.4957,-5.4957,손절,손절,손절,손절,손절,손절,손절,손절
036460,한국가스공사,전력·인프라,2025-10-15,2025-10-16,40200.0,1.56,-0.4975,0.7463,1.1194,3.4826,5.7214,6.2189,3.2338,6.592,기간만료,기간만료,기간만료,기간만료,기간만료,기간만료,기간만료,기간만료
036460,한국가스공사,전력·인프라,2026-01-20,2026-01-21,42200.0,2.51,-3.7915,-2.7251,-3.0806,-4.2654,-5.4502,-5.4502,-5.4502,-5.4502,기간만료,기간만료,기간만료,기간만료,손절,손절,손절,손절
036460,한국가스공사,전력·인프라,2026-02-20,2026-02-23,45450.0,-5.14,-2.4202,-1.7602,-2.7503,-2.0902,-2.0902,-2.0902,-2.0902,-2.0902,기간만료,기간만료,기간만료,손절,손절,손절,손절,손절
103590,일진전기,전력·인프라,2020-05-28,2020-05-29,2590.931396484375,2.39,4.0146,4.0146,2.9197,3.4672,5.292,-3.2847,-4.3796,-4.3796,기간만료,기간만료,기간만료,기간만료,기간만료,기간만료,20일선이탈,20일선이탈
103590,일진전기,전력·인프라,2020-07-07,2020-07-08,2619.299072265625,-4.33,-0.9025,-1.2635,-2.1661,-2.3466,-1.2635,-0.5415,2.1661,-0.5415,기간만료,기간만료,기간만료,기간만료,기간만료,기간만료,기간만료,기간만료
103590,일진전기,전력·인프라,2020-07-13,2020-07-14,2619.299072265625,-0.11,-2.3466,0.0,-1.2635,-1.6245,4.6931,1.9856,0.0,-0.5415,기간만료,기간만료,기간만료,기간만료,기간만료,기간만료,기간만료,20일선이탈
103590,일진전기,전력·인프라,2020-07-22,2020-07-23,2742.2265625,19.42,-2.5862,-3.6207,-2.5862,-1.8966,-0.5172,-5.0,-5.0,-5.0,기간만료,기간만료,기간만료,기간만료,기간만료,손절,손절,손절
103590,일진전기,전력·인프라,2020-08-11,2020-08-12,2865.154052734375,15.69,0.0,0.33,-4.6205,-11.5512,-11.5512,-11.5512,-11.5512,-11.5512,기간만료,기간만료,기간만료,손절,손절,손절,손절,손절
103590,일진전기,전력·인프라,2020-09-04,2020-09-07,2723.314697265625,21.86,12.8472,5.5556,13.7153,20.3125,17.7083,12.1528,2.4306,2.4306,기간만료,기간만료,기간만료,기간만료,기간만료,기간만료,20일선이탈,20일선이탈
103590,일진전기,전력·인프라,2020-09-07,2020-09-08,3073.18505859375,27.9,-6.4615,-6.4615,-6.4615,-6.4615,-6.4615,-6.4615,-6.4615,-6.4615,손절,손절,손절,손절,손절,손절,손절,손절
103590,일진전기,전력·인프라,2020-09-09,2020-09-10,3096.824951171875,22.11,3.2061,5.8015,1.374,1.374,-1.3741,-8.3969,-8.3969,-8.3969,기간만료,기간만료,기간만료,기간만료,기간만료,손절,손절,손절
103590,일진전기,전력·인프라,2020-11-10,2020-11-11,3068.45703125,3.78,-1.5408,-3.8521,-4.7766,-5.547,-5.547,-5.547,-5.547,-5.547,기간만료,기간만료,기간만료,손절,손절,손절,손절,손절
103590,일진전기,전력·인프라,2021-01-05,2021-01-06,3328.49560546875,-2.11,-4.5455,-1.4205,-3.4091,-7.6704,-7.6704,-7.6704,-7.6704,-7.6704,기간만료,기간만료,기간만료,손절,손절,손절,손절,손절
103590,일진전기,전력·인프라,2021-01-22,2021-01-25,3460.879150390625,-7.77,3.8251,-2.459,-3.2787,-5.4645,-5.4645,-5.4645,-5.4645,-5.4645,기간만료,기간만료,기간만료,손절,손절,손절,손절,손절
103590,일진전기,전력·인프라,2021-01-25,2021-01-26,3593.262451171875,-8.04,-6.0526,-6.0526,-6.0526,-6.0526,-6.0526,-6.0526,-6.0526,-6.0526,손절,손절,손절,손절,손절,손절,손절,손절
103590,일진전기,전력·인프라,2021-02-03,2021-02-04,3389.95947265625,-9.12,9.7629,1.5342,2.6499,6.1367,5.9972,17.8522,5.4393,5.4393,기간만료,기간만료,기간만료,기간만료,기간만료,기간만료,20일선이탈,20일선이탈
103590,일진전기,전력·인프라,2021-04-06,2021-04-07,3720.917724609375,7.0,-0.3812,0.5083,3.4308,-0.5083,1.906,5.9721,7.878,2.1601,기간만료,기간만료,기간만료,기간만료,기간만료,기간만료,기간만료,20일선이탈
103590,일진전기,전력·인프라,2021-04-19,2021-04-20,3952.588623046875,6.1,-0.2392,-2.512,-2.6316,0.2392,2.1531,-3.8277,-3.8277,-3.8277,기간만료,기간만료,기간만료,기간만료,기간만료,기간만료,20일선이탈,20일선이탈
103590,일진전기,전력·인프라,2021-04-27,2021-04-28,4014.05224609375,4.47,0.5889,6.8316,-0.4711,-5.3003,-5.3003,-5.3003,-5.3003,-5.3003,기간만료,기간만료,기간만료,손절,손절,손절,손절,손절
103590,일진전기,전력·인프라,2021-04-29,2021-04-30,4288.27490234375,6.25,-6.8357,-6.8357,-6.8357,-6.8357,-6.8357,-6.8357,-6.8357,-6.8357,손절,손절,손절,손절,손절,손절,손절,손절
103590,일진전기,전력·인프라,2021-05-27,2021-05-28,4198.443359375,10.42,1.2387,3.3784,2.3649,21.3964,35.1351,34.2342,27.4775,28.3784,기간만료,기간만료,기간만료,기간만료,기간만료,기간만료,기간만료,기간만료
103590,일진전기,전력·인프라,2021-06-02,2021-06-03,5011.6552734375,22.37,1.6981,11.3208,13.2076,10.9434,3.5849,7.9245,7.7359,4.1509,기간만료,기간만료,기간만료,기간만료,기간만료,기간만료,기간만료,20일선이탈
103590,일진전기,전력·인프라,2021-06-03,2021-06-04,5096.75927734375,26.32,9.462,11.3172,6.679,10.5751,1.2987,5.0093,5.7514,2.4119,기간만료,기간만료,기간만료,기간만료,기간만료,기간만료,기간만료,20일선이탈
103590,일진전기,전력·인프라,2021-06-04,2021-06-07,5579.0126953125,31.02,1.6949,-2.5424,-0.339,1.017,1.017,1.017,1.017,1.017,기간만료,기간만료,기간만료,손절,손절,손절,손절,손절
103590,일진전기,전력·인프라,2021-06-07,2021-06-08,5673.572265625,42.58,-4.1667,-4.1667,-4.1667,-4.1667,-4.1667,-4.1667,-4.1667,-4.1667,손절,손절,손절,손절,손절,손절,손절,손절
103590,일진전기,전력·인프라,2021-07-06,2021-07-07,5493.9091796875,-3.61,-2.4096,-9.8107,-9.8107,-9.8107,-9.8107,-9.8107,-9.8107,-9.8107,기간만료,손절,손절,손절,손절,손절,손절,손절
103590,일진전기,전력·인프라,2021-07-15,2021-07-16,5408.8056640625,0.47,42.4825,36.7133,50.3496,27.7972,21.3287,13.8112,9.0909,9.0909,기간만료,기간만료,기간만료,기간만료,기간만료,기간만료,20일선이탈,20일선이탈
103590,일진전기,전력·인프라,2021-07-16,2021-07-19,7706.60205078125,2.73,-4.0491,5.5215,-9.4479,-9.4479,-9.4479,-9.4479,-9.4479,-9.4479,기간만료,기간만료,손절,손절,손절,손절,손절,손절
103590,일진전기,전력·인프라,2021-07-19,2021-07-20,7394.5556640625,5.39,9.9744,-5.6266,-6.5217,-6.5217,-6.5217,-6.5217,-6.5217,-6.5217,기간만료,기간만료,손절,손절,손절,손절,손절,손절
103590,일진전기,전력·인프라,2021-08-26,2021-08-27,5900.51513671875,-2.61,-1.6026,-0.641,0.641,3.2051,0.4808,-4.0064,-7.0513,-7.0513,기간만료,기간만료,기간만료,기간만료,기간만료,기간만료,손절,손절
103590,일진전기,전력·인프라,2021-09-02,2021-09-03,6089.63427734375,3.52,-1.7081,-2.6398,-2.9503,-5.2795,-5.2795,-5.2795,-5.2795,-5.2795,기간만료,기간만료,기간만료,손절,손절,손절,손절,손절
103590,일진전기,전력·인프라,2021-10-15,2021-10-18,5579.0126953125,7.68,2.0339,-0.678,-0.678,0.0,1.5254,-2.8814,-4.2373,-4.2373,기간만료,기간만료,기간만료,기간만료,기간만료,기간만료,손절,손절
103590,일진전기,전력·인프라,2021-11-23,2021-11-24,5257.51025390625,-3.67,-1.6187,-2.518,-2.518,-2.518,-2.518,-2.518,-2.518,-2.518,기간만료,기간만료,20일선이탈,20일선이탈,20일선이탈,20일선이탈,20일선이탈,20일선이탈
103590,일진전기,전력·인프라,2022-03-02,2022-03-03,4685.42529296875,10.09,1.11,0.3027,-2.5227,-0.2018,3.7336,12.6135,15.2371,17.0535,기간만료,기간만료,기간만료,기간만료,기간만료,기간만료,기간만료,기간만료
103590,일진전기,전력·인프라,2022-03-03,2022-03-04,4737.4326171875,9.31,-0.7984,-3.5928,-1.2974,6.7864,2.5948,11.3773,9.98,11.1777,기간만료,기간만료,기간만료,기간만료,기간만료,기간만료,기간만료,기간만료
103590,일진전기,전력·인프라,2022-03-14,2022-03-15,4860.3603515625,15.07,0.0,0.0,8.5603,7.0039,8.9494,8.9494,6.6148,2.9183,기간만료,기간만료,기간만료,기간만료,기간만료,기간만료,기간만료,20일선이탈
103590,일진전기,전력·인프라,2022-03-18,2022-03-21,5276.42236328125,15.21,-1.4337,-1.4337,0.3584,-1.2545,-0.7169,-0.1792,-5.1971,-5.1971,기간만료,기간만료,기간만료,기간만료,기간만료,기간만료,20일선이탈,20일선이탈
103590,일진전기,전력·인프라,2022-03-23,2022-03-24,5295.333984375,9.86,1.9643,-1.6071,0.0,-0.8929,-0.5357,-5.5357,-5.5357,-5.5357,기간만료,기간만료,기간만료,기간만료,기간만료,기간만료,20일선이탈,20일선이탈
103590,일진전기,전력·인프라,2022-04-07,2022-04-08,5985.61865234375,2.84,-7.5829,-7.5829,-7.5829,-7.5829,-7.5829,-7.5829,-7.5829,-7.5829,손절,손절,손절,손절,손절,손절,손절,손절
103590,일진전기,전력·인프라,2022-05-13,2022-05-16,5805.95556640625,11.16,1.1401,2.2801,-2.2801,0.3257,2.6059,0.3257,15.4723,-1.6287,기간만료,기간만료,기간만료,기간만료,기간만료,기간만료,기간만료,20일선이탈
103590,일진전기,전력·인프라,2022-05-17,2022-05-18,5938.3388671875,10.13,-4.4586,-2.707,-1.9108,0.3185,-3.8217,5.7325,8.121,-3.8217,기간만료,기간만료,기간만료,기간만료,기간만료,기간만료,기간만료,20일선이탈
103590,일진전기,전력·인프라,2022-05-31,2022-06-02,6278.75341796875,9.56,3.012,5.4217,6.7771,2.259,-9.0361,-9.0361,-9.0361,-9.0361,기간만료,기간만료,기간만료,기간만료,손절,손절,손절,손절
103590,일진전기,전력·인프라,2022-06-24,2022-06-27,6354.40087890625,6.34,1.1905,4.1667,6.5476,7.2917,15.7738,3.7202,-0.8929,-0.8929,기간만료,기간만료,기간만료,기간만료,기간만료,기간만료,20일선이탈,20일선이탈
103590,일진전기,전력·인프라,2022-07-04,2022-07-05,6997.40576171875,8.65,5.1351,-3.1081,-2.7027,-5.8108,-5.8108,-5.8108,-5.8108,-5.8108,기간만료,기간만료,기간만료,손절,손절,손절,손절,손절
103590,일진전기,전력·인프라,2022-11-01,2022-11-02,4453.75439453125,2.43,-4.4586,-2.4416,-1.8047,0.7431,8.2803,7.2187,9.7664,18.259,기간만료,기간만료,기간만료,기간만료,기간만료,기간만료,기간만료,기간만료
103590,일진전기,전력·인프라,2022-11-10,2022-11-11,4822.53662109375,10.94,0.1961,-1.7647,-0.9804,-3.6275,-1.5686,-0.3922,11.5686,1.1765,기간만료,기간만료,기간만료,기간만료,기간만료,기간만료,기간만료,20일선이탈
103590,일진전기,전력·인프라,2022-11-21,2022-11-22,4746.888671875,10.18,2.988,0.1992,1.1952,9.761,15.5379,5.7769,2.7888,2.7888,기간만료,기간만료,기간만료,기간만료,기간만료,기간만료,20일선이탈,20일선이탈
103590,일진전기,전력·인프라,2022-11-28,2022-11-29,5210.23046875,15.57,1.0889,5.2632,3.2668,-3.6298,-5.6261,-5.6261,-5.6261,-5.6261,기간만료,기간만료,기간만료,기간만료,손절,손절,손절,손절
103590,일진전기,전력·인프라,2023-03-02,2023-03-03,4813.08056640625,0.3,0.1965,-0.1965,3.1434,2.554,0.0,21.2181,22.3969,21.611,기간만료,기간만료,기간만료,기간만료,기간만료,기간만료,기간만료,기간만료
103590,일진전기,전력·인프라,2023-03-07,2023-03-08,4964.37548828125,0.42,-0.5714,-0.5714,-2.0952,3.8095,17.5238,11.6191,17.7143,46.6667,기간만료,기간만료,기간만료,기간만료,기간만료,기간만료,기간만료,기간만료
103590,일진전기,전력·인프라,2023-03-14,2023-03-15,5153.49462890625,2.64,14.6789,13.211,4.4037,7.5229,14.3119,13.3945,41.2844,29.9083,기간만료,기간만료,기간만료,기간만료,기간만료,기간만료,기간만료,기간만료
103590,일진전기,전력·인프라,2023-03-15,2023-03-16,5909.97119140625,7.32,-1.28,-8.96,-7.2,-7.2,-7.2,-7.2,-7.2,-7.2,기간만료,기간만료,손절,손절,손절,손절,손절,손절
103590,일진전기,전력·인프라,2023-04-04,2023-04-05,7281.08447265625,5.96,0.2597,-6.4935,-6.4935,-6.4935,-6.4935,-6.4935,-6.4935,-6.4935,기간만료,손절,손절,손절,손절,손절,손절,손절
103590,일진전기,전력·인프라,2023-04-19,2023-04-20,7508.02734375,12.12,-2.1411,-7.5567,-7.5567,-7.5567,-7.5567,-7.5567,-7.5567,-7.5567,기간만료,손절,손절,손절,손절,손절,손절,손절
103590,일진전기,전력·인프라,2023-06-05,2023-06-07,7772.7939453125,-0.54,0.6083,3.0414,2.4331,10.219,7.056,11.8005,9.854,30.1703,기간만료,기간만료,기간만료,기간만료,기간만료,기간만료,기간만료,기간만료
103590,일진전기,전력·인프라,2023-06-13,2023-06-14,8567.09375,2.25,-0.9934,-2.8698,0.883,1.4349,8.0574,-0.3311,18.1015,28.3665,기간만료,기간만료,기간만료,기간만료,기간만료,기간만료,기간만료,기간만료
103590,일진전기,전력·인프라,2023-06-22,2023-06-23,9257.37890625,9.66,-5.5158,-6.1287,-6.1287,-6.1287,-6.1287,-6.1287,-6.1287,-6.1287,기간만료,손절,손절,손절,손절,손절,손절,손절
103590,일진전기,전력·인프라,2023-07-25,2023-07-26,11479.52734375,15.21,-19.687,-19.687,-19.687,-19.687,-19.687,-19.687,-19.687,-19.687,손절,손절,손절,손절,손절,손절,손절,손절
103590,일진전기,전력·인프라,2023-08-02,2023-08-03,11243.12890625,10.82,-19.9327,-19.9327,-19.9327,-19.9327,-19.9327,-19.9327,-19.9327,-19.9327,손절,손절,손절,손절,손절,손절,손절,손절
103590,일진전기,전력·인프라,2023-09-15,2023-09-18,12737.169921875,1.08,-2.3757,-2.6726,-4.974,1.7075,-6.6815,-6.6815,-6.6815,-6.6815,기간만료,기간만료,기간만료,기간만료,손절,손절,손절,손절
103590,일진전기,전력·인프라,2023-11-24,2023-11-27,13805.6923828125,1.93,-4.1781,-4.1781,-4.1781,-4.1781,-4.1781,-4.1781,-4.1781,-4.1781,손절,손절,손절,손절,손절,손절,손절,손절
103590,일진전기,전력·인프라,2024-01-18,2024-01-19,12450.0,4.04,0.4819,-2.9719,-4.257,2.4096,-5.9438,-5.9438,-5.9438,-5.9438,기간만료,기간만료,기간만료,기간만료,손절,손절,손절,손절
103590,일진전기,전력·인프라,2024-03-04,2024-03-05,11980.0,3.42,4.0902,6.3439,0.9182,10.3506,15.2755,42.1536,58.5142,66.1937,기간만료,기간만료,기간만료,기간만료,기간만료,기간만료,기간만료,기간만료
103590,일진전기,전력·인프라,2024-03-06,2024-03-07,12740.0,11.67,-5.102,-5.102,-5.102,-5.102,-5.102,-5.102,-5.102,-5.102,손절,손절,손절,손절,손절,손절,손절,손절
103590,일진전기,전력·인프라,2024-03-15,2024-03-18,15700.0,16.14,8.4713,5.1592,9.8089,22.5478,22.9936,28.0255,34.7134,22.3567,기간만료,기간만료,기간만료,기간만료,기간만료,기간만료,기간만료,기간만료
103590,일진전기,전력·인프라,2024-03-18,2024-03-19,17030.0,21.63,-3.0534,1.2331,10.5109,11.5091,20.963,16.9113,17.7334,7.5749,기간만료,기간만료,기간만료,기간만료,기간만료,기간만료,기간만료,기간만료
103590,일진전기,전력·인프라,2024-03-21,2024-03-22,18820.0,15.0,2.2317,0.9033,2.6036,11.5834,5.7917,24.8672,9.458,-2.6567,기간만료,기간만료,기간만료,기간만료,기간만료,기간만료,기간만료,20일선이탈
103590,일진전기,전력·인프라,2024-04-26,2024-04-29,23150.0,17.86,-1.9438,-6.0475,-5.3996,-5.3996,-5.3996,-5.3996,-5.3996,-5.3996,기간만료,기간만료,손절,손절,손절,손절,손절,손절
103590,일진전기,전력·인프라,2024-05-10,2024-05-13,25050.0,14.44,3.1936,-3.5928,1.1976,3.5928,-8.5828,-8.5828,-8.5828,-8.5828,기간만료,기간만료,기간만료,기간만료,손절,손절,손절,손절
103590,일진전기,전력·인프라,2024-05-13,2024-05-14,25850.0,16.92,-6.5764,-6.5764,-6.5764,-6.5764,-6.5764,-6.5764,-6.5764,-6.5764,손절,손절,손절,손절,손절,손절,손절,손절
103590,일진전기,전력·인프라,2024-07-11,2024-07-12,28250.0,4.0,3.0088,5.4867,3.0088,-8.3186,-8.3186,-8.3186,-8.3186,-8.3186,기간만료,기간만료,기간만료,손절,손절,손절,손절,손절
103590,일진전기,전력·인프라,2024-10-17,2024-10-18,25950.0,11.72,-0.578,0.578,-4.4316,-8.0925,-8.0925,-8.0925,-8.0925,-8.0925,기간만료,기간만료,기간만료,손절,손절,손절,손절,손절
103590,일진전기,전력·인프라,2024-11-06,2024-11-07,29000.0,7.34,-4.3103,-1.0345,-2.2414,-7.5862,-7.5862,-7.5862,-7.5862,-7.5862,기간만료,기간만료,기간만료,손절,손절,손절,손절,손절
103590,일진전기,전력·인프라,2025-01-15,2025-01-16,30000.0,11.49,2.5,6.0,-0.6667,10.0,12.5,10.3333,5.6667,4.6667,기간만료,기간만료,기간만료,기간만료,기간만료,기간만료,기간만료,20일선이탈
103590,일진전기,전력·인프라,2025-01-22,2025-01-23,33000.0,16.49,0.0,2.2727,-4.5455,-3.0303,-3.0303,-3.0303,-3.0303,-3.0303,기간만료,기간만료,기간만료,손절,손절,손절,손절,손절
103590,일진전기,전력·인프라,2025-01-24,2025-01-31,33750.0,18.8,-6.6667,-5.1852,-5.1852,-5.1852,-5.1852,-5.1852,-5.1852,-5.1852,기간만료,손절,손절,손절,손절,손절,손절,손절
103590,일진전기,전력·인프라,2025-04-29,2025-04-30,26900.0,12.6,-3.5316,-3.5316,-3.5316,-3.5316,-3.5316,-3.5316,-3.5316,-3.5316,손절,손절,손절,손절,손절,손절,손절,손절
103590,일진전기,전력·인프라,2025-05-08,2025-05-09,29200.0,17.95,0.5137,-1.1986,-0.1712,-4.4521,-4.4521,-4.4521,-4.4521,-4.4521,기간만료,기간만료,기간만료,손절,손절,손절,손절,손절
103590,일진전기,전력·인프라,2025-05-20,2025-05-21,31600.0,16.17,-4.4304,-2.5316,-2.8481,-1.2658,-6.0127,-6.0127,-6.0127,-6.0127,기간만료,기간만료,기간만료,기간만료,손절,손절,손절,손절
103590,일진전기,전력·인프라,2025-06-27,2025-06-30,38000.0,19.4,7.2368,5.7895,6.3158,-7.1053,2.3684,0.0,0.0,6.4474,기간만료,기간만료,기간만료,기간만료,기간만료,기간만료,기간만료,기간만료
103590,일진전기,전력·인프라,2025-06-30,2025-07-01,40750.0,23.11,-1.3497,-0.8589,-8.2209,-8.2209,-8.2209,-8.2209,-8.2209,-8.2209,기간만료,기간만료,손절,손절,손절,손절,손절,손절
103590,일진전기,전력·인프라,2025-07-15,2025-07-16,40400.0,3.13,-0.6188,-1.1139,-5.9406,-4.4554,-1.4851,7.6733,3.8366,2.7228,기간만료,기간만료,기간만료,기간만료,기간만료,기간만료,기간만료,20일선이탈
103590,일진전기,전력·인프라,2025-09-10,2025-09-11,40100.0,-0.67,-2.6185,-4.7382,-5.985,-5.985,-5.985,-5.985,-5.985,-5.985,기간만료,기간만료,손절,손절,손절,손절,손절,손절
103590,일진전기,전력·인프라,2025-10-10,2025-10-13,38150.0,-4.51,4.8493,6.422,8.7811,11.0092,12.713,34.9934,55.9633,61.2058,기간만료,기간만료,기간만료,기간만료,기간만료,기간만료,기간만료,기간만료
103590,일진전기,전력·인프라,2025-10-14,2025-10-15,40600.0,-0.85,2.2167,3.4483,4.3103,5.9113,10.468,28.0788,54.1872,54.9261,기간만료,기간만료,기간만료,기간만료,기간만료,기간만료,기간만료,기간만료
103590,일진전기,전력·인프라,2025-10-20,2025-10-21,45550.0,-0.16,-5.5982,-5.5982,-5.5982,-5.5982,-5.5982,-5.5982,-5.5982,-5.5982,손절,손절,손절,손절,손절,손절,손절,손절
103590,일진전기,전력·인프라,2025-10-24,2025-10-27,51500.0,11.27,-3.2039,0.9709,3.4951,15.534,21.5534,19.4175,16.8932,7.3786,기간만료,기간만료,기간만료,기간만료,기간만료,기간만료,기간만료,20일선이탈
103590,일진전기,전력·인프라,2025-10-30,2025-10-31,59000.0,20.99,0.8475,10.0,6.1017,-1.6949,7.9661,0.678,-6.2712,-6.2712,기간만료,기간만료,기간만료,기간만료,기간만료,기간만료,손절,손절
103590,일진전기,전력·인프라,2025-12-11,2025-12-12,57600.0,-3.52,1.9097,-1.5625,-1.5625,-5.2083,-5.2083,-5.2083,-5.2083,-5.2083,기간만료,기간만료,기간만료,손절,손절,손절,손절,손절
103590,일진전기,전력·인프라,2025-12-12,2025-12-15,58700.0,-0.73,-3.4072,-3.4072,-8.5179,-8.5179,-8.5179,-8.5179,-8.5179,-8.5179,기간만료,기간만료,손절,손절,손절,손절,손절,손절
103590,일진전기,전력·인프라,2026-02-23,2026-02-24,80800.0,0.71,18.3168,8.9109,11.3861,-4.5792,-1.6089,-1.6089,-1.6089,-1.6089,기간만료,기간만료,기간만료,기간만료,손절,손절,손절,손절
103590,일진전기,전력·인프라,2026-02-25,2026-02-26,88000.0,0.24,2.2727,-1.9318,-12.3864,-12.3864,-12.3864,-12.3864,-12.3864,-12.3864,기간만료,기간만료,손절,손절,손절,손절,손절,손절
103590,일진전기,전력·인프라,2026-04-15,2026-04-16,88200.0,5.2,-2.2676,-3.4014,-2.4943,4.9887,16.78,37.0748,62.6984,29.3651,기간만료,기간만료,기간만료,기간만료,기간만료,기간만료,기간만료,기간만료
103590,일진전기,전력·인프라,2026-04-23,2026-04-24,91400.0,1.43,12.6915,31.291,22.1007,43.5449,57.5492,54.0481,27.0241,27.0241,기간만료,기간만료,기간만료,기간만료,기간만료,기간만료,기간만료,20일선이탈
103590,일진전기,전력·인프라,2026-04-24,2026-04-27,103000.0,11.52,16.5049,8.3495,17.3786,41.068,33.8835,28.932,12.7184,12.7184,기간만료,기간만료,기간만료,기간만료,기간만료,기간만료,20일선이탈,20일선이탈
103590,일진전기,전력·인프라,2026-04-27,2026-04-28,120000.0,16.91,-7.0,-7.0,-7.0,-7.0,-7.0,-7.0,-7.0,-7.0,손절,손절,손절,손절,손절,손절,손절,손절
103590,일진전기,전력·인프라,2026-04-30,2026-05-04,131200.0,22.5,10.747,9.7561,5.1067,7.3171,8.9939,-13.0335,-13.0335,-13.0335,기간만료,기간만료,기간만료,기간만료,기간만료,손절,손절,손절
103590,일진전기,전력·인프라,2026-05-04,2026-05-06,145300.0,25.61,-0.8947,-5.0929,-1.2388,-8.6029,-9.0158,-9.0158,-9.0158,-9.0158,기간만료,기간만료,기간만료,기간만료,손절,손절,손절,손절
454910,두산로보틱스,로봇,2023-11-20,2023-11-21,58200.0,21.92,2.4055,9.9656,14.2612,37.6289,44.3299,39.0034,54.6392,86.7698,기간만료,기간만료,기간만료,기간만료,기간만료,기간만료,기간만료,기간만료
454910,두산로보틱스,로봇,2023-11-22,2023-11-23,64000.0,22.58,3.9062,19.8438,25.1562,31.25,32.3438,36.25,38.2812,83.9062,기간만료,기간만료,기간만료,기간만료,기간만료,기간만료,기간만료,기간만료
454910,두산로보틱스,로봇,2023-11-24,2023-11-27,76700.0,31.55,4.4329,10.2999,9.5176,10.4302,4.4329,14.0808,22.1643,45.1108,기간만료,기간만료,기간만료,기간만료,기간만료,기간만료,기간만료,기간만료
454910,두산로보틱스,로봇,2023-11-27,2023-11-28,80100.0,20.1,5.618,4.8689,18.7266,0.9988,8.8639,12.3596,35.7054,39.8252,기간만료,기간만료,기간만료,기간만료,기간만료,기간만료,기간만료,기간만료
454910,두산로보틱스,로봇,2024-02-14,2024-02-15,84700.0,-13.09,-0.4723,-5.3129,-6.4935,-6.4935,-6.4935,-6.4935,-6.4935,-6.4935,기간만료,기간만료,손절,손절,손절,손절,손절,손절
454910,두산로보틱스,로봇,2024-03-11,2024-03-12,89000.0,6.45,-2.2472,1.1236,2.2472,5.3933,5.9551,3.3708,-5.618,-5.618,기간만료,기간만료,기간만료,기간만료,기간만료,기간만료,기간만료,20일선이탈
454910,두산로보틱스,로봇,2024-03-14,2024-03-15,91000.0,-1.67,-3.5165,3.0769,4.3956,2.1978,1.0989,-2.967,-7.6923,-7.6923,기간만료,기간만료,기간만료,기간만료,기간만료,기간만료,손절,손절
454910,두산로보틱스,로봇,2024-06-11,2024-06-12,81900.0,-1.92,6.105,4.884,6.4713,3.663,-5.6166,-5.6166,-5.6166,-5.6166,기간만료,기간만료,기간만료,기간만료,손절,손절,손절,손절
454910,두산로보틱스,로봇,2024-06-12,2024-06-13,86900.0,0.25,-1.1507,0.3452,-2.5316,-9.4361,-9.4361,-9.4361,-9.4361,-9.4361,기간만료,기간만료,기간만료,손절,손절,손절,손절,손절
454910,두산로보틱스,로봇,2024-07-11,2024-07-12,95000.0,-5.67,9.0526,-2.1053,-6.5263,-6.5263,-6.5263,-6.5263,-6.5263,-6.5263,기간만료,기간만료,손절,손절,손절,손절,손절,손절
454910,두산로보틱스,로봇,2024-07-12,2024-07-15,103600.0,-1.29,-10.2317,-10.2317,-10.2317,-10.2317,-10.2317,-10.2317,-10.2317,-10.2317,손절,손절,손절,손절,손절,손절,손절,손절
454910,두산로보틱스,로봇,2024-08-29,2024-08-30,70500.0,5.77,-1.1348,-2.9787,-9.5035,-9.5035,-9.5035,-9.5035,-9.5035,-9.5035,기간만료,기간만료,손절,손절,손절,손절,손절,손절
454910,두산로보틱스,로봇,2024-10-18,2024-10-21,66000.0,-5.6,7.2727,2.2727,0.0,0.7576,6.9697,3.6364,3.6364,1.0606,기간만료,기간만료,기간만료,기간만료,기간만료,기간만료,기간만료,20일선이탈
454910,두산로보틱스,로봇,2024-10-21,2024-10-22,70800.0,-2.48,-4.661,-6.7797,-6.7797,-6.7797,-6.7797,-6.7797,-6.7797,-6.7797,기간만료,손절,손절,손절,손절,손절,손절,손절
454910,두산로보틱스,로봇,2025-01-02,2025-01-03,64600.0,30.16,4.1796,3.5604,0.4644,0.3096,0.4644,1.3932,-0.6192,0.3096,기간만료,기간만료,기간만료,기간만료,기간만료,기간만료,기간만료,20일선이탈
454910,두산로보틱스,로봇,2025-02-04,2025-02-05,70900.0,45.4,1.8336,-1.6925,-1.2694,-2.8209,-1.6925,7.1932,-3.103,-3.103,기간만료,기간만료,기간만료,기간만료,기간만료,기간만료,기간만료,20일선이탈
454910,두산로보틱스,로봇,2025-02-18,2025-02-19,76000.0,20.02,-3.0263,-6.9737,-6.9737,-6.9737,-6.9737,-6.9737,-6.9737,-6.9737,기간만료,손절,손절,손절,손절,손절,손절,손절
454910,두산로보틱스,로봇,2025-04-15,2025-04-16,53500.0,-5.31,-6.3551,-6.3551,-6.3551,-6.3551,-6.3551,-6.3551,-6.3551,-6.3551,손절,손절,손절,손절,손절,손절,손절,손절
454910,두산로보틱스,로봇,2025-06-20,2025-06-23,52400.0,-9.27,20.6107,28.2443,25.3817,34.3511,19.2748,16.9847,18.1298,19.4656,기간만료,기간만료,기간만료,기간만료,기간만료,기간만료,기간만료,20일선이탈
454910,두산로보틱스,로봇,2025-06-23,2025-06-24,63200.0,7.12,6.3291,3.9557,3.3228,6.4873,-0.7911,-2.057,-2.6899,-0.9494,기간만료,기간만료,기간만료,기간만료,기간만료,기간만료,기간만료,20일선이탈
454910,두산로보틱스,로봇,2025-06-24,2025-06-25,67200.0,8.47,-2.2321,-2.8274,-2.8274,-2.8274,-2.8274,-2.8274,-2.8274,-2.8274,기간만료,손절,손절,손절,손절,손절,손절,손절
454910,두산로보틱스,로봇,2025-06-25,2025-06-26,65700.0,3.09,-0.6088,-0.6088,-0.6088,-0.6088,-0.6088,-0.6088,-0.6088,-0.6088,손절,손절,손절,손절,손절,손절,손절,손절
454910,두산로보틱스,로봇,2025-06-27,2025-06-30,70400.0,5.38,-4.4034,-4.4034,-4.4034,-4.4034,-4.4034,-4.4034,-4.4034,-4.4034,손절,손절,손절,손절,손절,손절,손절,손절
454910,두산로보틱스,로봇,2025-08-25,2025-08-26,62800.0,5.79,3.5032,4.9363,0.4777,-1.2739,-1.2739,-1.2739,-1.2739,-1.2739,기간만료,기간만료,기간만료,기간만료,20일선이탈,20일선이탈,20일선이탈,20일선이탈
454910,두산로보틱스,로봇,2025-09-22,2025-09-23,71800.0,30.62,-4.039,-4.8747,-4.8747,-4.8747,-4.8747,-4.8747,-4.8747,-4.8747,기간만료,손절,손절,손절,손절,손절,손절,손절
454910,두산로보틱스,로봇,2025-10-31,2025-11-03,81200.0,21.91,10.8374,4.5567,4.064,-3.4483,-3.4483,-3.4483,-3.4483,-3.4483,기간만료,기간만료,기간만료,손절,손절,손절,손절,손절
454910,두산로보틱스,로봇,2025-11-03,2025-11-04,90000.0,36.84,-5.6667,-6.1111,-6.1111,-6.1111,-6.1111,-6.1111,-6.1111,-6.1111,기간만료,손절,손절,손절,손절,손절,손절,손절
454910,두산로보틱스,로봇,2025-12-04,2025-12-05,86800.0,22.88,-4.8387,-4.8387,-4.8387,-4.8387,-4.8387,-4.8387,-4.8387,-4.8387,손절,손절,손절,손절,손절,손절,손절,손절
454910,두산로보틱스,로봇,2026-01-07,2026-01-08,85500.0,-4.9,-0.8187,-2.3392,-1.7544,3.3918,10.5263,44.5614,39.6491,30.2924,기간만료,기간만료,기간만료,기간만료,기간만료,기간만료,기간만료,기간만료
454910,두산로보틱스,로봇,2026-01-15,2026-01-16,92000.0,-3.68,2.7174,33.8043,22.9348,23.3696,30.1087,31.8478,10.3261,14.3478,기간만료,기간만료,기간만료,기간만료,기간만료,기간만료,기간만료,20일선이탈
454910,두산로보틱스,로봇,2026-01-19,2026-01-20,123100.0,26.67,-8.1235,0.4062,-7.7985,-7.7985,-7.7985,-7.7985,-7.7985,-7.7985,기간만료,기간만료,손절,손절,손절,손절,손절,손절
454910,두산로보틱스,로봇,2026-01-20,2026-01-21,113100.0,29.66,9.2838,0.3537,-2.8294,6.1008,7.2502,-2.7409,-2.7409,-2.7409,기간만료,기간만료,기간만료,기간만료,기간만료,손절,손절,손절
454910,두산로보틱스,로봇,2026-01-21,2026-01-22,123600.0,23.93,-8.1715,-8.1715,-8.1715,-8.1715,-8.1715,-8.1715,-8.1715,-8.1715,손절,손절,손절,손절,손절,손절,손절,손절
454910,두산로보틱스,로봇,2026-01-26,2026-01-27,119700.0,34.6,0.2506,-0.2506,1.3367,-8.1036,-8.1036,-8.1036,-8.1036,-8.1036,기간만료,기간만료,기간만료,손절,손절,손절,손절,손절
454910,두산로보틱스,로봇,2026-04-09,2026-04-10,91100.0,-16.95,-3.7322,-1.7563,1.2075,4.8299,3.0735,1.3172,23.3809,18.2217,기간만료,기간만료,기간만료,기간만료,기간만료,기간만료,기간만료,기간만료
454910,두산로보틱스,로봇,2026-04-27,2026-04-28,104000.0,-0.22,-2.0192,15.3846,8.0769,-3.75,-2.8846,3.2692,-1.7308,-1.7308,기간만료,기간만료,기간만료,기간만료,기간만료,기간만료,20일선이탈,20일선이탈
454910,두산로보틱스,로봇,2026-04-29,2026-04-30,120000.0,-5.16,-6.3333,-6.3333,-6.3333,-6.3333,-6.3333,-6.3333,-6.3333,-6.3333,손절,손절,손절,손절,손절,손절,손절,손절
454910,두산로보틱스,로봇,2026-04-30,2026-05-04,112400.0,-3.14,-3.3808,-10.9431,-10.9431,-10.9431,-10.9431,-10.9431,-10.9431,-10.9431,기간만료,손절,손절,손절,손절,손절,손절,손절
454910,두산로보틱스,로봇,2026-05-15,2026-05-18,132100.0,3.42,-18.0924,-18.0924,-18.0924,-18.0924,-18.0924,-18.0924,-18.0924,-18.0924,손절,손절,손절,손절,손절,손절,손절,손절
454910,두산로보틱스,로봇,2026-06-02,2026-06-04,155700.0,-4.42,-11.0469,-9.7624,-9.7624,-9.7624,-9.7624,-9.7624,-9.7624,-9.7624,기간만료,손절,손절,손절,손절,손절,손절,손절
277810,레인보우로보틱스,로봇,2021-04-05,2021-04-06,25100.0,2.33,5.3785,1.992,6.7729,9.1633,6.7729,3.5857,1.5936,1.5936,기간만료,기간만료,기간만료,기간만료,기간만료,기간만료,20일선이탈,20일선이탈
277810,레인보우로보틱스,로봇,2021-04-06,2021-04-07,26450.0,6.51,-3.2136,1.3233,3.5917,1.7013,3.4026,-0.189,-3.5917,-3.5917,기간만료,기간만료,기간만료,기간만료,기간만료,기간만료,20일선이탈,20일선이탈
277810,레인보우로보틱스,로봇,2021-04-08,2021-04-09,26800.0,9.33,2.2388,2.2388,0.3731,2.0522,-2.9851,-3.3582,-4.8507,-4.8507,기간만료,기간만료,기간만료,기간만료,기간만료,기간만료,20일선이탈,20일선이탈
277810,레인보우로보틱스,로봇,2021-06-24,2021-06-25,22850.0,2.75,0.0,2.6258,5.9081,8.0963,4.814,-2.407,-0.2188,-0.2188,기간만료,기간만료,기간만료,기간만료,기간만료,기간만료,20일선이탈,20일선이탈
277810,레인보우로보틱스,로봇,2021-06-29,2021-06-30,24200.0,2.43,0.2066,2.0661,-2.8926,-2.4793,-7.8512,-7.8512,-7.8512,-7.8512,기간만료,기간만료,기간만료,기간만료,손절,손절,손절,손절
277810,레인보우로보틱스,로봇,2021-08-10,2021-08-11,22600.0,-0.15,-2.4336,-2.4336,-2.4336,-2.4336,-2.4336,-2.4336,-2.4336,-2.4336,기간만료,20일선이탈,20일선이탈,20일선이탈,20일선이탈,20일선이탈,20일선이탈,20일선이탈
277810,레인보우로보틱스,로봇,2021-10-20,2021-10-21,19900.0,-4.86,-2.0101,-2.0101,-2.0101,-2.0101,-2.0101,-2.0101,-2.0101,-2.0101,기간만료,20일선이탈,20일선이탈,20일선이탈,20일선이탈,20일선이탈,20일선이탈,20일선이탈
277810,레인보우로보틱스,로봇,2021-12-13,2021-12-14,20300.0,10.9,-1.4778,-2.9557,11.5764,17.2414,19.9507,27.5862,16.7488,10.8374,기간만료,기간만료,기간만료,기간만료,기간만료,기간만료,기간만료,20일선이탈
277810,레인보우로보틱스,로봇,2021-12-16,2021-12-17,22650.0,23.87,4.1943,5.0773,10.3753,7.947,14.3488,21.4128,-0.6623,-0.6623,기간만료,기간만료,기간만료,기간만료,기간만료,기간만료,20일선이탈,20일선이탈
277810,레인보우로보틱스,로봇,2021-12-21,2021-12-22,25000.0,18.87,-2.6,-2.2,2.6,0.0,10.0,-10.0,-10.0,-10.0,기간만료,기간만료,기간만료,기간만료,기간만료,손절,손절,손절
277810,레인보우로보틱스,로봇,2021-12-27,2021-12-28,25900.0,40.18,-3.4749,-2.5097,-2.5097,-2.5097,-2.5097,-2.5097,-2.5097,-2.5097,기간만료,손절,손절,손절,손절,손절,손절,손절
277810,레인보우로보틱스,로봇,2022-01-04,2022-01-05,27550.0,71.72,-13.9746,-13.9746,-13.9746,-13.9746,-13.9746,-13.9746,-13.9746,-13.9746,손절,손절,손절,손절,손절,손절,손절,손절
277810,레인보우로보틱스,로봇,2022-02-25,2022-02-28,22850.0,11.03,-1.0941,2.1882,2.1882,-5.9081,-5.9081,-5.9081,-5.9081,-5.9081,기간만료,기간만료,기간만료,기간만료,20일선이탈,20일선이탈,20일선이탈,20일선이탈
277810,레인보우로보틱스,로봇,2022-03-18,2022-03-21,24950.0,18.88,-2.004,0.8016,-1.6032,1.002,-0.2004,-0.4008,-1.002,-1.002,기간만료,기간만료,기간만료,기간만료,기간만료,기간만료,기간만료,20일선이탈
277810,레인보우로보틱스,로봇,2022-05-24,2022-05-25,22600.0,1.12,1.3274,-1.3274,-2.2124,1.9912,6.1947,7.5221,2.8761,0.0,기간만료,기간만료,기간만료,기간만료,기간만료,기간만료,기간만료,20일선이탈
277810,레인보우로보틱스,로봇,2022-06-14,2022-06-15,25500.0,16.76,0.0,-8.8235,-8.8235,-8.8235,-8.8235,-8.8235,-8.8235,-8.8235,기간만료,손절,손절,손절,손절,손절,손절,손절
277810,레인보우로보틱스,로봇,2022-07-29,2022-08-01,27200.0,7.95,2.3897,6.6176,3.6765,4.4118,5.1471,13.6029,8.0882,10.1103,기간만료,기간만료,기간만료,기간만료,기간만료,기간만료,기간만료,기간만료
277810,레인보우로보틱스,로봇,2022-08-01,2022-08-02,27850.0,17.04,4.1293,1.2567,4.4883,4.8474,2.3339,13.6445,9.6948,7.5404,기간만료,기간만료,기간만료,기간만료,기간만료,기간만료,기간만료,20일선이탈
277810,레인보우로보틱스,로봇,2022-08-02,2022-08-03,29000.0,20.4,-2.7586,0.3448,-2.069,-1.3793,-2.069,10.0,8.6207,3.2759,기간만료,기간만료,기간만료,기간만료,기간만료,기간만료,기간만료,20일선이탈
277810,레인보우로보틱스,로봇,2022-08-12,2022-08-16,30900.0,19.32,2.4272,3.2362,5.178,-4.8544,1.9417,-3.0744,-3.0744,-3.0744,기간만료,기간만료,기간만료,기간만료,기간만료,손절,손절,손절
277810,레인보우로보틱스,로봇,2022-09-13,2022-09-14,33200.0,8.69,6.4759,8.5843,8.4337,6.9277,10.0904,11.4458,-0.1506,-0.1506,기간만료,기간만료,기간만료,기간만료,기간만료,기간만료,20일선이탈,20일선이탈
277810,레인보우로보틱스,로봇,2022-09-14,2022-09-15,35350.0,9.61,1.9802,1.8388,-2.6874,-2.6874,-0.5658,-6.2235,-6.2235,-6.2235,기간만료,기간만료,기간만료,기간만료,기간만료,손절,손절,손절
277810,레인보우로보틱스,로봇,2022-11-17,2022-11-18,32450.0,-8.14,4.4684,4.1602,7.5501,7.0878,-1.0786,2.1572,-3.0817,-3.0817,기간만료,기간만료,기간만료,기간만료,기간만료,기간만료,20일선이탈,20일선이탈
277810,레인보우로보틱스,로봇,2022-11-18,2022-11-21,33900.0,-8.26,-0.295,2.9499,3.5398,-2.0649,-3.8348,-1.4749,-7.2271,-7.2271,기간만료,기간만료,기간만료,기간만료,기간만료,기간만료,손절,손절
277810,레인보우로보틱스,로봇,2022-11-22,2022-11-23,34900.0,-5.23,0.5731,-0.4298,-4.8711,-8.0229,-8.0229,-8.0229,-8.0229,-8.0229,기간만료,기간만료,기간만료,손절,손절,손절,손절,손절
277810,레인보우로보틱스,로봇,2023-01-03,2023-01-04,42550.0,4.74,8.2256,9.2832,20.564,23.3843,16.0987,48.5311,81.9036,91.7744,기간만료,기간만료,기간만료,기간만료,기간만료,기간만료,기간만료,기간만료
277810,레인보우로보틱스,로봇,2023-01-04,2023-01-05,46050.0,12.35,0.9772,11.4007,12.4864,14.4408,18.7839,31.8132,76.1129,71.1183,기간만료,기간만료,기간만료,기간만료,기간만료,기간만료,기간만료,기간만료
277810,레인보우로보틱스,로봇,2023-01-06,2023-01-09,51300.0,13.79,0.9747,2.3392,2.729,6.6277,23.1969,31.9688,58.4795,50.4873,기간만료,기간만료,기간만료,기간만료,기간만료,기간만료,기간만료,기간만료
277810,레인보우로보틱스,로봇,2023-02-27,2023-02-28,95200.0,26.8,-4.0966,-0.8403,-0.8403,-0.8403,-0.8403,-0.8403,-0.8403,-0.8403,기간만료,손절,손절,손절,손절,손절,손절,손절
277810,레인보우로보틱스,로봇,2023-03-16,2023-03-17,114200.0,48.69,8.5814,8.5814,14.5359,24.9562,24.606,17.338,0.613,0.613,기간만료,기간만료,기간만료,기간만료,기간만료,기간만료,기간만료,20일선이탈
277810,레인보우로보틱스,로봇,2023-03-17,2023-03-20,124000.0,66.88,0.0,5.4839,7.9839,10.0806,9.2742,0.5645,-7.3387,-7.3387,기간만료,기간만료,기간만료,기간만료,기간만료,기간만료,손절,손절
277810,레인보우로보틱스,로봇,2023-07-17,2023-07-18,97400.0,-8.85,-3.4908,-2.4641,-0.8214,7.7002,-5.0308,-5.0308,-5.0308,-5.0308,기간만료,기간만료,기간만료,기간만료,기간만료,20일선이탈,20일선이탈,20일선이탈
277810,레인보우로보틱스,로봇,2023-07-24,2023-07-25,104900.0,1.15,-3.9085,-3.9085,-3.9085,-3.9085,-3.9085,-3.9085,-3.9085,-3.9085,손절,손절,손절,손절,손절,손절,손절,손절
277810,레인보우로보틱스,로봇,2023-07-31,2023-08-01,115200.0,1.03,6.1632,0.0868,-3.2118,21.0938,22.8299,19.0972,-0.6944,-0.6944,기간만료,기간만료,기간만료,기간만료,기간만료,기간만료,20일선이탈,20일선이탈
277810,레인보우로보틱스,로봇,2023-08-01,2023-08-02,122300.0,3.95,-5.7236,-5.7236,-5.7236,-5.7236,-5.7236,-5.7236,-5.7236,-5.7236,손절,손절,손절,손절,손절,손절,손절,손절
277810,레인보우로보틱스,로봇,2023-08-04,2023-08-07,134000.0,15.26,4.1045,8.2836,5.597,1.3433,-10.7463,-10.7463,-10.7463,-10.7463,기간만료,기간만료,기간만료,기간만료,손절,손절,손절,손절
277810,레인보우로보틱스,로봇,2023-08-07,2023-08-08,139500.0,20.29,4.0143,1.4337,-0.2151,-1.6487,-14.2652,-14.2652,-14.2652,-14.2652,기간만료,기간만료,기간만료,기간만료,손절,손절,손절,손절
277810,레인보우로보틱스,로봇,2023-08-31,2023-09-01,155400.0,20.91,3.1532,4.8906,10.7465,22.5869,34.8134,27.0914,2.574,2.574,기간만료,기간만료,기간만료,기간만료,기간만료,기간만료,기간만료,20일선이탈
277810,레인보우로보틱스,로봇,2023-09-01,2023-09-04,160300.0,21.57,1.6843,7.3612,9.7941,37.2427,21.0855,11.6656,-0.5614,-0.5614,기간만료,기간만료,기간만료,기간만료,기간만료,기간만료,20일선이탈,20일선이탈
277810,레인보우로보틱스,로봇,2023-09-05,2023-09-06,172100.0,16.31,2.2661,10.6915,27.8327,12.7833,14.7589,2.731,-7.3794,-7.3794,기간만료,기간만료,기간만료,기간만료,기간만료,기간만료,20일선이탈,20일선이탈
277810,레인보우로보틱스,로봇,2023-09-07,2023-09-08,190500.0,22.88,15.4856,9.9738,1.8898,3.6745,-6.4567,-6.4567,-6.4567,-6.4567,기간만료,기간만료,기간만료,기간만료,손절,손절,손절,손절
277810,레인보우로보틱스,로봇,2023-09-08,2023-09-11,220000.0,30.89,-4.7727,-11.7727,-11.7727,-11.7727,-11.7727,-11.7727,-11.7727,-11.7727,기간만료,손절,손절,손절,손절,손절,손절,손절
277810,레인보우로보틱스,로봇,2023-11-06,2023-11-07,171700.0,2.08,-3.2615,-3.8439,-6.5812,-11.1823,-11.1823,-11.1823,-11.1823,-11.1823,기간만료,기간만료,기간만료,손절,손절,손절,손절,손절
277810,레인보우로보틱스,로봇,2023-11-28,2023-11-29,188800.0,29.87,-5.0318,-5.0318,-5.0318,-5.0318,-5.0318,-5.0318,-5.0318,-5.0318,손절,손절,손절,손절,손절,손절,손절,손절
277810,레인보우로보틱스,로봇,2024-02-08,2024-02-13,165400.0,-9.8,3.7485,7.9202,5.9855,0.9674,1.0883,1.6324,-2.0556,-2.0556,기간만료,기간만료,기간만료,기간만료,기간만료,기간만료,20일선이탈,20일선이탈
277810,레인보우로보틱스,로봇,2024-02-13,2024-02-14,171600.0,-15.66,4.021,2.1562,-2.0979,-2.6807,0.4079,-3.7879,-5.5944,-5.5944,기간만료,기간만료,기간만료,기간만료,기간만료,기간만료,손절,손절
277810,레인보우로보틱스,로봇,2024-03-14,2024-03-15,177600.0,-1.67,0.0563,2.9842,8.0518,14.8649,6.4189,5.9685,0.0563,0.0563,기간만료,기간만료,기간만료,기간만료,기간만료,기간만료,20일선이탈,20일선이탈
277810,레인보우로보틱스,로봇,2024-03-19,2024-03-20,191900.0,7.09,-0.6253,6.3054,2.345,-0.0521,-1.9281,-7.3997,-7.3997,-7.3997,기간만료,기간만료,기간만료,기간만료,기간만료,손절,손절,손절
277810,레인보우로보틱스,로봇,2024-03-21,2024-03-22,204000.0,4.88,-3.7255,-7.3529,-7.3529,-7.3529,-7.3529,-7.3529,-7.3529,-7.3529,기간만료,손절,손절,손절,손절,손절,손절,손절
277810,레인보우로보틱스,로봇,2024-05-10,2024-05-13,179300.0,0.02,-1.227,-0.6135,-1.227,-2.1194,-3.681,-3.681,-3.681,-3.681,기간만료,기간만료,기간만료,기간만료,20일선이탈,20일선이탈,20일선이탈,20일선이탈
277810,레인보우로보틱스,로봇,2024-06-17,2024-06-18,166800.0,-1.65,0.4197,-0.4197,-0.4197,-3.2374,-3.2374,-3.2374,-3.2374,-3.2374,기간만료,기간만료,기간만료,기간만료,20일선이탈,20일선이탈,20일선이탈,20일선이탈
277810,레인보우로보틱스,로봇,2024-08-21,2024-08-22,153200.0,-4.16,0.5222,0.5222,0.3264,-5.6136,-5.7441,-5.7441,-5.7441,-5.7441,기간만료,기간만료,기간만료,기간만료,손절,손절,손절,손절
277810,레인보우로보틱스,로봇,2024-10-14,2024-10-15,140300.0,-0.09,-1.2117,-2.5659,-2.5659,-2.5659,-2.5659,-2.5659,-2.5659,-2.5659,기간만료,기간만료,20일선이탈,20일선이탈,20일선이탈,20일선이탈,20일선이탈,20일선이탈
277810,레인보우로보틱스,로봇,2024-11-12,2024-11-13,131300.0,-2.16,-0.1523,-2.818,3.5034,8.1493,6.2452,7.0069,5.8644,2.0564,기간만료,기간만료,기간만료,기간만료,기간만료,기간만료,기간만료,20일선이탈
277810,레인보우로보틱스,로봇,2024-11-15,2024-11-18,135900.0,1.82,3.0169,4.4886,3.3113,3.0169,3.3848,11.479,-1.3981,-1.3981,기간만료,기간만료,기간만료,기간만료,기간만료,기간만료,20일선이탈,20일선이탈
277810,레인보우로보틱스,로봇,2024-11-18,2024-11-19,140000.0,-0.05,1.4286,0.2857,-0.3571,0.0714,8.7143,2.1429,-4.2857,-4.2857,기간만료,기간만료,기간만료,기간만료,기간만료,기간만료,20일선이탈,20일선이탈
277810,레인보우로보틱스,로봇,2024-11-27,2024-11-28,152200.0,17.94,-1.2484,-0.4599,-6.0447,-6.0447,-6.0447,-6.0447,-6.0447,-6.0447,기간만료,기간만료,손절,손절,손절,손절,손절,손절
277810,레인보우로보틱스,로봇,2024-12-24,2024-12-26,147300.0,0.44,-1.9009,-2.2403,43.2451,56.8228,59.8778,54.7862,77.1894,64.9695,기간만료,기간만료,기간만료,기간만료,기간만료,기간만료,기간만료,기간만료
277810,레인보우로보틱스,로봇,2024-12-30,2025-01-02,211000.0,3.09,6.6351,9.4787,13.0332,9.2417,8.0569,15.4028,19.9052,63.2701,기간만료,기간만료,기간만료,기간만료,기간만료,기간만료,기간만료,기간만료
277810,레인보우로보틱스,로봇,2025-01-02,2025-01-03,225000.0,30.16,2.6667,6.0,4.6667,4.6667,5.1111,9.3333,8.8889,68.4444,기간만료,기간만료,기간만료,기간만료,기간만료,기간만료,기간만료,기간만료
277810,레인보우로보틱스,로봇,2025-01-03,2025-01-06,231000.0,27.02,3.2468,1.9481,-0.2165,-1.2987,8.658,12.987,5.1948,64.0693,기간만료,기간만료,기간만료,기간만료,기간만료,기간만료,기간만료,기간만료
277810,레인보우로보틱스,로봇,2025-01-07,2025-01-08,235500.0,31.15,-2.1231,0.0,-3.1847,6.5817,4.4586,11.8896,32.9087,56.6879,기간만료,기간만료,기간만료,기간만료,기간만료,기간만료,기간만료,기간만료
277810,레인보우로보틱스,로봇,2025-05-14,2025-05-15,313500.0,10.44,-3.9872,-7.177,-7.177,-7.177,-7.177,-7.177,-7.177,-7.177,기간만료,손절,손절,손절,손절,손절,손절,손절
277810,레인보우로보틱스,로봇,2025-06-20,2025-06-23,284000.0,-9.27,12.6761,9.507,5.6338,1.4085,-0.7042,-0.7042,-0.7042,-0.7042,기간만료,기간만료,기간만료,기간만료,20일선이탈,20일선이탈,20일선이탈,20일선이탈
277810,레인보우로보틱스,로봇,2025-06-23,2025-06-24,320000.0,7.12,-2.8125,-6.25,-6.25,-6.25,-6.25,-6.25,-6.25,-6.25,기간만료,손절,손절,손절,손절,손절,손절,손절
277810,레인보우로보틱스,로봇,2025-06-24,2025-06-25,311000.0,8.47,-3.537,-6.7524,-6.7524,-6.7524,-6.7524,-6.7524,-6.7524,-6.7524,기간만료,손절,손절,손절,손절,손절,손절,손절
277810,레인보우로보틱스,로봇,2025-07-30,2025-07-31,280500.0,-5.4,-3.0303,-7.3084,-7.3084,-7.3084,-7.3084,-7.3084,-7.3084,-7.3084,기간만료,손절,손절,손절,손절,손절,손절,손절
277810,레인보우로보틱스,로봇,2025-08-25,2025-08-26,284000.0,5.79,2.4648,2.6408,-2.1127,-4.9296,-4.9296,-4.9296,-4.9296,-4.9296,기간만료,기간만료,기간만료,손절,손절,손절,손절,손절
277810,레인보우로보틱스,로봇,2025-09-10,2025-09-11,288000.0,3.32,1.9097,7.1181,5.5556,1.0417,10.9375,11.9792,7.6389,17.0139,기간만료,기간만료,기간만료,기간만료,기간만료,기간만료,기간만료,기간만료
277810,레인보우로보틱스,로봇,2025-09-25,2025-09-26,322500.0,17.43,-1.5504,-2.0155,-4.8062,-3.876,7.1318,4.4961,3.876,16.7442,기간만료,기간만료,기간만료,기간만료,기간만료,기간만료,기간만료,기간만료
277810,레인보우로보틱스,로봇,2025-10-31,2025-11-03,437000.0,21.91,7.6659,9.1533,7.3227,-7.0938,-7.0938,-7.0938,-7.0938,-7.0938,기간만료,기간만료,기간만료,손절,손절,손절,손절,손절
277810,레인보우로보틱스,로봇,2025-11-03,2025-11-04,470500.0,36.84,1.3815,-0.3188,-16.8969,-16.8969,-16.8969,-16.8969,-16.8969,-16.8969,기간만료,기간만료,손절,손절,손절,손절,손절,손절
277810,레인보우로보틱스,로봇,2025-12-04,2025-12-05,474000.0,22.88,-6.8565,-6.8565,-6.8565,-6.8565,-6.8565,-6.8565,-6.8565,-6.8565,손절,손절,손절,손절,손절,손절,손절,손절
277810,레인보우로보틱스,로봇,2025-12-23,2025-12-24,497000.0,31.87,-2.0121,-4.5272,-4.0241,-5.4326,-5.4326,-5.4326,-5.4326,-5.4326,기간만료,기간만료,기간만료,손절,손절,손절,손절,손절
277810,레인보우로보틱스,로봇,2026-01-15,2026-01-16,512000.0,-3.68,-2.4414,1.5625,-2.1484,-1.5625,26.9531,52.3438,30.8594,29.8828,기간만료,기간만료,기간만료,기간만료,기간만료,기간만료,기간만료,기간만료
277810,레인보우로보틱스,로봇,2026-01-26,2026-01-27,650000.0,34.6,1.6923,7.8462,20.0,14.3077,13.6923,9.5385,9.2308,30.9231,기간만료,기간만료,기간만료,기간만료,기간만료,기간만료,기간만료,기간만료
277810,레인보우로보틱스,로봇,2026-04-27,2026-04-28,693000.0,-0.22,-2.7417,1.5873,-1.1544,2.1645,13.4199,29.0043,-4.329,-4.329,기간만료,기간만료,기간만료,기간만료,기간만료,기간만료,20일선이탈,20일선이탈
277810,레인보우로보틱스,로봇,2026-05-08,2026-05-11,786000.0,-7.23,12.7226,7.3791,13.7405,2.2901,-5.7252,-5.7252,-5.7252,-5.7252,기간만료,기간만료,기간만료,기간만료,손절,손절,손절,손절
277810,레인보우로보틱스,로봇,2026-05-11,2026-05-12,886000.0,-5.63,-4.7404,0.9029,-4.4018,-4.4018,-4.4018,-4.4018,-4.4018,-4.4018,기간만료,기간만료,손절,손절,손절,손절,손절,손절
277810,레인보우로보틱스,로봇,2026-07-22,2026-07-23,517000.0,4.73,-5.706,-14.8936,-14.8936,-14.8936,-14.8936,-14.8936,-14.8936,-14.8936,기간만료,손절,손절,손절,손절,손절,손절,손절
277810,레인보우로보틱스,로봇,2026-07-23,2026-07-24,487500.0,0.86,-9.7436,-9.7436,-9.7436,-9.7436,-9.7436,-9.7436,-9.7436,-9.7436,손절,손절,손절,손절,손절,손절,손절,손절
090360,로보스타,로봇,2020-02-13,2020-02-14,17800.0,-3.62,-1.1236,-1.6854,-2.5281,-5.618,-5.618,-5.618,-5.618,-5.618,기간만료,기간만료,기간만료,20일선이탈,20일선이탈,20일선이탈,20일선이탈,20일선이탈
090360,로보스타,로봇,2020-04-07,2020-04-08,12000.0,-4.93,2.9167,1.6667,-0.8333,1.6667,9.5833,6.25,33.3333,37.9167,기간만료,기간만료,기간만료,기간만료,기간만료,기간만료,기간만료,기간만료
090360,로보스타,로봇,2020-04-23,2020-04-24,14400.0,36.8,3.125,10.7639,14.2361,13.1944,13.1944,8.6806,6.9444,14.2361,기간만료,기간만료,기간만료,기간만료,기간만료,기간만료,기간만료,기간만료
090360,로보스타,로봇,2020-04-28,2020-04-29,16450.0,36.4,-2.7356,-0.9119,-1.8237,-1.5198,-4.8632,-5.4711,-5.4711,-5.4711,기간만료,기간만료,기간만료,기간만료,기간만료,손절,손절,손절
090360,로보스타,로봇,2020-05-21,2020-05-22,16800.0,28.49,-4.4643,-2.0833,-2.0833,-6.5476,-6.5476,-6.5476,-6.5476,-6.5476,기간만료,기간만료,기간만료,손절,손절,손절,손절,손절
090360,로보스타,로봇,2020-08-10,2020-08-11,14750.0,4.29,-3.0508,-3.7288,-3.7288,-3.7288,-3.7288,-3.7288,-3.7288,-3.7288,기간만료,기간만료,20일선이탈,20일선이탈,20일선이탈,20일선이탈,20일선이탈,20일선이탈
090360,로보스타,로봇,2020-11-11,2020-11-12,13350.0,-3.5,0.3745,-3.3708,-3.7453,-2.2472,-1.4981,-2.2472,-2.6217,-2.6217,기간만료,기간만료,기간만료,기간만료,기간만료,기간만료,20일선이탈,20일선이탈
090360,로보스타,로봇,2020-11-24,2020-11-25,13400.0,-7.28,-2.6119,-3.7313,-2.9851,-2.9851,-2.9851,-2.9851,-2.9851,-2.9851,기간만료,기간만료,기간만료,20일선이탈,20일선이탈,20일선이탈,20일선이탈,20일선이탈
090360,로보스타,로봇,2020-12-14,2020-12-15,17900.0,4.68,6.1453,2.514,0.2793,2.2346,21.5084,3.9106,23.1844,17.8771,기간만료,기간만료,기간만료,기간만료,기간만료,기간만료,기간만료,기간만료
090360,로보스타,로봇,2020-12-15,2020-12-16,19000.0,6.22,-3.4211,-5.5263,-5.5263,-5.5263,-5.5263,-5.5263,-5.5263,-5.5263,기간만료,손절,손절,손절,손절,손절,손절,손절
090360,로보스타,로봇,2021-01-20,2021-01-21,21900.0,6.39,4.5662,2.7397,45.4338,35.8447,23.2877,34.9315,32.8767,41.3242,기간만료,기간만료,기간만료,기간만료,기간만료,기간만료,기간만료,기간만료
090360,로보스타,로봇,2021-01-21,2021-01-22,22900.0,11.14,-1.7467,39.083,31.441,27.5109,21.3974,28.821,32.3144,28.1659,기간만료,기간만료,기간만료,기간만료,기간만료,기간만료,기간만료,기간만료
090360,로보스타,로봇,2021-01-25,2021-01-26,31850.0,23.52,-5.4945,-6.5934,-8.3203,-8.3203,-8.3203,-8.3203,-8.3203,-8.3203,기간만료,기간만료,손절,손절,손절,손절,손절,손절
090360,로보스타,로봇,2021-01-26,2021-01-27,30100.0,33.28,-1.1628,-2.99,-10.299,-10.299,-10.299,-10.299,-10.299,-10.299,기간만료,기간만료,손절,손절,손절,손절,손절,손절
090360,로보스타,로봇,2021-04-01,2021-04-02,25900.0,-2.68,4.8263,13.7066,15.444,16.9884,12.3552,16.7954,10.2317,9.2664,기간만료,기간만료,기간만료,기간만료,기간만료,기간만료,기간만료,20일선이탈
090360,로보스타,로봇,2021-04-05,2021-04-06,29450.0,2.33,1.528,-2.8862,2.8862,-1.1885,0.6791,-0.5093,-3.9049,-3.9049,기간만료,기간만료,기간만료,기간만료,기간만료,기간만료,20일선이탈,20일선이탈
090360,로보스타,로봇,2021-04-06,2021-04-07,29900.0,6.51,-4.3478,1.3378,0.5017,-2.3411,1.1706,-2.5084,-5.3512,-5.3512,기간만료,기간만료,기간만료,기간만료,기간만료,기간만료,손절,손절
090360,로보스타,로봇,2021-04-08,2021-04-09,30300.0,9.33,-0.8251,-3.9604,-3.6304,-0.165,-3.3003,-5.7756,-5.7756,-5.7756,기간만료,기간만료,기간만료,기간만료,기간만료,손절,손절,손절
090360,로보스타,로봇,2021-06-03,2021-06-04,27100.0,-4.21,2.3985,0.0,-2.952,-2.583,-1.476,3.321,-1.107,-1.107,기간만료,기간만료,기간만료,기간만료,기간만료,기간만료,20일선이탈,20일선이탈
090360,로보스타,로봇,2021-06-16,2021-06-17,27500.0,1.02,1.8182,0.0,-1.0909,-2.5455,-2.5455,-2.5455,-2.5455,-2.5455,기간만료,기간만료,기간만료,기간만료,20일선이탈,20일선이탈,20일선이탈,20일선이탈
090360,로보스타,로봇,2021-06-24,2021-06-25,28400.0,2.75,-0.7042,-0.3521,-2.993,-3.3451,-5.6338,-5.6338,-5.6338,-5.6338,기간만료,기간만료,기간만료,기간만료,20일선이탈,20일선이탈,20일선이탈,20일선이탈
090360,로보스타,로봇,2021-07-13,2021-07-14,27250.0,1.07,1.4679,0.5505,0.367,-2.7523,-2.7523,-2.7523,-2.7523,-2.7523,기간만료,기간만료,기간만료,20일선이탈,20일선이탈,20일선이탈,20일선이탈,20일선이탈
090360,로보스타,로봇,2021-09-03,2021-09-06,24700.0,-0.84,0.0,-1.0121,-2.834,-5.2632,-5.2632,-5.2632,-5.2632,-5.2632,기간만료,기간만료,기간만료,손절,손절,손절,손절,손절
090360,로보스타,로봇,2021-11-15,2021-11-16,20400.0,-1.38,0.0,0.0,0.0,0.0,0.0,0.0,0.0,0.0,기간만료,20일선이탈,20일선이탈,20일선이탈,20일선이탈,20일선이탈,20일선이탈,20일선이탈
090360,로보스타,로봇,2021-11-19,2021-11-22,21200.0,6.21,1.1792,-3.7736,-2.3585,-4.717,-4.717,-4.717,-4.717,-4.717,기간만료,기간만료,기간만료,20일선이탈,20일선이탈,20일선이탈,20일선이탈,20일선이탈
090360,로보스타,로봇,2021-12-13,2021-12-14,22450.0,10.9,-8.2405,-8.2405,-8.2405,-8.2405,-8.2405,-8.2405,-8.2405,-8.2405,손절,손절,손절,손절,손절,손절,손절,손절
090360,로보스타,로봇,2021-12-16,2021-12-17,24350.0,23.87,2.6694,-3.6961,0.4107,-1.0267,7.5975,19.9179,13.5524,6.1602,기간만료,기간만료,기간만료,기간만료,기간만료,기간만료,기간만료,기간만료
090360,로보스타,로봇,2021-12-27,2021-12-28,26200.0,40.18,0.9542,7.4427,11.4504,3.0534,1.145,-2.6718,-1.3359,-1.3359,기간만료,기간만료,기간만료,기간만료,기간만료,기간만료,20일선이탈,20일선이탈
090360,로보스타,로봇,2021-12-29,2021-12-30,28150.0,40.47,3.73,3.73,3.73,3.73,3.73,3.73,3.73,3.73,손절,손절,손절,손절,손절,손절,손절,손절
090360,로보스타,로봇,2022-01-04,2022-01-05,30500.0,71.72,-11.4754,-11.4754,-11.4754,-11.4754,-11.4754,-11.4754,-11.4754,-11.4754,손절,손절,손절,손절,손절,손절,손절,손절
090360,로보스타,로봇,2022-02-25,2022-02-28,23200.0,11.03,0.431,2.1552,1.5086,-4.7414,-4.0948,-4.0948,-4.0948,-4.0948,기간만료,기간만료,기간만료,기간만료,20일선이탈,20일선이탈,20일선이탈,20일선이탈
090360,로보스타,로봇,2022-03-14,2022-03-15,25850.0,7.07,0.0,0.0,2.3211,2.1277,4.2553,6.383,2.3211,-3.2882,기간만료,기간만료,기간만료,기간만료,기간만료,기간만료,기간만료,20일선이탈
090360,로보스타,로봇,2022-03-18,2022-03-21,27000.0,18.88,-2.2222,-1.4815,-0.1852,1.6667,-2.2222,-6.1111,-6.1111,-6.1111,기간만료,기간만료,기간만료,기간만료,기간만료,손절,손절,손절
090360,로보스타,로봇,2022-06-15,2022-06-16,22700.0,16.55,-5.5066,-5.5066,-5.5066,-5.5066,-5.5066,-5.5066,-5.5066,-5.5066,기간만료,20일선이탈,20일선이탈,20일선이탈,20일선이탈,20일선이탈,20일선이탈,20일선이탈
090360,로보스타,로봇,2022-08-01,2022-08-02,20800.0,17.04,1.9231,0.4808,-1.2019,0.0,-0.4808,1.4423,-3.8462,-3.8462,기간만료,기간만료,기간만료,기간만료,기간만료,기간만료,20일선이탈,20일선이탈
090360,로보스타,로봇,2022-08-02,2022-08-03,21200.0,20.4,-1.4151,-3.066,-2.1226,-2.3585,-2.8302,0.2358,-5.6604,-5.6604,기간만료,기간만료,기간만료,기간만료,기간만료,기간만료,20일선이탈,20일선이탈
090360,로보스타,로봇,2022-09-20,2022-09-21,21350.0,21.14,-2.5761,0.7026,-3.5129,-9.3677,-9.3677,-9.3677,-9.3677,-9.3677,기간만료,기간만료,기간만료,손절,손절,손절,손절,손절
090360,로보스타,로봇,2022-11-09,2022-11-10,18750.0,-11.23,2.9333,1.8667,2.9333,2.9333,4.5333,6.9333,10.9333,7.7333,기간만료,기간만료,기간만료,기간만료,기간만료,기간만료,기간만료,기간만료
090360,로보스타,로봇,2022-11-22,2022-11-23,20400.0,-5.23,-1.7157,-1.9608,-3.1863,-5.1471,-5.1471,-5.1471,-5.1471,-5.1471,기간만료,기간만료,기간만료,손절,손절,손절,손절,손절
090360,로보스타,로봇,2022-11-29,2022-11-30,20250.0,-3.49,2.716,0.7407,4.1975,-3.4568,-0.2469,-0.2469,-0.2469,-0.2469,기간만료,기간만료,기간만료,기간만료,20일선이탈,20일선이탈,20일선이탈,20일선이탈
090360,로보스타,로봇,2023-01-05,2023-01-06,20150.0,14.61,2.9777,3.7221,6.4516,1.9851,5.7072,29.7767,47.3945,50.1241,기간만료,기간만료,기간만료,기간만료,기간만료,기간만료,기간만료,기간만료
090360,로보스타,로봇,2023-01-09,2023-01-10,20900.0,17.96,2.6316,0.7177,-1.6746,1.9139,24.6411,43.0622,53.8278,39.7129,기간만료,기간만료,기간만료,기간만료,기간만료,기간만료,기간만료,기간만료
090360,로보스타,로봇,2023-01-18,2023-01-19,26050.0,34.06,0.3839,6.142,14.7793,11.7083,33.2054,18.4261,10.9405,7.1017,기간만료,기간만료,기간만료,기간만료,기간만료,기간만료,기간만료,20일선이탈
090360,로보스타,로봇,2023-01-20,2023-01-25,27650.0,44.12,8.1374,1.085,5.2441,25.4973,19.5298,9.0416,7.7758,0.9042,기간만료,기간만료,기간만료,기간만료,기간만료,기간만료,기간만료,20일선이탈
090360,로보스타,로봇,2023-02-27,2023-02-28,35100.0,26.8,-3.7037,3.8462,-4.2735,1.567,1.567,1.567,1.567,1.567,기간만료,기간만료,기간만료,손절,손절,손절,손절,손절
090360,로보스타,로봇,2023-02-28,2023-03-02,33800.0,15.92,7.8402,-0.5917,-0.4438,3.5503,-3.6982,-6.213,-6.213,-6.213,기간만료,기간만료,기간만료,기간만료,기간만료,손절,손절,손절
090360,로보스타,로봇,2023-03-02,2023-03-03,36450.0,16.64,-7.8189,-7.8189,-7.8189,-7.8189,-7.8189,-7.8189,-7.8189,-7.8189,손절,손절,손절,손절,손절,손절,손절,손절
090360,로보스타,로봇,2023-03-08,2023-03-09,35000.0,19.44,-8.0,-8.0,-8.0,-8.0,-8.0,-8.0,-8.0,-8.0,손절,손절,손절,손절,손절,손절,손절,손절
090360,로보스타,로봇,2023-03-17,2023-03-20,41500.0,66.88,-6.3855,-6.3855,-6.3855,-6.3855,-6.3855,-6.3855,-6.3855,-6.3855,손절,손절,손절,손절,손절,손절,손절,손절
090360,로보스타,로봇,2023-03-28,2023-03-29,42550.0,38.95,-0.8226,1.7626,-3.2902,-6.3455,-6.3455,-6.3455,-6.3455,-6.3455,기간만료,기간만료,기간만료,손절,손절,손절,손절,손절
090360,로보스타,로봇,2023-06-07,2023-06-08,33700.0,1.9,-0.2967,0.0,-1.4837,-4.451,-4.451,-4.451,-4.451,-4.451,기간만료,기간만료,기간만료,손절,손절,손절,손절,손절
090360,로보스타,로봇,2023-07-19,2023-07-20,29750.0,-4.3,0.3361,3.5294,2.1849,-5.042,-5.042,-5.042,-5.042,-5.042,기간만료,기간만료,기간만료,20일선이탈,20일선이탈,20일선이탈,20일선이탈,20일선이탈
090360,로보스타,로봇,2023-07-21,2023-07-24,30800.0,-1.55,-1.2987,-8.2792,-8.2792,-8.2792,-8.2792,-8.2792,-8.2792,-8.2792,기간만료,손절,손절,손절,손절,손절,손절,손절
090360,로보스타,로봇,2023-08-04,2023-08-07,31750.0,15.26,2.6772,-0.4724,2.0472,5.8268,-3.7795,-8.6614,-8.6614,-8.6614,기간만료,기간만료,기간만료,기간만료,기간만료,손절,손절,손절
090360,로보스타,로봇,2023-08-07,2023-08-08,32600.0,20.29,-3.0675,-0.6135,-3.9877,2.7607,-7.9755,-7.9755,-7.9755,-7.9755,기간만료,기간만료,기간만료,기간만료,손절,손절,손절,손절
090360,로보스타,로봇,2023-08-11,2023-08-14,33600.0,25.84,-0.2976,-9.0774,-9.0774,-9.0774,-9.0774,-9.0774,-9.0774,-9.0774,기간만료,손절,손절,손절,손절,손절,손절,손절
090360,로보스타,로봇,2023-09-04,2023-09-05,34850.0,14.5,1.5782,1.2912,9.3257,0.8608,-7.0301,-7.0301,-7.0301,-7.0301,기간만료,기간만료,기간만료,기간만료,손절,손절,손절,손절
090360,로보스타,로봇,2023-09-05,2023-09-06,35400.0,16.31,-0.2825,7.6271,6.7797,-8.4746,-8.4746,-8.4746,-8.4746,-8.4746,기간만료,기간만료,기간만료,손절,손절,손절,손절,손절
090360,로보스타,로봇,2023-09-07,2023-09-08,38100.0,22.88,-0.7874,-7.7428,-7.7428,-7.7428,-7.7428,-7.7428,-7.7428,-7.7428,기간만료,손절,손절,손절,손절,손절,손절,손절
090360,로보스타,로봇,2023-09-08,2023-09-11,37800.0,30.89,-7.0106,-7.0106,-7.0106,-7.0106,-7.0106,-7.0106,-7.0106,-7.0106,손절,손절,손절,손절,손절,손절,손절,손절
090360,로보스타,로봇,2023-12-11,2023-12-12,28200.0,21.48,-1.9504,-0.8865,0.3546,0.8865,-1.773,-2.4823,-2.4823,-2.4823,기간만료,기간만료,기간만료,기간만료,기간만료,20일선이탈,20일선이탈,20일선이탈
090360,로보스타,로봇,2023-12-27,2023-12-28,29850.0,3.48,-0.1675,0.0,-1.1725,0.8375,-0.5025,13.5678,11.0553,9.8827,기간만료,기간만료,기간만료,기간만료,기간만료,기간만료,기간만료,기간만료
090360,로보스타,로봇,2024-01-12,2024-01-15,33900.0,15.05,0.1475,-0.295,-2.8024,-2.2124,-2.2124,-3.2448,-9.587,-9.587,기간만료,기간만료,기간만료,기간만료,기간만료,기간만료,손절,손절
090360,로보스타,로봇,2024-02-27,2024-02-28,35050.0,-6.29,-1.7118,-6.7047,-6.7047,-6.7047,-6.7047,-6.7047,-6.7047,-6.7047,기간만료,손절,손절,손절,손절,손절,손절,손절
090360,로보스타,로봇,2024-05-20,2024-05-21,31200.0,-1.51,-0.8013,-0.8013,-0.8013,-0.8013,-0.8013,-0.8013,-0.8013,-0.8013,기간만료,20일선이탈,20일선이탈,20일선이탈,20일선이탈,20일선이탈,20일선이탈,20일선이탈
090360,로보스타,로봇,2024-11-19,2024-11-20,22350.0,9.13,-3.5794,2.2371,-0.4474,3.132,2.9083,-4.2506,-4.2506,-4.2506,기간만료,기간만료,기간만료,기간만료,기간만료,20일선이탈,20일선이탈,20일선이탈
090360,로보스타,로봇,2024-11-22,2024-11-25,22250.0,11.9,1.573,3.5955,6.9663,2.2472,-3.8202,-3.8202,-3.8202,-3.8202,기간만료,기간만료,기간만료,기간만료,20일선이탈,20일선이탈,20일선이탈,20일선이탈
090360,로보스타,로봇,2024-12-30,2025-01-02,23900.0,3.09,6.6946,4.8117,10.6695,2.7197,13.1799,10.4603,23.2218,22.1757,기간만료,기간만료,기간만료,기간만료,기간만료,기간만료,기간만료,기간만료
090360,로보스타,로봇,2025-01-02,2025-01-03,25500.0,30.16,-1.7647,3.7255,-2.1569,9.0196,5.8824,3.3333,10.5882,15.4902,기간만료,기간만료,기간만료,기간만료,기간만료,기간만료,기간만료,기간만료
090360,로보스타,로봇,2025-01-06,2025-01-07,26450.0,32.96,-5.6711,-5.6711,-5.6711,-5.6711,-5.6711,-5.6711,-5.6711,-5.6711,손절,손절,손절,손절,손절,손절,손절,손절
090360,로보스타,로봇,2025-01-09,2025-01-10,27800.0,49.38,-2.6978,-2.8777,-2.3381,-5.036,-5.036,-5.036,-5.036,-5.036,기간만료,기간만료,기간만료,손절,손절,손절,손절,손절
090360,로보스타,로봇,2025-01-21,2025-01-22,30900.0,56.67,-4.6926,-8.7379,-8.7379,-8.7379,-8.7379,-8.7379,-8.7379,-8.7379,기간만료,손절,손절,손절,손절,손절,손절,손절
090360,로보스타,로봇,2025-04-15,2025-04-16,24750.0,-5.31,-4.6465,-2.4242,-4.2424,-1.4141,-1.0101,0.6061,-1.0101,6.8687,기간만료,기간만료,기간만료,기간만료,기간만료,기간만료,기간만료,기간만료
090360,로보스타,로봇,2025-05-14,2025-05-15,27000.0,10.44,-1.8519,-2.037,-4.8148,-4.8148,-4.8148,-4.8148,-4.8148,-4.8148,기간만료,기간만료,손절,손절,손절,손절,손절,손절
090360,로보스타,로봇,2025-05-16,2025-05-19,26450.0,7.98,-2.8355,-3.9698,-5.104,-7.1834,-7.1834,-7.1834,-7.1834,-7.1834,기간만료,기간만료,기간만료,손절,손절,손절,손절,손절
090360,로보스타,로봇,2025-06-17,2025-06-18,25600.0,-17.8,2.1484,0.0,0.7812,22.6562,14.2578,12.8906,9.5703,7.4219,기간만료,기간만료,기간만료,기간만료,기간만료,기간만료,기간만료,20일선이탈
090360,로보스타,로봇,2025-06-20,2025-06-23,25800.0,-9.27,26.5504,21.7054,17.8295,16.8605,12.0155,6.9767,6.5891,6.5891,기간만료,기간만료,기간만료,기간만료,기간만료,기간만료,기간만료,20일선이탈
090360,로보스타,로봇,2025-06-23,2025-06-24,32650.0,7.12,-3.8285,-6.8913,-6.8913,-6.8913,-6.8913,-6.8913,-6.8913,-6.8913,기간만료,손절,손절,손절,손절,손절,손절,손절
090360,로보스타,로봇,2025-08-25,2025-08-26,27650.0,5.79,2.5316,5.425,0.0,4.7016,5.2441,5.6058,29.8373,83.7251,기간만료,기간만료,기간만료,기간만료,기간만료,기간만료,기간만료,기간만료
090360,로보스타,로봇,2025-09-02,2025-09-03,29450.0,13.69,-1.1885,0.5093,1.1885,0.5093,3.9049,19.3548,72.1562,52.6316,기간만료,기간만료,기간만료,기간만료,기간만료,기간만료,기간만료,기간만료
090360,로보스타,로봇,2025-09-12,2025-09-15,37750.0,7.15,-4.9007,-6.8874,-6.8874,-6.8874,-6.8874,-6.8874,-6.8874,-6.8874,기간만료,손절,손절,손절,손절,손절,손절,손절
090360,로보스타,로봇,2025-09-15,2025-09-16,35900.0,13.17,-2.0891,5.9889,5.9889,5.9889,5.9889,5.9889,5.9889,5.9889,기간만료,손절,손절,손절,손절,손절,손절,손절
090360,로보스타,로봇,2025-09-18,2025-09-22,48300.0,19.93,3.4161,5.176,4.9689,-5.176,-5.176,-5.176,-5.176,-5.176,기간만료,기간만료,기간만료,손절,손절,손절,손절,손절
090360,로보스타,로봇,2025-10-10,2025-10-13,45850.0,21.78,6.6521,43.5115,47.0011,41.3304,46.783,75.1363,91.494,69.6838,기간만료,기간만료,기간만료,기간만료,기간만료,기간만료,기간만료,기간만료
090360,로보스타,로봇,2025-10-14,2025-10-15,65800.0,28.2,2.4316,2.4316,-1.5198,2.2796,4.4073,28.5714,36.6261,21.7325,기간만료,기간만료,기간만료,기간만료,기간만료,기간만료,기간만료,20일선이탈
090360,로보스타,로봇,2025-10-15,2025-10-16,67400.0,36.06,0.0,-3.8576,5.3412,-0.2967,19.1395,26.7062,34.5697,18.8427,기간만료,기간만료,기간만료,기간만료,기간만료,기간만료,기간만료,20일선이탈
090360,로보스타,로봇,2025-10-16,2025-10-17,67400.0,34.38,-3.8576,5.3412,-0.1484,1.9288,20.7715,32.1958,9.7923,18.8427,기간만료,기간만료,기간만료,기간만료,기간만료,기간만료,기간만료,20일선이탈
090360,로보스타,로봇,2025-10-24,2025-10-27,80300.0,20.85,1.3699,5.3549,6.3512,9.34,11.9552,-3.1133,-0.2491,-0.2491,기간만료,기간만료,기간만료,기간만료,기간만료,기간만료,20일선이탈,20일선이탈
090360,로보스타,로봇,2025-12-03,2025-12-04,81200.0,8.23,-0.2463,-7.5123,-7.5123,-7.5123,-7.5123,-7.5123,-7.5123,-7.5123,기간만료,손절,손절,손절,손절,손절,손절,손절
090360,로보스타,로봇,2025-12-04,2025-12-05,81000.0,22.88,-7.284,-7.284,-7.284,-7.284,-7.284,-7.284,-7.284,-7.284,손절,손절,손절,손절,손절,손절,손절,손절
090360,로보스타,로봇,2025-12-29,2025-12-30,84400.0,8.2,-5.0948,-5.0948,-5.0948,-5.0948,-5.0948,-5.0948,-5.0948,-5.0948,손절,손절,손절,손절,손절,손절,손절,손절
090360,로보스타,로봇,2026-01-19,2026-01-20,95000.0,26.67,-12.4211,-12.4211,-12.4211,-12.4211,-12.4211,-12.4211,-12.4211,-12.4211,손절,손절,손절,손절,손절,손절,손절,손절
090360,로보스타,로봇,2026-04-09,2026-04-10,62500.0,-16.95,-6.4,-6.4,-6.4,-6.4,-6.4,-6.4,-6.4,-6.4,기간만료,20일선이탈,20일선이탈,20일선이탈,20일선이탈,20일선이탈,20일선이탈,20일선이탈
090360,로보스타,로봇,2026-04-27,2026-04-28,74800.0,-0.22,-3.3422,0.6684,0.6684,0.6684,0.6684,0.6684,0.6684,0.6684,기간만료,손절,손절,손절,손절,손절,손절,손절
090360,로보스타,로봇,2026-04-30,2026-05-04,74400.0,-3.14,-4.3011,-5.914,-5.914,-5.914,-5.914,-5.914,-5.914,-5.914,기간만료,손절,손절,손절,손절,손절,손절,손절
090360,로보스타,로봇,2026-05-13,2026-05-14,79500.0,0.21,10.6918,18.9937,3.1447,-6.7925,-6.7925,-6.7925,-6.7925,-6.7925,기간만료,기간만료,기간만료,손절,손절,손절,손절,손절
090360,로보스타,로봇,2026-05-14,2026-05-15,88000.0,-6.19,7.5,-6.8182,-16.9318,-16.9318,-16.9318,-16.9318,-16.9318,-16.9318,기간만료,기간만료,손절,손절,손절,손절,손절,손절
090360,로보스타,로봇,2026-05-15,2026-05-18,94600.0,3.42,-13.3192,-13.3192,-13.3192,-13.3192,-13.3192,-13.3192,-13.3192,-13.3192,손절,손절,손절,손절,손절,손절,손절,손절
090360,로보스타,로봇,2026-05-21,2026-05-22,86400.0,-6.93,0.1157,-2.5463,-5.4398,-5.4398,-5.4398,-5.4398,-5.4398,-5.4398,기간만료,기간만료,손절,손절,손절,손절,손절,손절
090360,로보스타,로봇,2026-05-29,2026-06-01,122200.0,-26.21,23.8953,12.766,6.3011,11.5385,-16.5303,-16.5303,-16.5303,-16.5303,기간만료,기간만료,기간만료,기간만료,손절,손절,손절,손절
090360,로보스타,로봇,2026-06-02,2026-06-04,137800.0,-4.42,-5.7329,2.3222,-1.0885,-19.3759,-19.3759,-19.3759,-19.3759,-19.3759,기간만료,기간만료,기간만료,손절,손절,손절,손절,손절
090360,로보스타,로봇,2026-06-05,2026-06-08,141000.0,1.95,-3.3333,-21.2057,-21.2057,-21.2057,-21.2057,-21.2057,-21.2057,-21.2057,기간만료,손절,손절,손절,손절,손절,손절,손절
058610,에스피지,로봇,2020-04-23,2020-04-24,5580.0,36.8,-5.1971,-5.1971,-5.1971,-5.1971,-5.1971,-5.1971,-5.1971,-5.1971,손절,손절,손절,손절,손절,손절,손절,손절
058610,에스피지,로봇,2020-06-01,2020-06-02,6310.0,10.17,-0.1585,-0.6339,-0.9509,-0.317,-1.2678,-4.7544,-4.7544,-4.7544,기간만료,기간만료,기간만료,기간만료,기간만료,20일선이탈,20일선이탈,20일선이탈
058610,에스피지,로봇,2020-07-20,2020-07-21,6300.0,-1.0,0.9524,2.381,1.746,1.746,4.7619,3.0159,9.6825,0.9524,기간만료,기간만료,기간만료,기간만료,기간만료,기간만료,기간만료,기간만료
058610,에스피지,로봇,2020-08-10,2020-08-11,6910.0,4.29,-0.1447,-2.3155,-0.4342,-7.9595,-7.9595,-7.9595,-7.9595,-7.9595,기간만료,기간만료,기간만료,손절,손절,손절,손절,손절
058610,에스피지,로봇,2020-10-05,2020-10-06,6740.0,6.12,-1.4837,-0.7418,9.3472,10.2374,6.9733,15.2819,-0.4451,-0.4451,기간만료,기간만료,기간만료,기간만료,기간만료,기간만료,20일선이탈,20일선이탈
058610,에스피지,로봇,2020-10-08,2020-10-12,7370.0,6.19,2.7137,0.8141,-0.9498,6.9199,5.4274,-0.9498,-8.9552,-8.9552,기간만료,기간만료,기간만료,기간만료,기간만료,기간만료,손절,손절
058610,에스피지,로봇,2020-10-20,2020-10-21,7770.0,3.85,-5.0193,-7.3359,-7.3359,-7.3359,-7.3359,-7.3359,-7.3359,-7.3359,기간만료,손절,손절,손절,손절,손절,손절,손절
058610,에스피지,로봇,2020-11-18,2020-11-19,7900.0,-6.9,-1.7722,-2.5316,-3.2911,-4.8101,-4.8101,-4.8101,-4.8101,-4.8101,기간만료,기간만료,기간만료,손절,손절,손절,손절,손절
058610,에스피지,로봇,2020-12-14,2020-12-15,7760.0,4.68,-1.2887,-1.1598,-0.2577,1.8041,-0.6443,3.2216,25.0,21.7784,기간만료,기간만료,기간만료,기간만료,기간만료,기간만료,기간만료,기간만료
058610,에스피지,로봇,2020-12-21,2020-12-22,7900.0,10.83,-3.1646,-2.4051,-0.6329,1.3924,18.1013,22.7848,19.6203,26.5823,기간만료,기간만료,기간만료,기간만료,기간만료,기간만료,기간만료,기간만료
058610,에스피지,로봇,2020-12-30,2021-01-04,8520.0,15.32,9.507,13.8498,12.4413,14.3192,9.0376,7.9812,14.7887,10.3286,기간만료,기간만료,기간만료,기간만료,기간만료,기간만료,기간만료,20일선이탈
058610,에스피지,로봇,2021-01-04,2021-01-05,9330.0,22.45,3.9657,2.6795,3.9657,-2.2508,-0.7503,-2.7867,12.5402,0.7503,기간만료,기간만료,기간만료,기간만료,기간만료,기간만료,기간만료,20일선이탈
058610,에스피지,로봇,2021-01-05,2021-01-06,9700.0,25.63,-1.2371,0.0,0.4124,-5.9794,-5.9794,-5.9794,-5.9794,-5.9794,기간만료,기간만료,기간만료,손절,손절,손절,손절,손절
058610,에스피지,로봇,2021-01-25,2021-01-26,10500.0,23.52,-4.2857,-10.0952,-10.0952,-10.0952,-10.0952,-10.0952,-10.0952,-10.0952,기간만료,손절,손절,손절,손절,손절,손절,손절
058610,에스피지,로봇,2021-04-12,2021-04-13,9680.0,10.55,-2.0661,-3.4091,-3.719,-3.0992,-0.9298,10.5372,15.7025,23.9669,기간만료,기간만료,기간만료,기간만료,기간만료,기간만료,기간만료,기간만료
058610,에스피지,로봇,2021-04-22,2021-04-23,10300.0,8.62,5.8252,3.8835,8.7379,7.2816,8.7379,15.0485,2.9126,2.9126,기간만료,기간만료,기간만료,기간만료,기간만료,기간만료,기간만료,20일선이탈
058610,에스피지,로봇,2021-04-27,2021-04-28,11200.0,8.93,-3.5714,-1.3393,-4.0179,4.0179,5.8036,-1.3393,-5.3571,-5.3571,기간만료,기간만료,기간만료,기간만료,기간만료,기간만료,손절,손절
058610,에스피지,로봇,2021-05-04,2021-05-06,11650.0,-3.73,1.7167,1.7167,0.8584,-5.1502,-5.1502,-5.1502,-5.1502,-5.1502,기간만료,기간만료,기간만료,기간만료,손절,손절,손절,손절
058610,에스피지,로봇,2021-06-14,2021-06-15,12800.0,2.3,-1.9531,-2.7344,-2.3438,-4.6875,-4.6875,-4.6875,-4.6875,-4.6875,기간만료,기간만료,기간만료,손절,손절,손절,손절,손절
058610,에스피지,로봇,2021-07-14,2021-07-15,12100.0,2.07,0.8264,0.0,-2.4793,-2.0661,-0.8264,-2.4793,0.0,-2.4793,기간만료,기간만료,기간만료,기간만료,기간만료,기간만료,기간만료,20일선이탈
058610,에스피지,로봇,2021-09-13,2021-09-14,11600.0,-0.31,-0.431,-1.2931,-3.8793,-3.0172,-4.3103,-4.3103,-4.3103,-4.3103,기간만료,기간만료,기간만료,기간만료,20일선이탈,20일선이탈,20일선이탈,20일선이탈
058610,에스피지,로봇,2021-11-19,2021-11-22,10600.0,6.21,2.8302,3.3019,-0.4717,-9.434,-9.434,-9.434,-9.434,-9.434,기간만료,기간만료,기간만료,손절,손절,손절,손절,손절
058610,에스피지,로봇,2021-11-22,2021-11-23,10900.0,6.97,0.4587,-3.211,-5.5046,-5.5046,-5.5046,-5.5046,-5.5046,-5.5046,기간만료,기간만료,손절,손절,손절,손절,손절,손절
058610,에스피지,로봇,2021-12-14,2021-12-15,10600.0,9.98,0.4717,11.3208,7.0755,7.5472,7.0755,11.3208,29.717,19.8113,기간만료,기간만료,기간만료,기간만료,기간만료,기간만료,기간만료,기간만료
058610,에스피지,로봇,2021-12-16,2021-12-17,11800.0,23.87,-3.8136,-4.661,-3.3898,-3.3898,-3.3898,-3.3898,-3.3898,-3.3898,기간만료,기간만료,손절,손절,손절,손절,손절,손절
058610,에스피지,로봇,2022-01-04,2022-01-05,13400.0,71.72,0.0,2.6119,2.9851,-2.2388,-5.2239,-5.597,-5.597,-5.597,기간만료,기간만료,기간만료,기간만료,기간만료,손절,손절,손절
058610,에스피지,로봇,2022-01-05,2022-01-06,13400.0,61.56,2.6119,2.9851,1.8657,-1.4925,-2.6119,-5.597,-5.597,-5.597,기간만료,기간만료,기간만료,기간만료,기간만료,손절,손절,손절
058610,에스피지,로봇,2022-03-18,2022-03-21,13300.0,18.88,0.0,2.6316,1.8797,3.0075,2.6316,6.015,7.5188,12.406,기간만료,기간만료,기간만료,기간만료,기간만료,기간만료,기간만료,기간만료
058610,에스피지,로봇,2022-03-22,2022-03-23,13650.0,20.71,-0.7326,3.2967,0.3663,0.0,4.0293,11.7216,5.4945,10.6227,기간만료,기간만료,기간만료,기간만료,기간만료,기간만료,기간만료,기간만료
058610,에스피지,로봇,2022-03-28,2022-03-29,14000.0,20.01,-2.5,-0.7143,1.4286,10.3571,6.4286,0.7143,7.5,11.0714,기간만료,기간만료,기간만료,기간만료,기간만료,기간만료,기간만료,기간만료
058610,에스피지,로봇,2022-04-04,2022-04-05,15450.0,10.98,-1.2945,-3.5599,0.6472,-7.4434,-7.4434,-7.4434,-7.4434,-7.4434,기간만료,기간만료,기간만료,손절,손절,손절,손절,손절
058610,에스피지,로봇,2022-05-25,2022-05-26,18800.0,5.53,-6.117,-6.117,-6.117,-6.117,-6.117,-6.117,-6.117,-6.117,손절,손절,손절,손절,손절,손절,손절,손절
058610,에스피지,로봇,2022-08-01,2022-08-02,16100.0,17.04,2.4845,2.795,3.1056,5.9006,9.6273,7.1429,3.7267,-5.9006,기간만료,기간만료,기간만료,기간만료,기간만료,기간만료,기간만료,20일선이탈
058610,에스피지,로봇,2022-09-13,2022-09-14,16950.0,8.69,6.4897,21.2389,24.4838,28.3186,20.059,16.8142,11.5044,11.5044,기간만료,기간만료,기간만료,기간만료,기간만료,기간만료,20일선이탈,20일선이탈
058610,에스피지,로봇,2022-09-15,2022-09-16,20550.0,14.89,2.6764,-0.2433,5.8394,-0.9732,-5.8394,-5.8394,-5.8394,-5.8394,기간만료,기간만료,기간만료,기간만료,손절,손절,손절,손절
058610,에스피지,로봇,2022-09-20,2022-09-21,21750.0,21.14,-8.5057,-6.4368,-6.4368,-6.4368,-6.4368,-6.4368,-6.4368,-6.4368,기간만료,손절,손절,손절,손절,손절,손절,손절
058610,에스피지,로봇,2022-11-17,2022-11-18,18450.0,-8.14,0.542,-2.439,0.0,1.355,-4.065,-3.794,-3.794,-3.794,기간만료,기간만료,기간만료,기간만료,기간만료,손절,손절,손절
058610,에스피지,로봇,2023-01-03,2023-01-04,17550.0,4.74,2.2792,-2.849,4.5584,10.2564,3.7037,9.4017,9.2308,13.8462,기간만료,기간만료,기간만료,기간만료,기간만료,기간만료,기간만료,기간만료
058610,에스피지,로봇,2023-01-06,2023-01-09,18350.0,13.79,3.8147,5.4496,3.2698,1.9074,4.6322,8.9373,13.079,0.8719,기간만료,기간만료,기간만료,기간만료,기간만료,기간만료,기간만료,20일선이탈
058610,에스피지,로봇,2023-01-09,2023-01-10,19050.0,17.96,1.5748,-0.5249,-4.4619,-3.1496,0.7874,6.8241,3.4121,-2.8346,기간만료,기간만료,기간만료,기간만료,기간만료,기간만료,기간만료,20일선이탈
058610,에스피지,로봇,2023-02-27,2023-02-28,20400.0,26.8,-3.7255,-4.8039,-4.8039,-4.8039,-4.8039,-4.8039,-4.8039,-4.8039,기간만료,손절,손절,손절,손절,손절,손절,손절
058610,에스피지,로봇,2023-03-06,2023-03-07,19340.0,19.4,-2.1717,-2.1717,-2.1717,-2.1717,-2.1717,-2.1717,-2.1717,-2.1717,기간만료,20일선이탈,20일선이탈,20일선이탈,20일선이탈,20일선이탈,20일선이탈,20일선이탈
058610,에스피지,로봇,2023-03-09,2023-03-10,23850.0,24.42,-2.3061,3.3543,3.3543,3.3543,3.3543,3.3543,3.3543,3.3543,기간만료,손절,손절,손절,손절,손절,손절,손절
058610,에스피지,로봇,2023-03-10,2023-03-13,23300.0,25.74,5.794,2.5751,26.6094,33.9056,35.8369,46.7811,41.6309,45.0644,기간만료,기간만료,기간만료,기간만료,기간만료,기간만료,기간만료,기간만료
058610,에스피지,로봇,2023-03-15,2023-03-16,29500.0,27.57,-3.3898,5.7627,0.339,13.5593,15.9322,25.4237,14.0678,7.9661,기간만료,기간만료,기간만료,기간만료,기간만료,기간만료,기간만료,20일선이탈
058610,에스피지,로봇,2023-03-16,2023-03-17,28500.0,48.69,9.4737,3.8596,11.0526,21.5789,35.0877,26.6667,18.0702,11.7544,기간만료,기간만료,기간만료,기간만료,기간만료,기간만료,기간만료,20일선이탈
058610,에스피지,로봇,2023-06-02,2023-06-05,35300.0,7.19,-0.9915,-1.6997,-0.5666,-4.2493,-6.2323,-6.2323,-6.2323,-6.2323,기간만료,기간만료,기간만료,기간만료,손절,손절,손절,손절
058610,에스피지,로봇,2023-07-17,2023-07-18,30650.0,-8.85,-3.4258,1.9576,5.7096,3.752,-6.6884,-6.6884,-6.6884,-6.6884,기간만료,기간만료,기간만료,기간만료,손절,손절,손절,손절
058610,에스피지,로봇,2023-07-20,2023-07-21,32400.0,-1.78,-0.3086,-1.8519,-7.2531,-7.2531,-7.2531,-7.2531,-7.2531,-7.2531,기간만료,기간만료,손절,손절,손절,손절,손절,손절
058610,에스피지,로봇,2023-08-04,2023-08-07,34700.0,15.26,-4.0346,-4.0346,-4.0346,-4.0346,-4.0346,-4.0346,-4.0346,-4.0346,손절,손절,손절,손절,손절,손절,손절,손절
058610,에스피지,로봇,2023-08-31,2023-09-01,32900.0,20.91,0.4559,12.766,12.0061,20.9726,24.6201,16.4134,3.4954,3.4954,기간만료,기간만료,기간만료,기간만료,기간만료,기간만료,기간만료,20일선이탈
058610,에스피지,로봇,2023-09-04,2023-09-05,37100.0,14.5,-0.6739,5.1213,7.2776,10.5121,3.2345,-2.6954,-8.221,-8.221,기간만료,기간만료,기간만료,기간만료,기간만료,기간만료,손절,손절
058610,에스피지,로봇,2023-09-07,2023-09-08,39800.0,22.88,7.6633,3.0151,-3.6432,-3.7688,-3.7688,-3.7688,-3.7688,-3.7688,기간만료,기간만료,기간만료,손절,손절,손절,손절,손절
058610,에스피지,로봇,2023-09-08,2023-09-11,42850.0,30.89,-4.3174,-10.5018,-10.5018,-10.5018,-10.5018,-10.5018,-10.5018,-10.5018,기간만료,손절,손절,손절,손절,손절,손절,손절
058610,에스피지,로봇,2023-09-22,2023-09-25,39900.0,23.09,3.3835,-6.8922,0.8772,-4.01,-4.01,-4.01,-4.01,-4.01,기간만료,기간만료,기간만료,손절,손절,손절,손절,손절
058610,에스피지,로봇,2023-11-22,2023-11-23,33450.0,22.58,0.0,3.2885,-1.3453,8.9686,-0.8969,-2.6906,-3.5874,-3.5874,기간만료,기간만료,기간만료,기간만료,기간만료,기간만료,20일선이탈,20일선이탈
058610,에스피지,로봇,2023-11-28,2023-11-29,35100.0,29.87,3.8462,-2.2792,-5.5556,-7.9772,-7.9772,-7.9772,-7.9772,-7.9772,기간만료,기간만료,기간만료,손절,손절,손절,손절,손절
058610,에스피지,로봇,2023-11-30,2023-12-01,34300.0,18.9,-3.3528,-5.8309,-5.8309,-5.8309,-5.8309,-5.8309,-5.8309,-5.8309,기간만료,손절,손절,손절,손절,손절,손절,손절
058610,에스피지,로봇,2024-03-13,2024-03-14,30850.0,1.28,1.1345,-0.6483,0.4862,-1.4587,-0.9724,-4.376,-4.376,-4.376,기간만료,기간만료,기간만료,기간만료,기간만료,20일선이탈,20일선이탈,20일선이탈
058610,에스피지,로봇,2024-07-10,2024-07-11,26800.0,-8.81,2.7985,-0.3731,-0.7463,-6.1567,-5.7836,-5.7836,-5.7836,-5.7836,기간만료,기간만료,기간만료,기간만료,손절,손절,손절,손절
058610,에스피지,로봇,2024-08-22,2024-08-23,24700.0,-4.08,5.2632,3.4413,4.0486,1.2146,8.7045,-3.2389,-8.0972,-8.0972,기간만료,기간만료,기간만료,기간만료,기간만료,기간만료,손절,손절
058610,에스피지,로봇,2024-11-19,2024-11-20,22650.0,9.13,-4.415,-4.6358,-4.6358,-4.6358,-4.6358,-4.6358,-4.6358,-4.6358,기간만료,손절,손절,손절,손절,손절,손절,손절
058610,에스피지,로봇,2024-12-24,2024-12-26,21800.0,0.44,-1.3761,-3.8991,27.9817,26.1468,20.6422,24.7706,35.3211,27.2936,기간만료,기간만료,기간만료,기간만료,기간만료,기간만료,기간만료,기간만료
058610,에스피지,로봇,2024-12-30,2025-01-02,27900.0,3.09,-0.3584,-1.4337,-2.1505,-8.6022,-8.6022,-8.6022,-8.6022,-8.6022,기간만료,기간만료,기간만료,손절,손절,손절,손절,손절
058610,에스피지,로봇,2025-01-02,2025-01-03,27800.0,30.16,-1.0791,-1.7986,-5.3957,-8.2734,-8.2734,-8.2734,-8.2734,-8.2734,기간만료,기간만료,기간만료,손절,손절,손절,손절,손절
058610,에스피지,로봇,2025-01-09,2025-01-10,28100.0,49.38,-3.2028,3.0249,5.3381,3.0249,2.1352,-2.1352,21.7082,9.0747,기간만료,기간만료,기간만료,기간만료,기간만료,기간만료,기간만료,기간만료
058610,에스피지,로봇,2025-01-31,2025-02-03,30500.0,50.46,3.4426,4.918,12.1311,7.0492,2.9508,1.9672,-5.4098,-5.4098,기간만료,기간만료,기간만료,기간만료,기간만료,기간만료,손절,손절
058610,에스피지,로봇,2025-02-05,2025-02-06,34200.0,23.85,-5.2632,-5.2632,-5.2632,-5.2632,-5.2632,-5.2632,-5.2632,-5.2632,손절,손절,손절,손절,손절,손절,손절,손절
058610,에스피지,로봇,2025-04-22,2025-04-23,26350.0,6.51,0.0,-1.518,-2.277,-3.0361,-5.6926,-5.6926,-5.6926,-5.6926,기간만료,기간만료,기간만료,기간만료,손절,손절,손절,손절
058610,에스피지,로봇,2025-04-23,2025-04-24,26350.0,7.97,-1.518,-2.277,-4.5541,-5.6926,-5.6926,-5.6926,-5.6926,-5.6926,기간만료,기간만료,기간만료,손절,손절,손절,손절,손절
058610,에스피지,로봇,2025-05-15,2025-05-16,27300.0,10.03,-6.4103,-7.6923,-7.6923,-7.6923,-7.6923,-7.6923,-7.6923,-7.6923,기간만료,손절,손절,손절,손절,손절,손절,손절
058610,에스피지,로봇,2025-06-23,2025-06-24,29600.0,7.12,-1.5203,-4.5608,-4.5608,-4.5608,-4.5608,-4.5608,-4.5608,-4.5608,기간만료,손절,손절,손절,손절,손절,손절,손절
058610,에스피지,로봇,2025-06-24,2025-06-25,29150.0,8.47,-3.0875,-5.8319,-5.8319,-5.8319,-5.8319,-5.8319,-5.8319,-5.8319,기간만료,손절,손절,손절,손절,손절,손절,손절
058610,에스피지,로봇,2025-08-25,2025-08-26,25850.0,5.79,1.7408,2.5145,-2.1277,0.3868,5.2224,6.7698,12.766,6.9632,기간만료,기간만료,기간만료,기간만료,기간만료,기간만료,기간만료,기간만료
058610,에스피지,로봇,2025-09-02,2025-09-03,28400.0,13.69,-4.2254,-4.2254,-4.2254,-4.2254,-4.2254,-4.2254,-4.2254,-4.2254,손절,손절,손절,손절,손절,손절,손절,손절
058610,에스피지,로봇,2025-09-11,2025-09-12,28600.0,6.64,1.2238,1.9231,-4.3706,-3.6713,-3.6713,-3.6713,-3.6713,-3.6713,기간만료,기간만료,기간만료,손절,손절,손절,손절,손절
058610,에스피지,로봇,2025-10-10,2025-10-13,30750.0,21.78,-0.1626,-0.9756,11.3821,2.7642,8.6179,2.6016,13.9837,0.0,기간만료,기간만료,기간만료,기간만료,기간만료,기간만료,기간만료,20일선이탈
058610,에스피지,로봇,2025-10-15,2025-10-16,34250.0,36.06,-8.3212,-7.7372,-7.7372,-7.7372,-7.7372,-7.7372,-7.7372,-7.7372,기간만료,손절,손절,손절,손절,손절,손절,손절
058610,에스피지,로봇,2025-10-20,2025-10-21,33950.0,33.01,-1.62,-7.0692,-6.0383,-6.0383,-6.0383,-6.0383,-6.0383,-6.0383,기간만료,기간만료,손절,손절,손절,손절,손절,손절
058610,에스피지,로봇,2025-10-31,2025-11-03,35050.0,21.91,-0.9986,-1.5692,-2.2825,-2.2825,-2.2825,-2.2825,-2.2825,-2.2825,기간만료,기간만료,손절,손절,손절,손절,손절,손절
058610,에스피지,로봇,2025-11-03,2025-11-04,34700.0,36.84,-0.5764,-1.2968,-11.3833,-11.3833,-11.3833,-11.3833,-11.3833,-11.3833,기간만료,기간만료,손절,손절,손절,손절,손절,손절
058610,에스피지,로봇,2025-11-19,2025-11-20,37900.0,6.72,8.0475,25.4617,22.5594,16.6227,60.4222,70.7124,88.6544,82.058,기간만료,기간만료,기간만료,기간만료,기간만료,기간만료,기간만료,기간만료
058610,에스피지,로봇,2025-11-20,2025-11-21,40950.0,6.59,16.1172,13.431,17.094,26.2515,62.149,61.4164,78.5104,77.0452,기간만료,기간만료,기간만료,기간만료,기간만료,기간만료,기간만료,기간만료
058610,에스피지,로봇,2025-11-21,2025-11-24,47550.0,7.55,-2.3134,0.8412,-7.0452,-7.0452,-7.0452,-7.0452,-7.0452,-7.0452,기간만료,기간만료,손절,손절,손절,손절,손절,손절
058610,에스피지,로봇,2025-11-27,2025-11-28,51700.0,9.54,17.6015,28.4333,20.5029,27.853,40.2321,41.3926,40.2321,63.8298,기간만료,기간만료,기간만료,기간만료,기간만료,기간만료,기간만료,기간만료
058610,에스피지,로봇,2025-11-28,2025-12-01,60800.0,13.37,9.2105,2.4671,6.4145,10.6908,23.1908,22.5329,41.9408,44.5724,기간만료,기간만료,기간만료,기간만료,기간만료,기간만료,기간만료,기간만료
058610,에스피지,로봇,2025-12-19,2025-12-22,86300.0,29.68,4.2874,0.6952,0.1159,1.854,-6.3731,-6.3731,-6.3731,-6.3731,기간만료,기간만료,기간만료,기간만료,손절,손절,손절,손절
058610,에스피지,로봇,2026-01-19,2026-01-20,112900.0,26.67,-10.806,-10.806,-10.806,-10.806,-10.806,-10.806,-10.806,-10.806,손절,손절,손절,손절,손절,손절,손절,손절
058610,에스피지,로봇,2026-04-27,2026-04-28,139900.0,-0.22,-2.7162,-1.644,-1.644,-1.644,-1.644,-1.644,-1.644,-1.644,기간만료,손절,손절,손절,손절,손절,손절,손절
058610,에스피지,로봇,2026-05-08,2026-05-11,134500.0,-7.23,7.9554,1.487,1.7844,-3.6431,-3.6431,-3.6431,-3.6431,-3.6431,기간만료,기간만료,기간만료,손절,손절,손절,손절,손절
058610,에스피지,로봇,2026-05-11,2026-05-12,145200.0,-5.63,-5.9917,-5.9917,-5.9917,-5.9917,-5.9917,-5.9917,-5.9917,-5.9917,손절,손절,손절,손절,손절,손절,손절,손절
058610,에스피지,로봇,2026-07-22,2026-07-23,90300.0,4.73,-8.4164,-8.4164,-8.4164,-8.4164,-8.4164,-8.4164,-8.4164,-8.4164,손절,손절,손절,손절,손절,손절,손절,손절
108490,로보티즈,로봇,2020-04-02,2020-04-03,8450.0,-10.24,0.0,8.8757,8.7574,10.5325,6.9822,11.8343,26.6272,29.5858,기간만료,기간만료,기간만료,기간만료,기간만료,기간만료,기간만료,기간만료
108490,로보티즈,로봇,2020-04-23,2020-04-24,11000.0,36.8,-2.7273,2.2727,-0.4545,0.0,3.6364,0.0,6.8182,28.1818,기간만료,기간만료,기간만료,기간만료,기간만료,기간만료,기간만료,기간만료
108490,로보티즈,로봇,2020-05-21,2020-05-22,14000.0,28.49,-5.7143,-5.7143,-5.7143,-5.7143,-5.7143,-5.7143,-5.7143,-5.7143,손절,손절,손절,손절,손절,손절,손절,손절
108490,로보티즈,로봇,2020-07-09,2020-07-10,12500.0,-7.41,1.2,2.8,2.0,4.8,1.6,2.4,2.8,9.6,기간만료,기간만료,기간만료,기간만료,기간만료,기간만료,기간만료,기간만료
108490,로보티즈,로봇,2020-08-04,2020-08-05,13900.0,5.13,1.4388,-1.4388,1.7986,9.3525,8.6331,-0.7194,-0.7194,-0.7194,기간만료,기간만료,기간만료,기간만료,기간만료,20일선이탈,20일선이탈,20일선이탈
108490,로보티즈,로봇,2020-08-07,2020-08-10,14150.0,-0.89,7.4205,7.4205,7.7739,3.1802,-2.4735,-2.4735,-2.4735,-2.4735,기간만료,기간만료,기간만료,기간만료,20일선이탈,20일선이탈,20일선이탈,20일선이탈
108490,로보티즈,로봇,2020-08-10,2020-08-11,15200.0,4.29,0.0,0.3289,-0.6579,-9.2105,-9.2105,-9.2105,-9.2105,-9.2105,기간만료,기간만료,기간만료,손절,손절,손절,손절,손절
108490,로보티즈,로봇,2020-09-15,2020-09-16,14400.0,1.9,-3.125,-4.1667,-3.8194,-7.2917,-7.2917,-7.2917,-7.2917,-7.2917,기간만료,기간만료,기간만료,손절,손절,손절,손절,손절
108490,로보티즈,로봇,2020-12-14,2020-12-15,12850.0,4.68,-1.5564,-1.9455,-0.7782,1.9455,8.1712,5.8366,14.786,9.7276,기간만료,기간만료,기간만료,기간만료,기간만료,기간만료,기간만료,기간만료
108490,로보티즈,로봇,2020-12-23,2020-12-24,13900.0,18.67,-3.9568,-3.9568,-3.9568,-3.9568,-3.9568,-3.9568,-3.9568,-3.9568,손절,손절,손절,손절,손절,손절,손절,손절
108490,로보티즈,로봇,2021-01-25,2021-01-26,20150.0,23.52,-6.9479,-6.9479,-6.9479,-6.9479,-6.9479,-6.9479,-6.9479,-6.9479,손절,손절,손절,손절,손절,손절,손절,손절
108490,로보티즈,로봇,2021-03-19,2021-03-22,16700.0,-10.37,2.6946,-0.8982,-2.3952,-2.3952,-2.3952,-2.3952,-2.3952,-2.3952,기간만료,기간만료,기간만료,20일선이탈,20일선이탈,20일선이탈,20일선이탈,20일선이탈
108490,로보티즈,로봇,2021-04-05,2021-04-06,18200.0,2.33,-0.2747,-3.5714,0.5495,1.3736,0.0,-3.022,-3.5714,-3.5714,기간만료,기간만료,기간만료,기간만료,기간만료,기간만료,20일선이탈,20일선이탈
108490,로보티즈,로봇,2021-06-24,2021-06-25,16100.0,2.75,0.3106,0.6211,1.2422,-0.3106,-1.2422,-3.1056,-3.1056,-3.1056,기간만료,기간만료,기간만료,기간만료,기간만료,기간만료,20일선이탈,20일선이탈
108490,로보티즈,로봇,2021-09-03,2021-09-06,15200.0,-0.84,-0.9868,-2.6316,-5.2632,-5.2632,-5.2632,-5.2632,-5.2632,-5.2632,기간만료,기간만료,손절,손절,손절,손절,손절,손절
108490,로보티즈,로봇,2021-11-19,2021-11-22,13550.0,6.21,-2.214,-2.583,-0.369,-9.2251,-9.2251,-9.2251,-9.2251,-9.2251,기간만료,기간만료,기간만료,손절,손절,손절,손절,손절
108490,로보티즈,로봇,2021-12-13,2021-12-14,16100.0,10.9,-1.8634,-2.795,15.8385,10.559,15.2174,40.0621,79.1925,68.0124,기간만료,기간만료,기간만료,기간만료,기간만료,기간만료,기간만료,기간만료
108490,로보티즈,로봇,2021-12-16,2021-12-17,18650.0,23.87,2.681,-4.5576,-4.5576,-4.5576,-4.5576,-4.5576,-4.5576,-4.5576,기간만료,손절,손절,손절,손절,손절,손절,손절
108490,로보티즈,로봇,2021-12-21,2021-12-22,19500.0,18.87,-4.8718,-0.7692,7.4359,14.6154,62.5641,41.0256,40.0,18.9744,기간만료,기간만료,기간만료,기간만료,기간만료,기간만료,기간만료,20일선이탈
108490,로보티즈,로봇,2021-12-22,2021-12-23,18550.0,23.11,4.3127,12.938,21.5633,37.4663,83.2884,48.7871,43.3962,25.0674,기간만료,기간만료,기간만료,기간만료,기간만료,기간만료,기간만료,20일선이탈
108490,로보티즈,로봇,2021-12-23,2021-12-24,19350.0,26.82,8.2687,16.5375,15.5039,63.8243,49.0956,46.5116,28.9406,19.8966,기간만료,기간만료,기간만료,기간만료,기간만료,기간만료,기간만료,20일선이탈
108490,로보티즈,로봇,2021-12-27,2021-12-28,22550.0,40.18,-0.8869,13.082,40.5765,27.9379,22.3947,19.9557,2.8825,2.8825,기간만료,기간만료,기간만료,기간만료,기간만료,기간만료,20일선이탈,20일선이탈
108490,로보티즈,로봇,2022-01-04,2022-01-05,34000.0,71.72,-15.1471,-15.1471,-15.1471,-15.1471,-15.1471,-15.1471,-15.1471,-15.1471,손절,손절,손절,손절,손절,손절,손절,손절
108490,로보티즈,로봇,2022-02-04,2022-02-07,26000.0,-7.53,0.1923,2.5,3.0769,-10.9615,-10.9615,-10.9615,-10.9615,-10.9615,기간만료,기간만료,기간만료,손절,손절,손절,손절,손절
108490,로보티즈,로봇,2022-02-25,2022-02-28,26350.0,11.03,-0.9488,1.7078,0.3795,-5.6926,-6.0721,-6.0721,-6.0721,-6.0721,기간만료,기간만료,기간만료,기간만료,손절,손절,손절,손절
108490,로보티즈,로봇,2022-03-14,2022-03-15,27600.0,7.07,-0.3623,6.3406,-1.6304,2.5362,7.2464,5.0725,-1.4493,-1.4493,기간만료,기간만료,기간만료,기간만료,기간만료,기간만료,20일선이탈,20일선이탈
108490,로보티즈,로봇,2022-03-23,2022-03-24,29600.0,22.02,2.027,-0.1689,-2.027,-5.0676,-5.0676,-5.0676,-5.0676,-5.0676,기간만료,기간만료,기간만료,손절,손절,손절,손절,손절
108490,로보티즈,로봇,2022-05-24,2022-05-25,21850.0,1.12,-2.746,-4.8055,-4.8055,-4.8055,-4.8055,-4.8055,-4.8055,-4.8055,기간만료,손절,손절,손절,손절,손절,손절,손절
108490,로보티즈,로봇,2022-06-09,2022-06-10,23000.0,13.25,-1.5217,-10.4348,-10.4348,-10.4348,-10.4348,-10.4348,-10.4348,-10.4348,기간만료,손절,손절,손절,손절,손절,손절,손절
108490,로보티즈,로봇,2022-07-18,2022-07-19,19850.0,-3.54,3.0227,1.7632,3.7783,2.5189,7.8086,12.8463,13.602,10.8312,기간만료,기간만료,기간만료,기간만료,기간만료,기간만료,기간만료,기간만료
108490,로보티즈,로봇,2022-08-01,2022-08-02,22400.0,17.04,4.0179,4.0179,1.5625,0.6696,-3.3482,-1.7857,1.7857,-0.2232,기간만료,기간만료,기간만료,기간만료,기간만료,기간만료,기간만료,20일선이탈
108490,로보티즈,로봇,2022-08-02,2022-08-03,23300.0,20.4,0.0,-2.3605,-4.5064,-4.5064,-4.5064,-4.5064,-4.5064,-4.5064,기간만료,기간만료,손절,손절,손절,손절,손절,손절
108490,로보티즈,로봇,2022-08-17,2022-08-18,23300.0,17.58,4.9356,-1.2876,-5.3648,1.9313,-5.1502,-4.0773,-4.0773,-4.0773,기간만료,기간만료,기간만료,기간만료,기간만료,손절,손절,손절
108490,로보티즈,로봇,2022-08-18,2022-08-19,24450.0,19.54,-5.9305,-9.816,-9.816,-9.816,-9.816,-9.816,-9.816,-9.816,기간만료,손절,손절,손절,손절,손절,손절,손절
108490,로보티즈,로봇,2022-09-20,2022-09-21,25800.0,21.14,-0.969,2.7132,1.938,-3.6822,-9.6899,-9.6899,-9.6899,-9.6899,기간만료,기간만료,기간만료,기간만료,손절,손절,손절,손절
108490,로보티즈,로봇,2022-09-22,2022-09-23,26500.0,22.58,-0.7547,-5.4717,-5.4717,-5.4717,-5.4717,-5.4717,-5.4717,-5.4717,기간만료,손절,손절,손절,손절,손절,손절,손절
108490,로보티즈,로봇,2022-11-22,2022-11-23,27550.0,-5.23,0.1815,0.1815,-4.3557,-7.804,-7.804,-7.804,-7.804,-7.804,기간만료,기간만료,기간만료,손절,손절,손절,손절,손절
108490,로보티즈,로봇,2023-01-10,2023-01-11,25150.0,20.29,-1.3917,-3.7773,0.3976,-0.3976,7.3559,8.1511,26.839,14.9105,기간만료,기간만료,기간만료,기간만료,기간만료,기간만료,기간만료,기간만료
108490,로보티즈,로봇,2023-01-18,2023-01-19,26250.0,34.06,2.8571,4.0,12.1905,17.5238,24.5714,12.9524,11.8095,4.381,기간만료,기간만료,기간만료,기간만료,기간만료,기간만료,기간만료,20일선이탈
108490,로보티즈,로봇,2023-02-27,2023-02-28,40200.0,26.8,-3.4826,2.4876,2.4876,2.4876,2.4876,2.4876,2.4876,2.4876,기간만료,손절,손절,손절,손절,손절,손절,손절
108490,로보티즈,로봇,2023-03-17,2023-03-20,41700.0,66.88,-5.8753,-5.8753,-5.8753,-5.8753,-5.8753,-5.8753,-5.8753,-5.8753,손절,손절,손절,손절,손절,손절,손절,손절
108490,로보티즈,로봇,2023-07-17,2023-07-18,28100.0,-8.85,-1.6014,-1.6014,-1.6014,-1.6014,-1.6014,-1.6014,-1.6014,-1.6014,기간만료,20일선이탈,20일선이탈,20일선이탈,20일선이탈,20일선이탈,20일선이탈,20일선이탈
108490,로보티즈,로봇,2023-08-04,2023-08-07,28050.0,15.26,3.5651,4.8128,2.852,9.0909,-0.5348,-4.2781,-4.2781,-4.2781,기간만료,기간만료,기간만료,기간만료,기간만료,손절,손절,손절
108490,로보티즈,로봇,2023-08-11,2023-08-14,30600.0,25.84,-1.4706,-8.8235,-8.8235,-8.8235,-8.8235,-8.8235,-8.8235,-8.8235,기간만료,손절,손절,손절,손절,손절,손절,손절
108490,로보티즈,로봇,2023-09-04,2023-09-05,30350.0,14.5,2.3064,2.3064,6.2603,-2.6359,-6.5898,-6.5898,-6.5898,-6.5898,기간만료,기간만료,기간만료,기간만료,손절,손절,손절,손절
108490,로보티즈,로봇,2023-09-07,2023-09-08,32250.0,22.88,-0.9302,-8.3721,-8.3721,-8.3721,-8.3721,-8.3721,-8.3721,-8.3721,기간만료,손절,손절,손절,손절,손절,손절,손절
108490,로보티즈,로봇,2023-11-01,2023-11-02,25150.0,-14.64,1.7893,1.9881,4.3738,1.9881,-1.9881,8.3499,7.7535,6.9583,기간만료,기간만료,기간만료,기간만료,기간만료,기간만료,기간만료,기간만료
108490,로보티즈,로봇,2023-12-11,2023-12-12,28650.0,21.48,-2.7923,-1.0471,-2.9668,-1.5707,-4.712,2.4433,4.8866,4.712,기간만료,기간만료,기간만료,기간만료,기간만료,기간만료,기간만료,기간만료
108490,로보티즈,로봇,2023-12-27,2023-12-28,31050.0,3.48,-1.4493,-2.4155,-4.6699,-2.7375,-5.7971,-5.7971,-5.7971,-5.7971,기간만료,기간만료,기간만료,기간만료,손절,손절,손절,손절
108490,로보티즈,로봇,2024-01-12,2024-01-15,33150.0,15.05,-3.0166,3.3183,-5.279,-6.0332,-6.0332,-6.0332,-6.0332,-6.0332,기간만료,기간만료,기간만료,손절,손절,손절,손절,손절
108490,로보티즈,로봇,2024-01-16,2024-01-17,34250.0,16.29,-8.3212,-8.3212,-8.3212,-8.3212,-8.3212,-8.3212,-8.3212,-8.3212,손절,손절,손절,손절,손절,손절,손절,손절
108490,로보티즈,로봇,2024-02-27,2024-02-28,26700.0,-6.29,4.3071,1.8727,1.1236,1.1236,1.1236,1.1236,1.1236,1.1236,기간만료,기간만료,기간만료,20일선이탈,20일선이탈,20일선이탈,20일선이탈,20일선이탈
108490,로보티즈,로봇,2024-02-28,2024-02-29,27850.0,-3.92,-2.3339,-3.0521,-3.0521,-3.0521,-3.0521,-3.0521,-3.0521,-3.0521,기간만료,기간만료,20일선이탈,20일선이탈,20일선이탈,20일선이탈,20일선이탈,20일선이탈
108490,로보티즈,로봇,2024-06-11,2024-06-12,24000.0,-1.92,0.4167,1.6667,1.4583,-3.9583,-4.5833,-4.5833,-4.5833,-4.5833,기간만료,기간만료,기간만료,기간만료,20일선이탈,20일선이탈,20일선이탈,20일선이탈
108490,로보티즈,로봇,2024-11-19,2024-11-20,20500.0,9.13,-3.9024,4.1463,4.1463,4.1463,4.1463,4.1463,4.1463,4.1463,기간만료,손절,손절,손절,손절,손절,손절,손절
108490,로보티즈,로봇,2024-11-22,2024-11-25,20050.0,11.9,3.2419,2.7431,13.4663,11.2219,4.4888,-2.4938,-9.9751,-9.9751,기간만료,기간만료,기간만료,기간만료,기간만료,기간만료,손절,손절
108490,로보티즈,로봇,2024-12-27,2024-12-30,22250.0,-2.52,12.5843,16.1798,17.9775,13.2584,38.8764,43.1461,83.8202,81.7978,기간만료,기간만료,기간만료,기간만료,기간만료,기간만료,기간만료,기간만료
108490,로보티즈,로봇,2025-01-02,2025-01-03,25850.0,30.16,1.5474,5.2224,-2.5145,19.5358,22.0503,26.6925,44.6809,58.2205,기간만료,기간만료,기간만료,기간만료,기간만료,기간만료,기간만료,기간만료
108490,로보티즈,로봇,2025-01-06,2025-01-07,27200.0,32.96,-7.3529,-7.3529,-7.3529,-7.3529,-7.3529,-7.3529,-7.3529,-7.3529,손절,손절,손절,손절,손절,손절,손절,손절
108490,로보티즈,로봇,2025-01-09,2025-01-10,30900.0,49.38,1.7799,2.1036,3.0744,5.9871,12.6214,21.0356,32.3625,9.7087,기간만료,기간만료,기간만료,기간만료,기간만료,기간만료,기간만료,20일선이탈
108490,로보티즈,로봇,2025-01-10,2025-01-13,31450.0,47.26,0.318,1.2719,-0.318,12.7186,30.0477,17.0111,22.4165,7.7901,기간만료,기간만료,기간만료,기간만료,기간만료,기간만료,기간만료,20일선이탈
108490,로보티즈,로봇,2025-01-21,2025-01-22,40900.0,56.67,-2.5672,-8.5575,-8.5575,-8.5575,-8.5575,-8.5575,-8.5575,-8.5575,기간만료,손절,손절,손절,손절,손절,손절,손절
108490,로보티즈,로봇,2025-03-11,2025-03-12,36150.0,-14.3,4.8409,0.9682,5.2559,0.4149,-7.8838,-7.8838,-7.8838,-7.8838,기간만료,기간만료,기간만료,기간만료,손절,손절,손절,손절
108490,로보티즈,로봇,2025-03-17,2025-03-18,40500.0,-7.39,-10.3704,-13.3333,-13.3333,-13.3333,-13.3333,-13.3333,-13.3333,-13.3333,기간만료,손절,손절,손절,손절,손절,손절,손절
108490,로보티즈,로봇,2025-05-07,2025-05-08,37300.0,6.4,-0.134,-1.2064,-0.5362,43.4316,52.2788,47.7212,50.9383,79.8928,기간만료,기간만료,기간만료,기간만료,기간만료,기간만료,기간만료,기간만료
108490,로보티즈,로봇,2025-05-13,2025-05-14,39900.0,8.74,34.0852,45.8647,42.3559,54.1353,33.0827,44.6115,70.6767,54.6366,기간만료,기간만료,기간만료,기간만료,기간만료,기간만료,기간만료,기간만료
108490,로보티즈,로봇,2025-05-14,2025-05-15,53500.0,10.44,8.785,6.1682,12.8972,2.9907,-2.8037,5.2336,25.4206,0.7477,기간만료,기간만료,기간만료,기간만료,기간만료,기간만료,기간만료,기간만료
108490,로보티즈,로봇,2025-05-15,2025-05-16,58200.0,10.03,-2.4055,3.7801,5.6701,-8.7629,-8.7629,-8.7629,-8.7629,-8.7629,기간만료,기간만료,기간만료,손절,손절,손절,손절,손절
108490,로보티즈,로봇,2025-05-16,2025-05-19,56800.0,7.98,6.338,8.2746,-2.993,-6.5141,-6.5141,-6.5141,-6.5141,-6.5141,기간만료,기간만료,기간만료,손절,손절,손절,손절,손절
108490,로보티즈,로봇,2025-06-20,2025-06-23,61500.0,-9.27,37.2358,22.1138,18.5366,17.2358,14.1463,7.3171,14.6341,32.3577,기간만료,기간만료,기간만료,기간만료,기간만료,기간만료,기간만료,기간만료
108490,로보티즈,로봇,2025-06-23,2025-06-24,84400.0,7.12,-11.019,-11.019,-11.019,-11.019,-11.019,-11.019,-11.019,-11.019,손절,손절,손절,손절,손절,손절,손절,손절
108490,로보티즈,로봇,2025-07-15,2025-07-16,85100.0,8.28,5.7579,0.47,-4.3478,0.7051,-5.4054,-5.4054,-5.4054,-5.4054,기간만료,기간만료,기간만료,기간만료,손절,손절,손절,손절
108490,로보티즈,로봇,2025-08-12,2025-08-13,90900.0,-2.34,-5.8306,-5.8306,-5.8306,-5.8306,-5.8306,-5.8306,-5.8306,-5.8306,손절,손절,손절,손절,손절,손절,손절,손절
108490,로보티즈,로봇,2025-08-22,2025-08-25,86700.0,-2.82,13.4948,20.7612,12.5721,5.8824,17.6471,14.7636,19.3772,61.7979,기간만료,기간만료,기간만료,기간만료,기간만료,기간만료,기간만료,기간만료
108490,로보티즈,로봇,2025-08-25,2025-08-26,98400.0,5.79,6.4024,-0.813,-11.9919,-6.7073,-6.7073,-6.7073,-6.7073,-6.7073,기간만료,기간만료,기간만료,손절,손절,손절,손절,손절
108490,로보티즈,로봇,2025-08-26,2025-08-27,104700.0,9.06,-6.7813,-6.7813,-6.7813,-6.7813,-6.7813,-6.7813,-6.7813,-6.7813,손절,손절,손절,손절,손절,손절,손절,손절
108490,로보티즈,로봇,2025-09-02,2025-09-03,102000.0,13.69,-3.0392,-2.9412,-2.451,-3.1373,-3.1373,-3.1373,-3.1373,-3.1373,기간만료,기간만료,기간만료,손절,손절,손절,손절,손절
108490,로보티즈,로봇,2025-09-18,2025-09-22,134535.21875,19.93,4.2692,16.8596,10.275,10.6773,19.4483,37.8078,44.2002,44.2745,기간만료,기간만료,기간만료,기간만료,기간만료,기간만료,기간만료,기간만료
108490,로보티즈,로봇,2025-09-22,2025-09-23,140278.765625,30.62,12.0749,5.7599,2.0125,13.2744,16.9101,38.1535,41.8604,38.0109,기간만료,기간만료,기간만료,기간만료,기간만료,기간만료,기간만료,기간만료
108490,로보티즈,로봇,2025-10-10,2025-10-13,185400.0,21.78,4.5307,2.3193,10.5717,4.6386,0.8091,4.6926,20.0108,18.6624,기간만료,기간만료,기간만료,기간만료,기간만료,기간만료,기간만료,기간만료
108490,로보티즈,로봇,2025-12-04,2025-12-05,292000.0,22.88,-0.8562,-2.0548,-3.4247,3.9384,7.1918,-8.2192,-8.2192,-8.2192,기간만료,기간만료,기간만료,기간만료,기간만료,손절,손절,손절
108490,로보티즈,로봇,2026-01-26,2026-01-27,277000.0,34.6,4.6931,13.7184,22.9242,16.6065,9.2058,0.722,0.722,0.722,기간만료,기간만료,기간만료,기간만료,기간만료,20일선이탈,20일선이탈,20일선이탈
108490,로보티즈,로봇,2026-01-29,2026-01-30,340500.0,46.68,-2.79,-5.1395,-5.1395,-5.1395,-5.1395,-5.1395,-5.1395,-5.1395,기간만료,손절,손절,손절,손절,손절,손절,손절
108490,로보티즈,로봇,2026-04-20,2026-04-21,296000.0,-5.3,-2.7027,-3.0405,-3.0405,-3.0405,-3.0405,-3.0405,-3.0405,-3.0405,기간만료,손절,손절,손절,손절,손절,손절,손절
108490,로보티즈,로봇,2026-04-24,2026-04-27,301500.0,-8.55,14.4279,11.9403,13.7645,4.8093,4.6434,15.257,0.4975,0.4975,기간만료,기간만료,기간만료,기간만료,기간만료,기간만료,20일선이탈,20일선이탈
108490,로보티즈,로봇,2026-04-27,2026-04-28,345000.0,-0.22,-2.1739,-2.1739,-2.1739,-2.1739,-2.1739,-2.1739,-2.1739,-2.1739,손절,손절,손절,손절,손절,손절,손절,손절
108490,로보티즈,로봇,2026-05-08,2026-05-11,335500.0,-7.23,12.8167,3.5768,8.1967,-0.4471,-9.687,-9.687,-9.687,-9.687,기간만료,기간만료,기간만료,기간만료,손절,손절,손절,손절
108490,로보티즈,로봇,2026-05-11,2026-05-12,378500.0,-5.63,-8.1902,-8.1902,-8.1902,-8.1902,-8.1902,-8.1902,-8.1902,-8.1902,손절,손절,손절,손절,손절,손절,손절,손절
108490,로보티즈,로봇,2026-06-01,2026-06-02,433000.0,-11.14,-14.6651,-14.6651,-14.6651,-14.6651,-14.6651,-14.6651,-14.6651,-14.6651,손절,손절,손절,손절,손절,손절,손절,손절
348340,뉴로메카,로봇,2023-01-05,2023-01-06,8776.23046875,14.61,4.7619,7.1429,5.7823,6.1224,29.5918,39.7959,48.9796,48.6394,기간만료,기간만료,기간만료,기간만료,기간만료,기간만료,기간만료,기간만료
348340,뉴로메카,로봇,2023-01-09,2023-01-10,9403.103515625,17.96,-1.2698,4.4444,-0.9524,20.9524,20.3175,57.1429,34.6032,37.4603,기간만료,기간만료,기간만료,기간만료,기간만료,기간만료,기간만료,기간만료
348340,뉴로메카,로봇,2023-01-11,2023-01-12,9821.01953125,19.3,-5.1672,-5.1672,-5.1672,-5.1672,-5.1672,-5.1672,-5.1672,-5.1672,손절,손절,손절,손절,손절,손절,손절,손절
348340,뉴로메카,로봇,2023-01-16,2023-01-17,11373.2783203125,21.97,5.2493,-0.5249,7.874,29.9213,16.0105,11.2861,13.6483,9.7113,기간만료,기간만료,기간만료,기간만료,기간만료,기간만료,기간만료,기간만료
348340,뉴로메카,로봇,2023-01-17,2023-01-18,11970.30078125,25.62,-5.4863,2.4938,15.212,4.9875,9.2269,11.9701,8.9775,4.2394,기간만료,기간만료,기간만료,기간만료,기간만료,기간만료,기간만료,20일선이탈
348340,뉴로메카,로봇,2023-01-20,2023-01-25,13791.21875,44.12,7.1429,-8.8745,-8.8745,-8.8745,-8.8745,-8.8745,-8.8745,-8.8745,기간만료,손절,손절,손절,손절,손절,손절,손절
348340,뉴로메카,로봇,2023-02-22,2023-02-23,14328.5390625,1.19,30.2083,19.5833,40.0,28.5417,35.0,20.625,6.0417,6.0417,기간만료,기간만료,기간만료,기간만료,기간만료,기간만료,20일선이탈,20일선이탈
348340,뉴로메카,로봇,2023-02-27,2023-02-28,20059.955078125,26.8,-7.5893,-7.5893,-7.5893,-7.5893,-7.5893,-7.5893,-7.5893,-7.5893,손절,손절,손절,손절,손절,손절,손절,손절
348340,뉴로메카,로봇,2023-03-06,2023-03-07,19343.52734375,19.4,-2.6235,-2.6235,-2.6235,-2.6235,-2.6235,-2.6235,-2.6235,-2.6235,손절,손절,손절,손절,손절,손절,손절,손절
348340,뉴로메카,로봇,2023-03-16,2023-03-17,20806.232421875,48.69,17.7905,10.33,13.3429,31.9943,33.429,19.6557,20.373,5.5954,기간만료,기간만료,기간만료,기간만료,기간만료,기간만료,기간만료,20일선이탈
348340,뉴로메카,로봇,2023-03-17,2023-03-20,24507.771484375,66.88,-6.3337,-3.7759,12.7893,9.5006,3.5323,-4.5067,-1.7052,-10.3532,기간만료,기간만료,기간만료,기간만료,기간만료,기간만료,기간만료,손절
348340,뉴로메카,로봇,2023-03-20,2023-03-21,22955.513671875,67.64,2.7308,20.4161,19.6359,20.9363,14.0442,6.3719,-4.2913,-4.2913,기간만료,기간만료,기간만료,기간만료,기간만료,기간만료,기간만료,20일선이탈
348340,뉴로메카,로봇,2023-03-21,2023-03-22,23582.38671875,68.12,17.2152,16.4557,13.7975,7.5949,5.5696,5.0633,-6.8354,-6.8354,기간만료,기간만료,기간만료,기간만료,기간만료,기간만료,손절,손절
348340,뉴로메카,로봇,2023-03-23,2023-03-24,27463.033203125,70.58,-2.2826,1.087,-7.6087,-4.6739,-4.6739,-4.6739,-4.6739,-4.6739,기간만료,기간만료,기간만료,손절,손절,손절,손절,손절
348340,뉴로메카,로봇,2023-08-01,2023-08-02,21492.80859375,3.95,-5.8333,-5.8333,-5.8333,-5.8333,-5.8333,-5.8333,-5.8333,-5.8333,손절,손절,손절,손절,손절,손절,손절,손절
348340,뉴로메카,로봇,2023-08-04,2023-08-07,21731.6171875,15.26,-0.9615,1.3736,-2.6099,3.5714,-9.7527,-9.7527,-9.7527,-9.7527,기간만료,기간만료,기간만료,기간만료,손절,손절,손절,손절
348340,뉴로메카,로봇,2023-08-28,2023-08-29,21313.701171875,11.52,1.8207,1.6807,20.4482,25.6303,28.2913,17.6471,8.6835,8.6835,기간만료,기간만료,기간만료,기간만료,기간만료,기간만료,20일선이탈,20일선이탈
348340,뉴로메카,로봇,2023-08-31,2023-09-01,25671.966796875,20.91,2.5581,4.3023,0.4651,2.6744,-2.3256,-8.4884,-8.4884,-8.4884,기간만료,기간만료,기간만료,기간만료,기간만료,손절,손절,손절
348340,뉴로메카,로봇,2023-09-04,2023-09-05,26776.45703125,14.5,-3.6789,2.1182,-1.5608,-6.3545,-12.2631,-12.2631,-12.2631,-12.2631,기간만료,기간만료,기간만료,기간만료,손절,손절,손절,손절
348340,뉴로메카,로봇,2023-12-28,2024-01-02,22507.74609375,8.1,1.7241,1.9894,-0.3979,5.8356,5.5703,24.6684,12.5995,-1.8568,기간만료,기간만료,기간만료,기간만료,기간만료,기간만료,기간만료,20일선이탈
348340,뉴로메카,로봇,2024-01-02,2024-01-03,22895.810546875,4.22,0.2608,-2.086,1.6949,1.6949,1.8253,21.7731,9.3872,-3.5202,기간만료,기간만료,기간만료,기간만료,기간만료,기간만료,기간만료,20일선이탈
348340,뉴로메카,로봇,2024-01-12,2024-01-15,27403.33203125,15.05,2.3965,1.7429,-1.9608,-10.7843,-10.7843,-10.7843,-10.7843,-10.7843,기간만료,기간만료,기간만료,손절,손절,손절,손절,손절
348340,뉴로메카,로봇,2024-07-11,2024-07-12,18895.76171875,-5.67,-0.7899,0.158,-1.4218,-5.2133,-5.2133,-5.2133,-5.2133,-5.2133,기간만료,기간만료,기간만료,20일선이탈,20일선이탈,20일선이탈,20일선이탈,20일선이탈
348340,뉴로메카,로봇,2024-10-07,2024-10-08,14388.2412109375,-1.94,1.6598,-1.2448,-3.527,-3.527,-3.527,-3.527,-3.527,-3.527,기간만료,기간만료,기간만료,20일선이탈,20일선이탈,20일선이탈,20일선이탈,20일선이탈
348340,뉴로메카,로봇,2024-11-19,2024-11-20,12000.1513671875,9.13,-4.4279,-4.4279,-4.4279,-4.4279,-4.4279,-4.4279,-4.4279,-4.4279,기간만료,20일선이탈,20일선이탈,20일선이탈,20일선이탈,20일선이탈,20일선이탈,20일선이탈
348340,뉴로메카,로봇,2024-11-28,2024-11-29,15224.0732421875,16.23,2.9412,-3.5294,-3.5294,-3.5294,-3.5294,-3.5294,-3.5294,-3.5294,기간만료,손절,손절,손절,손절,손절,손절,손절
348340,뉴로메카,로봇,2024-11-29,2024-12-02,15671.83984375,18.71,-6.2857,-6.2857,-6.2857,-6.2857,-6.2857,-6.2857,-6.2857,-6.2857,손절,손절,손절,손절,손절,손절,손절,손절
348340,뉴로메카,로봇,2024-12-24,2024-12-26,16537.521484375,0.44,1.6245,2.8881,9.3863,12.9964,5.4152,8.4838,13.8989,7.5812,기간만료,기간만료,기간만료,기간만료,기간만료,기간만료,기간만료,20일선이탈
348340,뉴로메카,로봇,2024-12-26,2024-12-27,16806.181640625,-2.4,1.2433,7.6377,14.2096,11.1901,8.7034,8.881,14.3872,5.8615,기간만료,기간만료,기간만료,기간만료,기간만료,기간만료,기간만료,20일선이탈
348340,뉴로메카,로봇,2025-01-02,2025-01-03,19194.271484375,30.16,-2.6439,-2.6439,-9.1757,-9.1757,-9.1757,-9.1757,-9.1757,-9.1757,기간만료,기간만료,손절,손절,손절,손절,손절,손절
348340,뉴로메카,로봇,2025-02-05,2025-02-06,21433.107421875,23.85,-5.571,-5.571,-5.571,-5.571,-5.571,-5.571,-5.571,-5.571,손절,손절,손절,손절,손절,손절,손절,손절
348340,뉴로메카,로봇,2025-06-23,2025-06-24,15194.2216796875,7.12,0.3929,1.1788,-0.5894,-3.1434,-2.3576,-2.3576,-2.3576,-2.3576,기간만료,기간만료,기간만료,기간만료,손절,손절,손절,손절
348340,뉴로메카,로봇,2025-06-24,2025-06-25,15253.923828125,8.47,0.7828,-0.9785,-2.9354,-2.7397,-2.7397,-2.7397,-2.7397,-2.7397,기간만료,기간만료,기간만료,손절,손절,손절,손절,손절
348340,뉴로메카,로봇,2025-08-25,2025-08-26,12955.3876953125,5.79,5.9908,5.7604,1.1521,11.2903,17.7419,12.6728,25.8064,21.659,기간만료,기간만료,기간만료,기간만료,기간만료,기간만료,기간만료,기간만료
348340,뉴로메카,로봇,2025-08-26,2025-08-27,13731.5166015625,9.06,-0.2174,-4.5652,1.7391,8.4783,7.6087,6.5217,9.7826,17.3913,기간만료,기간만료,기간만료,기간만료,기간만료,기간만료,기간만료,기간만료
348340,뉴로메카,로봇,2025-09-01,2025-09-02,14418.0927734375,6.89,3.3126,5.7971,2.4845,1.2422,-1.0352,13.0435,9.3168,4.9689,기간만료,기간만료,기간만료,기간만료,기간만료,기간만료,기간만료,20일선이탈
348340,뉴로메카,로봇,2025-09-02,2025-09-03,14895.7109375,13.69,2.4048,-0.8016,-0.6012,-1.8036,-1.2024,1.2024,8.2164,1.6032,기간만료,기간만료,기간만료,기간만료,기간만료,기간만료,기간만료,20일선이탈
348340,뉴로메카,로봇,2025-09-30,2025-10-01,17253.94921875,21.56,-1.3841,-4.3253,-2.4221,-6.2284,-6.2284,-6.2284,-6.2284,-6.2284,기간만료,기간만료,기간만료,손절,손절,손절,손절,손절
348340,뉴로메카,로봇,2025-10-01,2025-10-02,17015.140625,13.95,-2.9825,-1.0526,-1.2281,-4.9123,-4.9123,-4.9123,-4.9123,-4.9123,기간만료,기간만료,기간만료,손절,손절,손절,손절,손절
348340,뉴로메카,로봇,2025-10-31,2025-11-03,19761.443359375,21.91,-0.1511,-1.3595,0.0,0.0,0.0,0.0,0.0,0.0,기간만료,기간만료,손절,손절,손절,손절,손절,손절
348340,뉴로메카,로봇,2025-11-03,2025-11-04,19731.591796875,36.84,-1.2103,0.1513,0.1513,0.1513,0.1513,0.1513,0.1513,0.1513,기간만료,손절,손절,손절,손절,손절,손절,손절
348340,뉴로메카,로봇,2025-11-28,2025-12-01,18358.44140625,13.37,-1.9512,-0.3252,3.4146,1.3008,8.6179,7.8049,-5.5285,-5.5285,기간만료,기간만료,기간만료,기간만료,기간만료,기간만료,20일선이탈,20일선이탈
348340,뉴로메카,로봇,2025-12-09,2025-12-10,19940.55078125,27.56,0.2994,-1.0479,-0.7485,-4.491,-4.491,-4.491,-4.491,-4.491,기간만료,기간만료,기간만료,손절,손절,손절,손절,손절
348340,뉴로메카,로봇,2025-12-15,2025-12-16,20985.33984375,42.75,-9.2461,-9.2461,-9.2461,-9.2461,-9.2461,-9.2461,-9.2461,-9.2461,손절,손절,손절,손절,손절,손절,손절,손절
348340,뉴로메카,로봇,2026-01-09,2026-01-12,20895.787109375,-12.97,-2.0,50.5714,48.5714,128.8571,181.7143,206.2857,152.0,162.5714,기간만료,기간만료,기간만료,기간만료,기간만료,기간만료,기간만료,기간만료
348340,뉴로메카,로봇,2026-01-13,2026-01-14,31463.083984375,-9.09,-1.3283,8.1594,51.9924,87.0968,130.9298,72.6755,67.5522,68.5009,기간만료,기간만료,기간만료,기간만료,기간만료,기간만료,기간만료,기간만료
348340,뉴로메카,로봇,2026-01-14,2026-01-15,31045.16796875,-5.78,9.6154,54.0385,79.6154,138.4616,106.1538,90.1923,70.7692,70.7692,기간만료,기간만료,기간만료,기간만료,기간만료,기간만료,기간만료,20일선이탈
348340,뉴로메카,로봇,2026-01-15,2026-01-16,34030.28125,-3.68,40.5263,63.8596,72.9824,113.5088,69.2982,65.0877,63.1579,55.7895,기간만료,기간만료,기간만료,기간만료,기간만료,기간만료,기간만료,20일선이탈
348340,뉴로메카,로봇,2026-01-16,2026-01-19,47821.5,0.68,16.6042,23.0961,54.8065,33.8327,13.608,10.1124,14.7316,10.8614,기간만료,기간만료,기간만료,기간만료,기간만료,기간만료,기간만료,20일선이탈
348340,뉴로메카,로봇,2026-01-21,2026-01-22,74030.7890625,23.93,-1.8548,-13.5484,-22.1774,-22.1774,-22.1774,-22.1774,-22.1774,-22.1774,기간만료,기간만료,손절,손절,손절,손절,손절,손절
348340,뉴로메카,로봇,2026-01-22,2026-01-23,72657.6328125,17.79,-11.9145,-20.7067,-20.7067,-20.7067,-20.7067,-20.7067,-20.7067,-20.7067,기간만료,손절,손절,손절,손절,손절,손절,손절
348340,뉴로메카,로봇,2026-04-14,2026-04-15,39582.58984375,-12.46,-0.4525,3.0166,-0.3017,5.1282,0.6033,3.6199,-3.6199,-3.6199,기간만료,기간만료,기간만료,기간만료,기간만료,기간만료,손절,손절
348340,뉴로메카,로봇,2026-04-16,2026-04-17,40776.6328125,-11.35,-3.2211,1.1713,2.0498,-2.3426,-2.0498,-2.6354,-2.6354,-2.6354,기간만료,기간만료,기간만료,기간만료,기간만료,손절,손절,손절
348340,뉴로메카,로봇,2026-05-12,2026-05-13,45433.41015625,-0.51,2.4967,-5.1248,-11.3009,-11.3009,-11.3009,-11.3009,-11.3009,-11.3009,기간만료,기간만료,손절,손절,손절,손절,손절,손절
